Fecha;Altura;Cota
01/01/2010 10:00;1,7;236,7
02/01/2010 10:00;1,66;236,66
03/01/2010 10:00;1,64;236,64
04/01/2010 10:00;1,64;236,64
05/01/2010 10:00;1,64;236,64
06/01/2010 10:00;1,6;236,6
07/01/2010 10:00;1,6;236,6
08/01/2010 10:00;1,6;236,6
09/01/2010 10:00;1,6;236,6
10/01/2010 10:00;1,54;236,54
11/01/2010 10:00;1,54;236,54
12/01/2010 10:00;1,54;236,54
13/01/2010 10:00;1,54;236,54
14/01/2010 10:00;1,54;236,54
15/01/2010 10:00;1,54;236,54
16/01/2010 10:00;1,52;236,52
17/01/2010 10:00;1,52;236,52
18/01/2010 10:00;1,52;236,52
19/01/2010 10:00;1,5;236,5
20/01/2010 10:00;1,5;236,5
21/01/2010 10:00;1,5;236,5
22/01/2010 10:00;1,5;236,5
23/01/2010 10:00;1,5;236,5
24/01/2010 10:00;1,5;236,5
25/01/2010 10:00;1,5;236,5
26/01/2010 10:00;1,5;236,5
27/01/2010 10:00;1,5;236,5
28/01/2010 10:00;1,5;236,5
29/01/2010 10:00;1,5;236,5
30/01/2010 10:00;1,5;236,5
31/01/2010 10:00;1,5;236,5
01/02/2010 10:00;1,5;236,5
02/02/2010 10:00;1,5;236,5
03/02/2010 10:00;1,5;236,5
04/02/2010 10:00;1,5;236,5
05/02/2010 10:00;1,5;236,5
06/02/2010 10:00;1,5;236,5
07/02/2010 10:00;1,5;236,5
08/02/2010 10:00;1,5;236,5
09/02/2010 10:00;1,56;236,56
10/02/2010 10:00;1,56;236,56
11/02/2010 10:00;1,56;236,56
12/02/2010 10:00;1,56;236,56
13/02/2010 10:00;1,56;236,56
14/02/2010 10:00;1,58;236,58
15/02/2010 10:00;1,58;236,58
16/02/2010 10:00;1,58;236,58
17/02/2010 10:00;1,58;236,58
18/02/2010 10:00;1,58;236,58
19/02/2010 10:00;1,58;236,58
20/02/2010 10:00;1,58;236,58
21/02/2010 10:00;1,58;236,58
22/02/2010 10:00;1,58;236,58
23/02/2010 10:00;1,58;236,58
24/02/2010 10:00;1,58;236,58
25/02/2010 10:00;1,6;236,6
26/02/2010 10:00;1,6;236,6
27/02/2010 10:00;1,6;236,6
28/02/2010 10:00;1,6;236,6
01/03/2010 10:00;1,6;236,6
02/03/2010 10:00;1,6;236,6
03/03/2010 10:00;1,6;236,6
04/03/2010 10:00;1,55;236,55
05/03/2010 10:00;1,55;236,55
06/03/2010 10:00;1,55;236,55
07/03/2010 10:00;1,55;236,55
08/03/2010 10:00;1,55;236,55
09/03/2010 10:00;1,55;236,55
10/03/2010 10:00;1,55;236,55
11/03/2010 10:00;1,55;236,55
12/03/2010 10:00;1,55;236,55
13/03/2010 10:00;1,53;236,53
14/03/2010 10:00;1,53;236,53
15/03/2010 10:00;1,55;236,55
16/03/2010 10:00;1,58;236,58
17/03/2010 10:00;1,58;236,58
18/03/2010 10:00;1,55;236,55
19/03/2010 10:00;1,6;236,6
20/03/2010 10:00;1,6;236,6
21/03/2010 10:00;1,58;236,58
22/03/2010 10:00;1,58;236,58
23/03/2010 10:00;1,58;236,58
24/03/2010 10:00;1,58;236,58
25/03/2010 10:00;1,58;236,58
26/03/2010 10:00;1,58;236,58
27/03/2010 10:00;1,58;236,58
28/03/2010 10:00;1,7;236,7
29/03/2010 10:00;1,7;236,7
30/03/2010 10:00;1,7;236,7
31/03/2010 10:00;1,7;236,7
01/04/2010 10:00;2;237
02/04/2010 10:00;2;237
03/04/2010 10:00;2;237
04/04/2010 10:00;2;237
05/04/2010 10:00;2;237
06/04/2010 10:00;2,05;237,05
07/04/2010 10:00;2,05;237,05
08/04/2010 10:00;2,05;237,05
09/04/2010 10:00;2;237
10/04/2010 10:00;2;237
11/04/2010 10:00;1,95;236,95
12/04/2010 10:00;1,95;236,95
13/04/2010 10:00;1,93;236,93
14/04/2010 10:00;1,93;236,93
15/04/2010 10:00;1,93;236,93
16/04/2010 10:00;1,93;236,93
17/04/2010 10:00;1,93;236,93
18/04/2010 10:00;1,9;236,9
19/04/2010 10:00;1,9;236,9
20/04/2010 10:00;1,9;236,9
21/04/2010 10:00;1,85;236,85
22/04/2010 10:00;1,65;236,65
23/04/2010 10:00;1,65;236,65
24/04/2010 10:00;1,65;236,65
25/04/2010 10:00;1,6;236,6
26/04/2010 10:00;1,6;236,6
27/04/2010 10:00;1,6;236,6
28/04/2010 10:00;1,67;236,67
29/04/2010 10:00;1,67;236,67
30/04/2010 10:00;1,6;236,6
01/05/2010 10:00;1,5;236,5
02/05/2010 10:00;1,5;236,5
03/05/2010 10:00;1,5;236,5
04/05/2010 10:00;1,51;236,51
05/05/2010 10:00;1,44;236,44
06/05/2010 10:00;1,44;236,44
07/05/2010 10:00;1,43;236,43
08/05/2010 10:00;1,42;236,42
09/05/2010 10:00;1,4;236,4
10/05/2010 10:00;1,27;236,27
11/05/2010 10:00;1,27;236,27
12/05/2010 10:00;1,23;236,23
13/05/2010 10:00;1,2;236,2
14/05/2010 10:00;1,2;236,2
15/05/2010 10:00;1,2;236,2
16/05/2010 10:00;1,2;236,2
17/05/2010 10:00;1,2;236,2
18/05/2010 10:00;1,2;236,2
19/05/2010 10:00;1,2;236,2
20/05/2010 10:00;1,2;236,2
21/05/2010 10:00;1,2;236,2
22/05/2010 10:00;1,2;236,2
23/05/2010 10:00;1,2;236,2
24/05/2010 10:00;1,2;236,2
25/05/2010 10:00;1,19;236,19
26/05/2010 10:00;1,2;236,2
27/05/2010 10:00;1,2;236,2
28/05/2010 10:00;1,2;236,2
29/05/2010 10:00;1,2;236,2
30/05/2010 10:00;1,2;236,2
31/05/2010 10:00;1,2;236,2
01/06/2010 10:00;1,2;236,2
02/06/2010 10:00;1,18;236,18
03/06/2010 10:00;1,14;236,14
04/06/2010 10:00;1,14;236,14
05/06/2010 10:00;1,14;236,14
06/06/2010 10:00;1,14;236,14
07/06/2010 10:00;1,12;236,12
08/06/2010 10:00;1,12;236,12
09/06/2010 10:00;1,1;236,1
10/06/2010 10:00;1,1;236,1
11/06/2010 10:00;1,1;236,1
12/06/2010 10:00;1,1;236,1
13/06/2010 10:00;1,08;236,08
14/06/2010 10:00;1,08;236,08
15/06/2010 10:00;1,11;236,11
16/06/2010 10:00;1,1;236,1
17/06/2010 10:00;1,1;236,1
18/06/2010 10:00;1,1;236,1
19/06/2010 10:00;1,1;236,1
20/06/2010 10:00;1,1;236,1
21/06/2010 10:00;1,1;236,1
22/06/2010 10:00;1,08;236,08
23/06/2010 10:00;1,08;236,08
24/06/2010 10:00;1,08;236,08
25/06/2010 10:00;1,08;236,08
26/06/2010 10:00;1,1;236,1
27/06/2010 10:00;1,1;236,1
28/06/2010 10:00;1,1;236,1
29/06/2010 10:00;1,1;236,1
30/06/2010 10:00;1,08;236,08
01/07/2010 10:00;1,1;236,1
02/07/2010 10:00;1,08;236,08
03/07/2010 10:00;1,08;236,08
04/07/2010 10:00;1,08;236,08
05/07/2010 10:00;1,08;236,08
06/07/2010 10:00;1,5;236,5
07/07/2010 10:00;1,53;236,53
08/07/2010 10:00;1,53;236,53
09/07/2010 10:00;1,53;236,53
10/07/2010 10:00;1,53;236,53
11/07/2010 10:00;1,73;236,73
12/07/2010 10:00;1,73;236,73
13/07/2010 10:00;1,73;236,73
14/07/2010 10:00;2;237
15/07/2010 10:00;2,2;237,2
16/07/2010 10:00;2,26;237,26
17/07/2010 10:00;2,28;237,28
18/07/2010 10:00;2,28;237,28
19/07/2010 10:00;2,28;237,28
20/07/2010 10:00;2,29;237,29
21/07/2010 10:00;2,28;237,28
22/07/2010 10:00;2,28;237,28
23/07/2010 10:00;2,26;237,26
24/07/2010 10:00;2,28;237,28
25/07/2010 10:00;2,28;237,28
26/07/2010 10:00;2,26;237,26
27/07/2010 10:00;2,26;237,26
28/07/2010 10:00;2,28;237,28
29/07/2010 10:00;2,3;237,3
30/07/2010 10:00;2,3;237,3
31/07/2010 10:00;2,3;237,3
01/08/2010 10:00;2,33;237,33
02/08/2010 10:00;2,33;237,33
03/08/2010 10:00;2,3;237,3
04/08/2010 10:00;2,3;237,3
05/08/2010 10:00;2,33;237,33
06/08/2010 10:00;2,33;237,33
07/08/2010 10:00;2,33;237,33
08/08/2010 10:00;2,33;237,33
09/08/2010 10:00;2,3;237,3
10/08/2010 10:00;2,3;237,3
11/08/2010 10:00;2,3;237,3
12/08/2010 10:00;2,3;237,3
13/08/2010 10:00;2,28;237,28
14/08/2010 10:00;2,2;237,2
15/08/2010 10:00;2,2;237,2
16/08/2010 10:00;2,1;237,1
17/08/2010 10:00;1,7;236,7
18/08/2010 10:00;1,7;236,7
19/08/2010 10:00;1,7;236,7
20/08/2010 10:00;1,33;236,33
21/08/2010 10:00;1,33;236,33
22/08/2010 10:00;1,33;236,33
23/08/2010 10:00;1,33;236,33
24/08/2010 10:00;1,3;236,3
25/08/2010 10:00;1,25;236,25
26/08/2010 10:00;1,25;236,25
27/08/2010 10:00;1,25;236,25
28/08/2010 10:00;1,26;236,26
29/08/2010 10:00;1,26;236,26
30/08/2010 10:00;1,29;236,29
31/08/2010 10:00;1,29;236,29
01/09/2010 10:00;1,29;236,29
02/09/2010 10:00;1,32;236,32
03/09/2010 10:00;1,37;236,37
04/09/2010 10:00;1,35;236,35
05/09/2010 10:00;1,35;236,35
06/09/2010 10:00;1,46;236,46
07/09/2010 10:00;1,4;236,4
08/09/2010 10:00;1,3;236,3
09/09/2010 10:00;1,25;236,25
10/09/2010 10:00;1,22;236,22
11/09/2010 10:00;1,26;236,26
12/09/2010 10:00;1,26;236,26
13/09/2010 10:00;1,28;236,28
14/09/2010 10:00;1,28;236,28
15/09/2010 10:00;1,14;236,14
16/09/2010 10:00;1,18;236,18
17/09/2010 10:00;1,18;236,18
18/09/2010 10:00;1,2;236,2
19/09/2010 10:00;1,28;236,28
20/09/2010 10:00;1,28;236,28
21/09/2010 10:00;1,28;236,28
22/09/2010 10:00;1,2;236,2
23/09/2010 10:00;1,18;236,18
24/09/2010 10:00;1,18;236,18
25/09/2010 10:00;1,2;236,2
26/09/2010 10:00;1,2;236,2
27/09/2010 10:00;1,3;236,3
28/09/2010 10:00;1,3;236,3
29/09/2010 10:00;1,28;236,28
30/09/2010 10:00;1,28;236,28
01/10/2010 10:00;1,3;236,3
02/10/2010 10:00;1,3;236,3
03/10/2010 10:00;1,32;236,32
04/10/2010 10:00;1,32;236,32
05/10/2010 10:00;1,3;236,3
06/10/2010 10:00;1,3;236,3
07/10/2010 10:00;1,3;236,3
08/10/2010 10:00;1,27;236,27
09/10/2010 10:00;1,27;236,27
10/10/2010 10:00;1,3;236,3
11/10/2010 10:00;1,3;236,3
12/10/2010 10:00;1,27;236,27
13/10/2010 10:00;1,27;236,27
14/10/2010 10:00;1,27;236,27
15/10/2010 10:00;1,29;236,29
16/10/2010 10:00;1,27;236,27
17/10/2010 10:00;1,32;236,32
18/10/2010 10:00;1,32;236,32
19/10/2010 10:00;1,32;236,32
20/10/2010 10:00;1,22;236,22
21/10/2010 10:00;1,22;236,22
22/10/2010 10:00;1,22;236,22
23/10/2010 10:00;1,22;236,22
24/10/2010 10:00;1,22;236,22
25/10/2010 10:00;1,22;236,22
26/10/2010 10:00;1,22;236,22
27/10/2010 10:00;1,26;236,26
28/10/2010 10:00;1,26;236,26
29/10/2010 10:00;1,26;236,26
30/10/2010 10:00;1,26;236,26
31/10/2010 10:00;1,26;236,26
01/11/2010 10:00;1,26;236,26
02/11/2010 10:00;1,26;236,26
03/11/2010 10:00;1,26;236,26
04/11/2010 10:00;1,24;236,24
05/11/2010 10:00;1,18;236,18
06/11/2010 10:00;1,18;236,18
07/11/2010 10:00;1,18;236,18
08/11/2010 10:00;1,15;236,15
09/11/2010 10:00;1,17;236,17
10/11/2010 10:00;1,17;236,17
11/11/2010 10:00;1,17;236,17
12/11/2010 10:00;1,17;236,17
13/11/2010 10:00;1,17;236,17
14/11/2010 10:00;1,17;236,17
15/11/2010 10:00;1,17;236,17
16/11/2010 10:00;1,17;236,17
17/11/2010 10:00;1,17;236,17
18/11/2010 10:00;1,16;236,16
19/11/2010 10:00;1,16;236,16
20/11/2010 10:00;1,16;236,16
21/11/2010 10:00;1,16;236,16
22/11/2010 10:00;1,15;236,15
23/11/2010 10:00;1,15;236,15
24/11/2010 10:00;1,16;236,16
25/11/2010 10:00;1,16;236,16
26/11/2010 10:00;1,16;236,16
27/11/2010 10:00;1,16;236,16
28/11/2010 10:00;1,17;236,17
29/11/2010 10:00;1,17;236,17
30/11/2010 10:00;1,17;236,17
01/12/2010 10:00;1,17;236,17
02/12/2010 10:00;1,18;236,18
03/12/2010 10:00;1,18;236,18
04/12/2010 10:00;1,18;236,18
05/12/2010 10:00;1,18;236,18
06/12/2010 10:00;1,22;236,22
07/12/2010 10:00;1,22;236,22
08/12/2010 10:00;1,22;236,22
09/12/2010 10:00;1,22;236,22
10/12/2010 10:00;1,2;236,2
11/12/2010 10:00;1,2;236,2
12/12/2010 10:00;1,2;236,2
13/12/2010 10:00;1,2;236,2
14/12/2010 10:00;1,2;236,2
15/12/2010 10:00;1,21;236,21
16/12/2010 10:00;1,21;236,21
17/12/2010 10:00;1,21;236,21
18/12/2010 10:00;1,21;236,21
19/12/2010 10:00;1,22;236,22
20/12/2010 10:00;1,22;236,22
21/12/2010 10:00;1,22;236,22
22/12/2010 10:00;1,22;236,22
23/12/2010 10:00;1,22;236,22
24/12/2010 10:00;1,22;236,22
25/12/2010 10:00;1,22;236,22
26/12/2010 10:00;1,22;236,22
27/12/2010 10:00;1,24;236,24
28/12/2010 10:00;1,24;236,24
29/12/2010 10:00;1,24;236,24
30/12/2010 10:00;1,24;236,24
31/12/2010 10:00;1,24;236,24
01/01/2011 10:00;1,28;236,28
02/01/2011 10:00;1,28;236,28
03/01/2011 10:00;1,28;236,28
04/01/2011 10:00;1,29;236,29
05/01/2011 10:00;1,29;236,29
06/01/2011 10:00;1,29;236,29
07/01/2011 10:00;1,26;236,26
08/01/2011 10:00;1,26;236,26
09/01/2011 10:00;1,28;236,28
10/01/2011 10:00;1,3;236,3
11/01/2011 10:00;1,26;236,26
12/01/2011 10:00;1,26;236,26
13/01/2011 10:00;1,25;236,25
14/01/2011 10:00;1,25;236,25
15/01/2011 10:00;1,25;236,25
16/01/2011 10:00;1,25;236,25
17/01/2011 10:00;1,25;236,25
18/01/2011 10:00;1,25;236,25
19/01/2011 10:00;1,25;236,25
20/01/2011 10:00;1,25;236,25
21/01/2011 10:00;1,25;236,25
22/01/2011 10:00;1,25;236,25
23/01/2011 10:00;1,25;236,25
24/01/2011 10:00;1,25;236,25
25/01/2011 10:00;1,25;236,25
26/01/2011 10:00;1,25;236,25
27/01/2011 10:00;1,25;236,25
28/01/2011 10:00;1,25;236,25
29/01/2011 10:00;1,25;236,25
30/01/2011 10:00;1,25;236,25
31/01/2011 10:00;1,25;236,25
01/02/2011 10:00;1,25;236,25
02/02/2011 10:00;1,25;236,25
03/02/2011 10:00;1,25;236,25
04/02/2011 10:00;1,25;236,25
05/02/2011 10:00;1,25;236,25
06/02/2011 10:00;1,24;236,24
07/02/2011 10:00;1,24;236,24
08/02/2011 10:00;1,24;236,24
09/02/2011 10:00;1,24;236,24
10/02/2011 10:00;1,24;236,24
11/02/2011 10:00;1,25;236,25
12/02/2011 10:00;1,26;236,26
13/02/2011 10:00;1,26;236,26
14/02/2011 10:00;1,25;236,25
15/02/2011 10:00;1,24;236,24
16/02/2011 10:00;1,24;236,24
17/02/2011 10:00;1,24;236,24
18/02/2011 10:00;1,24;236,24
19/02/2011 10:00;1,24;236,24
20/02/2011 10:00;1,24;236,24
21/02/2011 10:00;1,24;236,24
22/02/2011 10:00;1,24;236,24
23/02/2011 10:00;1,24;236,24
24/02/2011 10:00;1,24;236,24
25/02/2011 10:00;1,24;236,24
26/02/2011 10:00;1,24;236,24
27/02/2011 10:00;1,24;236,24
28/02/2011 10:00;1,24;236,24
01/03/2011 10:00;1,18;236,18
02/03/2011 10:00;1,17;236,17
03/03/2011 10:00;1,17;236,17
04/03/2011 10:00;1,2;236,2
05/03/2011 10:00;1,2;236,2
06/03/2011 10:00;1,2;236,2
07/03/2011 10:00;1,2;236,2
08/03/2011 10:00;1,2;236,2
09/03/2011 10:00;1,17;236,17
10/03/2011 10:00;1,17;236,17
11/03/2011 10:00;1,18;236,18
12/03/2011 10:00;1,19;236,19
13/03/2011 10:00;1,2;236,2
14/03/2011 10:00;1,2;236,2
15/03/2011 10:00;1,2;236,2
16/03/2011 10:00;1,15;236,15
17/03/2011 10:00;1,12;236,12
18/03/2011 10:00;1,1;236,1
19/03/2011 10:00;1,1;236,1
20/03/2011 10:00;1,1;236,1
21/03/2011 10:00;1,1;236,1
22/03/2011 10:00;1,1;236,1
23/03/2011 10:00;1,09;236,09
24/03/2011 10:00;1,1;236,1
25/03/2011 10:00;1,1;236,1
26/03/2011 10:00;1,1;236,1
27/03/2011 10:00;1,1;236,1
28/03/2011 10:00;1,1;236,1
29/03/2011 10:00;1,06;236,06
30/03/2011 10:00;1,05;236,05
31/03/2011 10:00;1,05;236,05
01/04/2011 10:00;1;236
02/04/2011 10:00;1;236
03/04/2011 10:00;1;236
04/04/2011 10:00;1;236
05/04/2011 10:00;1;236
06/04/2011 10:00;1,01;236,01
07/04/2011 10:00;1,02;236,02
08/04/2011 10:00;0,92;235,92
09/04/2011 10:00;0,9;235,9
10/04/2011 10:00;0,9;235,9
11/04/2011 10:00;0,9;235,9
12/04/2011 10:00;0,9;235,9
13/04/2011 10:00;0,88;235,88
14/04/2011 10:00;0,88;235,88
15/04/2011 10:00;0,88;235,88
16/04/2011 10:00;0,88;235,88
17/04/2011 10:00;0,88;235,88
18/04/2011 10:00;0,88;235,88
19/04/2011 10:00;0,88;235,88
20/04/2011 10:00;0,83;235,83
21/04/2011 10:00;0,83;235,83
22/04/2011 10:00;0,8;235,8
23/04/2011 10:00;0,8;235,8
24/04/2011 10:00;0,84;235,84
25/04/2011 10:00;0,84;235,84
26/04/2011 10:00;0,84;235,84
27/04/2011 10:00;1,32;236,32
28/04/2011 10:00;1,32;236,32
29/04/2011 10:00;1,32;236,32
30/04/2011 10:00;1,61;236,61
01/05/2011 10:00;1,6;236,6
02/05/2011 10:00;1,6;236,6
03/05/2011 10:00;1,58;236,58
04/05/2011 10:00;1,6;236,6
05/05/2011 10:00;1,6;236,6
06/05/2011 10:00;1,61;236,61
07/05/2011 10:00;1,61;236,61
08/05/2011 10:00;1,61;236,61
09/05/2011 10:00;1,6;236,6
10/05/2011 10:00;1,6;236,6
11/05/2011 10:00;1,6;236,6
12/05/2011 10:00;1,8;236,8
13/05/2011 10:00;1,8;236,8
14/05/2011 10:00;1,8;236,8
15/05/2011 10:00;1,8;236,8
16/05/2011 10:00;1,8;236,8
17/05/2011 10:00;1,8;236,8
18/05/2011 10:00;1,78;236,78
19/05/2011 10:00;1,78;236,78
20/05/2011 10:00;1,78;236,78
21/05/2011 10:00;1,74;236,74
22/05/2011 10:00;1,74;236,74
23/05/2011 10:00;1,74;236,74
24/05/2011 10:00;1,74;236,74
25/05/2011 10:00;1,7;236,7
26/05/2011 10:00;1,54;236,54
27/05/2011 10:00;1,54;236,54
28/05/2011 10:00;1,5;236,5
29/05/2011 10:00;1,48;236,48
30/05/2011 10:00;1,48;236,48
31/05/2011 10:00;1,48;236,48
01/06/2011 10:00;1,34;236,34
02/06/2011 10:00;1,34;236,34
03/06/2011 10:00;1,34;236,34
04/06/2011 10:00;1,24;236,24
05/06/2011 10:00;1,21;236,21
06/06/2011 10:00;1,21;236,21
07/06/2011 10:00;1,22;236,22
08/06/2011 10:00;1,22;236,22
09/06/2011 10:00;1,2;236,2
10/06/2011 10:00;1,2;236,2
11/06/2011 10:00;1,22;236,22
12/06/2011 10:00;1,22;236,22
13/06/2011 10:00;1,22;236,22
14/06/2011 10:00;1,22;236,22
15/06/2011 10:00;1,22;236,22
16/06/2011 10:00;1,22;236,22
17/06/2011 10:00;1,2;236,2
18/06/2011 10:00;1,2;236,2
19/06/2011 10:00;1,18;236,18
20/06/2011 10:00;1,18;236,18
21/06/2011 10:00;1,18;236,18
22/06/2011 10:00;1,2;236,2
23/06/2011 10:00;1,2;236,2
24/06/2011 10:00;1,2;236,2
25/06/2011 10:00;1,2;236,2
26/06/2011 10:00;1,2;236,2
27/06/2011 10:00;1,2;236,2
28/06/2011 10:00;1,44;236,44
29/06/2011 10:00;1,44;236,44
30/06/2011 10:00;1,44;236,44
01/07/2011 10:00;1,47;236,47
02/07/2011 10:00;1,47;236,47
03/07/2011 10:00;1,51;236,51
04/07/2011 10:00;1,51;236,51
05/07/2011 10:00;1,54;236,54
06/07/2011 10:00;1,54;236,54
07/07/2011 10:00;1,54;236,54
08/07/2011 10:00;1,54;236,54
09/07/2011 10:00;1,54;236,54
10/07/2011 10:00;1,54;236,54
11/07/2011 10:00;1,38;236,38
12/07/2011 10:00;1,22;236,22
13/07/2011 10:00;1,2;236,2
14/07/2011 10:00;1,2;236,2
15/07/2011 10:00;1,2;236,2
16/07/2011 10:00;1,18;236,18
17/07/2011 10:00;1,18;236,18
18/07/2011 10:00;1,18;236,18
19/07/2011 10:00;1,18;236,18
20/07/2011 10:00;1,18;236,18
21/07/2011 10:00;1,18;236,18
22/07/2011 10:00;1,18;236,18
23/07/2011 10:00;1,18;236,18
24/07/2011 10:00;1,18;236,18
25/07/2011 10:00;1,18;236,18
26/07/2011 10:00;1,18;236,18
27/07/2011 10:00;1,18;236,18
28/07/2011 10:00;1,18;236,18
29/07/2011 10:00;1,18;236,18
30/07/2011 10:00;1,18;236,18
31/07/2011 10:00;1,18;236,18
01/08/2011 10:00;1,18;236,18
02/08/2011 10:00;1,18;236,18
03/08/2011 10:00;1,18;236,18
04/08/2011 10:00;1,18;236,18
05/08/2011 10:00;1,18;236,18
06/08/2011 10:00;1,18;236,18
07/08/2011 10:00;1,16;236,16
08/08/2011 10:00;1,15;236,15
09/08/2011 10:00;1,18;236,18
10/08/2011 10:00;1,18;236,18
11/08/2011 10:00;1,18;236,18
12/08/2011 10:00;1,18;236,18
13/08/2011 10:00;1,18;236,18
14/08/2011 10:00;1,17;236,17
15/08/2011 10:00;1,17;236,17
16/08/2011 10:00;1,18;236,18
17/08/2011 10:00;1,18;236,18
18/08/2011 10:00;1,18;236,18
19/08/2011 10:00;1,18;236,18
20/08/2011 10:00;1,18;236,18
21/08/2011 10:00;1,18;236,18
22/08/2011 10:00;1,18;236,18
23/08/2011 10:00;1,18;236,18
24/08/2011 10:00;1,18;236,18
25/08/2011 10:00;1,18;236,18
26/08/2011 10:00;1,15;236,15
27/08/2011 10:00;1,15;236,15
28/08/2011 10:00;1,15;236,15
29/08/2011 10:00;1,1;236,1
30/08/2011 10:00;1,1;236,1
31/08/2011 10:00;1,1;236,1
01/09/2011 10:00;1,1;236,1
02/09/2011 10:00;1,1;236,1
03/09/2011 10:00;1,1;236,1
04/09/2011 10:00;1,1;236,1
05/09/2011 10:00;1,1;236,1
06/09/2011 10:00;1,1;236,1
07/09/2011 10:00;1,1;236,1
08/09/2011 10:00;1,08;236,08
09/09/2011 10:00;1,08;236,08
10/09/2011 10:00;1,07;236,07
11/09/2011 10:00;1,07;236,07
12/09/2011 10:00;1,07;236,07
13/09/2011 10:00;1,07;236,07
14/09/2011 10:00;1,08;236,08
15/09/2011 10:00;1,1;236,1
16/09/2011 10:00;1,1;236,1
17/09/2011 10:00;1,1;236,1
18/09/2011 10:00;1,1;236,1
19/09/2011 10:00;1,1;236,1
20/09/2011 10:00;1,1;236,1
21/09/2011 10:00;1,1;236,1
22/09/2011 10:00;1,14;236,14
23/09/2011 10:00;1,14;236,14
24/09/2011 10:00;1,14;236,14
25/09/2011 10:00;1,14;236,14
26/09/2011 10:00;1,14;236,14
27/09/2011 10:00;1,14;236,14
28/09/2011 10:00;1,15;236,15
29/09/2011 10:00;1,15;236,15
30/09/2011 10:00;1,17;236,17
01/10/2011 10:00;1,17;236,17
02/10/2011 10:00;1,17;236,17
03/10/2011 10:00;1,17;236,17
04/10/2011 10:00;1,17;236,17
05/10/2011 10:00;1,17;236,17
06/10/2011 10:00;1,16;236,16
07/10/2011 10:00;1,16;236,16
08/10/2011 10:00;1,18;236,18
09/10/2011 10:00;1,19;236,19
10/10/2011 10:00;1,18;236,18
11/10/2011 10:00;1,18;236,18
12/10/2011 10:00;1,21;236,21
13/10/2011 10:00;1,21;236,21
14/10/2011 10:00;1,21;236,21
15/10/2011 10:00;1,23;236,23
16/10/2011 10:00;1,25;236,25
17/10/2011 10:00;1,25;236,25
18/10/2011 10:00;1,25;236,25
19/10/2011 10:00;1,25;236,25
20/10/2011 10:00;1,27;236,27
21/10/2011 10:00;1,32;236,32
22/10/2011 10:00;1,32;236,32
23/10/2011 10:00;1,34;236,34
24/10/2011 10:00;1,34;236,34
25/10/2011 10:00;1,4;236,4
26/10/2011 10:00;1,44;236,44
27/10/2011 10:00;1,44;236,44
28/10/2011 10:00;1,44;236,44
29/10/2011 10:00;1,44;236,44
30/10/2011 10:00;1,44;236,44
31/10/2011 10:00;1,44;236,44
01/11/2011 10:00;1,38;236,38
02/11/2011 10:00;1,4;236,4
03/11/2011 10:00;1,4;236,4
04/11/2011 10:00;1,38;236,38
05/11/2011 10:00;1,4;236,4
06/11/2011 10:00;1,46;236,46
07/11/2011 10:00;1,46;236,46
08/11/2011 10:00;1,46;236,46
09/11/2011 10:00;1,44;236,44
10/11/2011 10:00;1,44;236,44
11/11/2011 10:00;1,44;236,44
12/11/2011 10:00;1,44;236,44
13/11/2011 10:00;1,44;236,44
14/11/2011 10:00;1,42;236,42
15/11/2011 10:00;1,42;236,42
16/11/2011 10:00;1,3;236,3
17/11/2011 10:00;1,3;236,3
18/11/2011 10:00;1,22;236,22
19/11/2011 10:00;1,22;236,22
20/11/2011 10:00;1,2;236,2
21/11/2011 10:00;1,2;236,2
22/11/2011 10:00;1,2;236,2
23/11/2011 10:00;1,19;236,19
24/11/2011 10:00;1,19;236,19
25/11/2011 10:00;1,19;236,19
26/11/2011 10:00;1,2;236,2
27/11/2011 10:00;1,2;236,2
28/11/2011 10:00;1,36;236,36
29/11/2011 10:00;1,46;236,46
30/11/2011 10:00;1,46;236,46
01/12/2011 10:00;1,44;236,44
02/12/2011 10:00;1,44;236,44
03/12/2011 10:00;1,44;236,44
04/12/2011 10:00;1,44;236,44
05/12/2011 10:00;1,44;236,44
06/12/2011 10:00;1,44;236,44
07/12/2011 10:00;1,44;236,44
08/12/2011 10:00;1,44;236,44
09/12/2011 10:00;1,44;236,44
10/12/2011 10:00;1,46;236,46
11/12/2011 10:00;1,46;236,46
12/12/2011 10:00;1,47;236,47
13/12/2011 10:00;1,47;236,47
14/12/2011 10:00;1,48;236,48
15/12/2011 10:00;1,53;236,53
16/12/2011 10:00;1,58;236,58
17/12/2011 10:00;1,58;236,58
18/12/2011 10:00;1,58;236,58
19/12/2011 10:00;1,58;236,58
20/12/2011 10:00;1,57;236,57
21/12/2011 10:00;1,57;236,57
22/12/2011 10:00;1,57;236,57
23/12/2011 10:00;1,57;236,57
24/12/2011 10:00;1,57;236,57
25/12/2011 10:00;1,57;236,57
26/12/2011 10:00;1,57;236,57
27/12/2011 10:00;1,57;236,57
28/12/2011 10:00;1,57;236,57
29/12/2011 10:00;1,57;236,57
30/12/2011 10:00;1,57;236,57
31/12/2011 10:00;1,57;236,57
01/01/2012 10:00;1,56;236,56
02/01/2012 10:00;1,57;236,57
03/01/2012 10:00;1,57;236,57
04/01/2012 10:00;1,58;236,58
05/01/2012 10:00;1,58;236,58
06/01/2012 10:00;1,57;236,57
07/01/2012 10:00;1,54;236,54
08/01/2012 10:00;1,52;236,52
09/01/2012 10:00;1,52;236,52
10/01/2012 10:00;1,52;236,52
11/01/2012 10:00;1,52;236,52
12/01/2012 10:00;1,46;236,46
13/01/2012 10:00;1,45;236,45
14/01/2012 10:00;1,45;236,45
15/01/2012 10:00;1,46;236,46
16/01/2012 10:00;1,46;236,46
17/01/2012 10:00;1,46;236,46
18/01/2012 10:00;1,47;236,47
19/01/2012 10:00;1,47;236,47
20/01/2012 10:00;1,44;236,44
21/01/2012 10:00;1,57;236,57
22/01/2012 10:00;1,57;236,57
23/01/2012 10:00;1,57;236,57
24/01/2012 10:00;1,6;236,6
25/01/2012 10:00;1,6;236,6
26/01/2012 10:00;1,55;236,55
27/01/2012 10:00;1,54;236,54
28/01/2012 10:00;1,54;236,54
29/01/2012 10:00;1,54;236,54
30/01/2012 10:00;1,53;236,53
31/01/2012 10:00;1,5;236,5
01/02/2012 10:00;1,47;236,47
02/02/2012 10:00;1,34;236,34
03/02/2012 10:00;1,34;236,34
04/02/2012 10:00;1,34;236,34
05/02/2012 10:00;1,34;236,34
06/02/2012 10:00;1,35;236,35
07/02/2012 10:00;1,35;236,35
08/02/2012 10:00;1,33;236,33
09/02/2012 10:00;1,32;236,32
10/02/2012 10:00;1,32;236,32
11/02/2012 10:00;1,32;236,32
12/02/2012 10:00;1,34;236,34
13/02/2012 10:00;1,34;236,34
14/02/2012 10:00;1,34;236,34
15/02/2012 10:00;1,36;236,36
16/02/2012 10:00;1,36;236,36
17/02/2012 10:00;1,36;236,36
18/02/2012 10:00;1,38;236,38
19/02/2012 10:00;1,4;236,4
20/02/2012 10:00;1,4;236,4
21/02/2012 10:00;1,38;236,38
22/02/2012 10:00;1,38;236,38
23/02/2012 10:00;1,4;236,4
24/02/2012 10:00;1,4;236,4
25/02/2012 10:00;1,39;236,39
26/02/2012 10:00;1,39;236,39
27/02/2012 10:00;1,38;236,38
28/02/2012 10:00;1,38;236,38
29/02/2012 10:00;1,38;236,38
01/03/2012 10:00;1,38;236,38
02/03/2012 10:00;1,4;236,4
03/03/2012 10:00;1,4;236,4
04/03/2012 10:00;1,41;236,41
05/03/2012 10:00;1,39;236,39
06/03/2012 10:00;1,38;236,38
07/03/2012 10:00;1,37;236,37
08/03/2012 10:00;1,4;236,4
09/03/2012 10:00;1,44;236,44
10/03/2012 10:00;1,44;236,44
11/03/2012 10:00;1,38;236,38
12/03/2012 10:00;1,4;236,4
13/03/2012 10:00;1,4;236,4
14/03/2012 10:00;1,37;236,37
15/03/2012 10:00;1,37;236,37
16/03/2012 10:00;1,37;236,37
17/03/2012 10:00;1,38;236,38
18/03/2012 10:00;1,38;236,38
19/03/2012 10:00;1,4;236,4
20/03/2012 10:00;1,4;236,4
21/03/2012 10:00;1,39;236,39
22/03/2012 10:00;1,39;236,39
23/03/2012 10:00;1,39;236,39
24/03/2012 10:00;1,65;236,65
25/03/2012 10:00;1,65;236,65
26/03/2012 10:00;1,7;236,7
27/03/2012 10:00;1,84;236,84
28/03/2012 10:00;1,85;236,85
29/03/2012 10:00;1,84;236,84
30/03/2012 10:00;1,84;236,84
31/03/2012 10:00;1,84;236,84
01/04/2012 10:00;1,89;236,89
02/04/2012 10:00;1,85;236,85
03/04/2012 10:00;1,87;236,87
04/04/2012 10:00;1,87;236,87
05/04/2012 10:00;1,86;236,86
06/04/2012 10:00;1,86;236,86
07/04/2012 10:00;1,86;236,86
08/04/2012 10:00;1,85;236,85
09/04/2012 10:00;1,84;236,84
10/04/2012 10:00;1,84;236,84
11/04/2012 10:00;1,83;236,83
12/04/2012 10:00;1,83;236,83
13/04/2012 10:00;1,82;236,82
14/04/2012 10:00;1,82;236,82
15/04/2012 10:00;1,82;236,82
16/04/2012 10:00;1,82;236,82
17/04/2012 10:00;1,83;236,83
18/04/2012 10:00;1,83;236,83
19/04/2012 10:00;1,84;236,84
20/04/2012 10:00;1,84;236,84
21/04/2012 10:00;1,87;236,87
22/04/2012 10:00;1,87;236,87
23/04/2012 10:00;1,87;236,87
24/04/2012 10:00;1,87;236,87
25/04/2012 10:00;1,87;236,87
26/04/2012 10:00;1,87;236,87
27/04/2012 10:00;1,87;236,87
28/04/2012 10:00;1,86;236,86
29/04/2012 10:00;1,87;236,87
30/04/2012 10:00;1,86;236,86
01/05/2012 10:00;1,88;236,88
02/05/2012 10:00;1,88;236,88
03/05/2012 10:00;2,02;237,02
04/05/2012 10:00;2,04;237,04
05/05/2012 10:00;2;237
06/05/2012 10:00;1,5;236,5
07/05/2012 10:00;1,35;236,35
08/05/2012 10:00;1,27;236,27
09/05/2012 10:00;1,26;236,26
10/05/2012 10:00;1,26;236,26
11/05/2012 10:00;1,3;236,3
12/05/2012 10:00;1,34;236,34
13/05/2012 10:00;1,34;236,34
14/05/2012 10:00;1,34;236,34
15/05/2012 10:00;1,34;236,34
16/05/2012 10:00;1,35;236,35
17/05/2012 10:00;1,35;236,35
18/05/2012 10:00;1,35;236,35
19/05/2012 10:00;1,35;236,35
20/05/2012 10:00;1,24;236,24
21/05/2012 10:00;1,24;236,24
22/05/2012 10:00;1,24;236,24
23/05/2012 10:00;1,24;236,24
24/05/2012 10:00;1,24;236,24
25/05/2012 10:00;1,23;236,23
26/05/2012 10:00;1,23;236,23
27/05/2012 10:00;1,24;236,24
28/05/2012 10:00;1,24;236,24
29/05/2012 10:00;1,24;236,24
30/05/2012 10:00;1,42;236,42
31/05/2012 10:00;1,42;236,42
01/06/2012 10:00;1,44;236,44
02/06/2012 10:00;1,48;236,48
03/06/2012 10:00;1,52;236,52
04/06/2012 10:00;2,07;237,07
05/06/2012 10:00;2,3;237,3
06/06/2012 10:00;2,64;237,64
07/06/2012 10:00;2,56;237,56
08/06/2012 10:00;2,56;237,56
09/06/2012 10:00;2,56;237,56
10/06/2012 10:00;2,4;237,4
11/06/2012 10:00;2,32;237,32
12/06/2012 10:00;2,27;237,27
13/06/2012 10:00;2,32;237,32
14/06/2012 10:00;2,37;237,37
15/06/2012 10:00;2,39;237,39
16/06/2012 10:00;2,4;237,4
17/06/2012 10:00;2,43;237,43
18/06/2012 10:00;2,5;237,5
19/06/2012 10:00;2,5;237,5
20/06/2012 10:00;2,48;237,48
21/06/2012 10:00;2,48;237,48
22/06/2012 10:00;2,54;237,54
23/06/2012 10:00;2,8;237,8
24/06/2012 10:00;2,85;237,85
25/06/2012 10:00;2,94;237,94
26/06/2012 10:00;2,94;237,94
27/06/2012 10:00;2,96;237,96
28/06/2012 10:00;3;238
29/06/2012 10:00;2,86;237,86
30/06/2012 10:00;2,86;237,86
01/07/2012 10:00;2,8;237,8
02/07/2012 10:00;2,9;237,9
03/07/2012 10:00;3,15;238,15
04/07/2012 10:00;3,22;238,22
05/07/2012 10:00;3,22;238,22
06/07/2012 10:00;3,22;238,22
07/07/2012 10:00;3,2;238,2
08/07/2012 10:00;3,2;238,2
09/07/2012 10:00;3,11;238,11
10/07/2012 10:00;3,07;238,07
11/07/2012 10:00;3,11;238,11
12/07/2012 10:00;3,07;238,07
13/07/2012 10:00;3,05;238,05
14/07/2012 10:00;3;238
15/07/2012 10:00;2,6;237,6
16/07/2012 10:00;2,59;237,59
17/07/2012 10:00;2,59;237,59
18/07/2012 10:00;2,61;237,61
19/07/2012 10:00;2,61;237,61
20/07/2012 10:00;2,5;237,5
21/07/2012 10:00;2,5;237,5
22/07/2012 10:00;2,48;237,48
23/07/2012 10:00;2,48;237,48
24/07/2012 10:00;2,48;237,48
25/07/2012 10:00;2,4;237,4
26/07/2012 10:00;2,4;237,4
27/07/2012 10:00;2,36;237,36
28/07/2012 10:00;2,37;237,37
29/07/2012 10:00;2,36;237,36
30/07/2012 10:00;2,3;237,3
31/07/2012 10:00;2,3;237,3
01/08/2012 10:00;2,3;237,3
02/08/2012 10:00;2,37;237,37
03/08/2012 10:00;2,39;237,39
04/08/2012 10:00;2,38;237,38
05/08/2012 10:00;2,35;237,35
06/08/2012 10:00;2,35;237,35
07/08/2012 10:00;2,3;237,3
08/08/2012 10:00;2,2;237,2
09/08/2012 10:00;2,19;237,19
10/08/2012 10:00;2,25;237,25
11/08/2012 10:00;2,25;237,25
12/08/2012 10:00;2,24;237,24
13/08/2012 10:00;2,24;237,24
14/08/2012 10:00;2,25;237,25
15/08/2012 10:00;2,25;237,25
16/08/2012 10:00;2,24;237,24
17/08/2012 10:00;1,96;236,96
18/08/2012 10:00;1,8;236,8
19/08/2012 10:00;1,6;236,6
20/08/2012 10:00;1,44;236,44
21/08/2012 10:00;1,44;236,44
22/08/2012 10:00;1,42;236,42
23/08/2012 10:00;1,4;236,4
24/08/2012 10:00;1,3;236,3
25/08/2012 10:00;1,27;236,27
26/08/2012 10:00;1,24;236,24
27/08/2012 10:00;1,24;236,24
28/08/2012 10:00;1,27;236,27
29/08/2012 10:00;1,24;236,24
30/08/2012 10:00;1,15;236,15
31/08/2012 10:00;1,14;236,14
01/09/2012 10:00;1,1;236,1
02/09/2012 10:00;1,1;236,1
03/09/2012 10:00;1,1;236,1
04/09/2012 10:00;1,12;236,12
05/09/2012 10:00;1,1;236,1
06/09/2012 10:00;1,1;236,1
07/09/2012 10:00;1,1;236,1
08/09/2012 10:00;1,1;236,1
09/09/2012 10:00;1,1;236,1
10/09/2012 10:00;1,1;236,1
11/09/2012 10:00;1,06;236,06
12/09/2012 10:00;1,06;236,06
13/09/2012 10:00;1,06;236,06
14/09/2012 10:00;1,04;236,04
15/09/2012 10:00;1,04;236,04
16/09/2012 10:00;1,04;236,04
17/09/2012 10:00;1,04;236,04
18/09/2012 10:00;1,04;236,04
19/09/2012 10:00;1;236
20/09/2012 10:00;1;236
21/09/2012 10:00;1;236
22/09/2012 10:00;0,99;235,99
23/09/2012 10:00;0,94;235,94
24/09/2012 10:00;0,94;235,94
25/09/2012 10:00;0,94;235,94
26/09/2012 10:00;0,94;235,94
27/09/2012 10:00;0,94;235,94
28/09/2012 10:00;0,94;235,94
29/09/2012 10:00;0,94;235,94
30/09/2012 10:00;0,94;235,94
01/10/2012 10:00;0,94;235,94
02/10/2012 10:00;0,93;235,93
03/10/2012 10:00;0,94;235,94
04/10/2012 10:00;0,93;235,93
05/10/2012 10:00;0,93;235,93
06/10/2012 10:00;0,93;235,93
07/10/2012 10:00;0,92;235,92
08/10/2012 10:00;0,93;235,93
09/10/2012 10:00;0,92;235,92
10/10/2012 10:00;0,9;235,9
11/10/2012 10:00;0,9;235,9
12/10/2012 10:00;0,9;235,9
13/10/2012 10:00;0,93;235,93
14/10/2012 10:00;0,99;235,99
15/10/2012 10:00;1,08;236,08
16/10/2012 10:00;1,04;236,04
17/10/2012 10:00;1,04;236,04
18/10/2012 10:00;1;236
19/10/2012 10:00;1;236
20/10/2012 10:00;0,99;235,99
21/10/2012 10:00;0,99;235,99
22/10/2012 10:00;1;236
23/10/2012 10:00;0,98;235,98
24/10/2012 10:00;0,98;235,98
25/10/2012 10:00;0,98;235,98
26/10/2012 10:00;0,96;235,96
27/10/2012 10:00;0,96;235,96
28/10/2012 10:00;0,93;235,93
29/10/2012 10:00;0,93;235,93
30/10/2012 10:00;0,93;235,93
31/10/2012 10:00;0,9;235,9
01/11/2012 10:00;0,91;235,91
02/11/2012 10:00;0,91;235,91
03/11/2012 10:00;0,91;235,91
04/11/2012 10:00;0,88;235,88
05/11/2012 10:00;0,88;235,88
06/11/2012 10:00;0,9;235,9
07/11/2012 10:00;0,9;235,9
08/11/2012 10:00;0,9;235,9
09/11/2012 10:00;1,26;236,26
10/11/2012 10:00;1,26;236,26
11/11/2012 10:00;1;236
12/11/2012 10:00;0,96;235,96
13/11/2012 10:00;0,89;235,89
14/11/2012 10:00;0,9;235,9
15/11/2012 10:00;0,9;235,9
16/11/2012 10:00;0,92;235,92
17/11/2012 10:00;1,02;236,02
18/11/2012 10:00;0,99;235,99
19/11/2012 10:00;1;236
20/11/2012 10:00;1;236
21/11/2012 10:00;1;236
22/11/2012 10:00;1;236
23/11/2012 10:00;1;236
24/11/2012 10:00;1;236
25/11/2012 10:00;1;236
26/11/2012 10:00;0,94;235,94
27/11/2012 10:00;0,93;235,93
28/11/2012 10:00;0,93;235,93
29/11/2012 10:00;0,92;235,92
30/11/2012 10:00;0,92;235,92
01/12/2012 12:00;0,93;235,93
02/12/2012 12:00;0,92;235,92
03/12/2012 12:00;0,9;235,9
04/12/2012 12:00;0,92;235,92
05/12/2012 12:00;0,94;235,94
06/12/2012 12:00;0,93;235,93
07/12/2012 12:00;0,93;235,93
08/12/2012 12:00;0,93;235,93
09/12/2012 12:00;0,92;235,92
10/12/2012 12:00;0,92;235,92
11/12/2012 12:00;0,89;235,89
12/12/2012 12:00;0,89;235,89
13/12/2012 12:00;0,89;235,89
14/12/2012 12:00;0,89;235,89
15/12/2012 12:00;0,89;235,89
16/12/2012 12:00;0,89;235,89
17/12/2012 12:00;0,89;235,89
18/12/2012 12:00;0,9;235,9
19/12/2012 12:00;0,9;235,9
20/12/2012 12:00;1;236
21/12/2012 12:00;1;236
22/12/2012 12:00;1;236
23/12/2012 12:00;0,93;235,93
24/12/2012 12:00;0,92;235,92
25/12/2012 12:00;0,92;235,92
26/12/2012 12:00;0,93;235,93
27/12/2012 12:00;0,92;235,92
28/12/2012 12:00;0,92;235,92
29/12/2012 12:00;0,92;235,92
30/12/2012 12:00;0,92;235,92
31/12/2012 12:00;0,92;235,92
01/01/2013 10:00;0,95;235,95
02/01/2013 10:00;0,95;235,95
03/01/2013 10:00;0,95;235,95
04/01/2013 10:00;0,95;235,95
05/01/2013 10:00;0,95;235,95
06/01/2013 10:00;0,95;235,95
07/01/2013 10:00;0,95;235,95
08/01/2013 10:00;0,95;235,95
09/01/2013 10:00;0,95;235,95
10/01/2013 10:00;0,97;235,97
11/01/2013 10:00;0,97;235,97
12/01/2013 10:00;0,97;235,97
13/01/2013 10:00;0,98;235,98
14/01/2013 10:00;1,05;236,05
15/01/2013 10:00;1,04;236,04
16/01/2013 10:00;1,04;236,04
17/01/2013 10:00;1,04;236,04
18/01/2013 10:00;1,02;236,02
19/01/2013 10:00;1,02;236,02
20/01/2013 10:00;1,02;236,02
21/01/2013 10:00;1,02;236,02
22/01/2013 10:00;1,02;236,02
23/01/2013 10:00;1,02;236,02
24/01/2013 10:00;1,02;236,02
25/01/2013 10:00;1,02;236,02
26/01/2013 10:00;1,02;236,02
27/01/2013 10:00;1,02;236,02
28/01/2013 10:00;1,02;236,02
29/01/2013 10:00;1;236
30/01/2013 10:00;1;236
31/01/2013 10:00;1;236
01/02/2013 10:00;1;236
02/02/2013 10:00;1;236
03/02/2013 10:00;1;236
04/02/2013 10:00;1;236
05/02/2013 10:00;0,97;235,97
06/02/2013 10:00;0,97;235,97
07/02/2013 10:00;0,98;235,98
08/02/2013 10:00;0,98;235,98
09/02/2013 10:00;1,02;236,02
10/02/2013 10:00;1,02;236,02
11/02/2013 10:00;1,02;236,02
12/02/2013 10:00;1,01;236,01
13/02/2013 10:00;1,01;236,01
14/02/2013 10:00;1,01;236,01
15/02/2013 10:00;1,02;236,02
16/02/2013 10:00;1,02;236,02
17/02/2013 10:00;1,03;236,03
18/02/2013 10:00;1,03;236,03
19/02/2013 10:00;1,02;236,02
20/02/2013 10:00;1,02;236,02
21/02/2013 10:00;1,02;236,02
22/02/2013 10:00;1,02;236,02
23/02/2013 10:00;1,01;236,01
24/02/2013 10:00;1,01;236,01
25/02/2013 10:00;1,01;236,01
26/02/2013 10:00;1;236
27/02/2013 10:00;0,9;235,9
28/02/2013 10:00;0,89;235,89
01/03/2013 10:00;0,93;235,93
02/03/2013 10:00;0,93;235,93
03/03/2013 10:00;0,93;235,93
04/03/2013 10:00;0,93;235,93
05/03/2013 10:00;0,93;235,93
06/03/2013 10:00;0,93;235,93
07/03/2013 10:00;0,93;235,93
08/03/2013 10:00;0,93;235,93
09/03/2013 10:00;0,93;235,93
10/03/2013 10:00;0,93;235,93
11/03/2013 10:00;0,94;235,94
12/03/2013 10:00;0,93;235,93
13/03/2013 10:00;0,93;235,93
14/03/2013 10:00;0,94;235,94
15/03/2013 10:00;0,94;235,94
16/03/2013 10:00;1;236
17/03/2013 10:00;1;236
18/03/2013 10:00;1;236
19/03/2013 10:00;0,94;235,94
20/03/2013 10:00;0,94;235,94
21/03/2013 10:00;0,94;235,94
22/03/2013 10:00;0,94;235,94
23/03/2013 10:00;0,93;235,93
24/03/2013 10:00;0,93;235,93
25/03/2013 10:00;0,9;235,9
26/03/2013 10:00;0,9;235,9
27/03/2013 10:00;0,87;235,87
28/03/2013 10:00;0,87;235,87
29/03/2013 10:00;0,87;235,87
30/03/2013 10:00;0,87;235,87
31/03/2013 10:00;0,87;235,87
01/04/2013 10:00;0,87;235,87
02/04/2013 10:00;0,97;235,97
03/04/2013 10:00;0,97;235,97
04/04/2013 10:00;0,97;235,97
05/04/2013 10:00;0,97;235,97
06/04/2013 10:00;0,96;235,96
07/04/2013 10:00;0,97;235,97
08/04/2013 10:00;0,96;235,96
09/04/2013 10:00;0,96;235,96
10/04/2013 10:00;0,96;235,96
11/04/2013 10:00;0,96;235,96
12/04/2013 10:00;0,96;235,96
13/04/2013 10:00;0,96;235,96
14/04/2013 10:00;0,96;235,96
15/04/2013 10:00;0,96;235,96
16/04/2013 10:00;0,94;235,94
17/04/2013 10:00;0,94;235,94
18/04/2013 10:00;0,94;235,94
19/04/2013 10:00;0,94;235,94
20/04/2013 10:00;0,95;235,95
21/04/2013 10:00;0,95;235,95
22/04/2013 10:00;0,95;235,95
23/04/2013 10:00;0,95;235,95
24/04/2013 10:00;0,95;235,95
25/04/2013 10:00;0,95;235,95
26/04/2013 10:00;0,95;235,95
27/04/2013 10:00;0,95;235,95
28/04/2013 10:00;0,95;235,95
29/04/2013 10:00;0,95;235,95
30/04/2013 10:00;0,95;235,95
01/05/2013 10:00;1,07;236,07
02/05/2013 10:00;1,07;236,07
03/05/2013 10:00;1,07;236,07
04/05/2013 10:00;1,08;236,08
05/05/2013 10:00;1,07;236,07
06/05/2013 10:00;1,07;236,07
07/05/2013 10:00;1,05;236,05
08/05/2013 10:00;1,05;236,05
09/05/2013 10:00;1,05;236,05
10/05/2013 10:00;1,05;236,05
11/05/2013 10:00;1,04;236,04
12/05/2013 10:00;1;236
13/05/2013 10:00;0,91;235,91
14/05/2013 10:00;0,91;235,91
15/05/2013 10:00;0,93;235,93
16/05/2013 10:00;0,93;235,93
17/05/2013 10:00;0,93;235,93
18/05/2013 10:00;0,93;235,93
19/05/2013 10:00;0,96;235,96
20/05/2013 10:00;0,97;235,97
21/05/2013 10:00;0,97;235,97
22/05/2013 10:00;0,96;235,96
23/05/2013 10:00;0,96;235,96
24/05/2013 10:00;0,96;235,96
25/05/2013 10:00;0,96;235,96
26/05/2013 10:00;0,97;235,97
27/05/2013 10:00;0,97;235,97
28/05/2013 10:00;0,97;235,97
29/05/2013 10:00;0,96;235,96
30/05/2013 10:00;0,96;235,96
31/05/2013 10:00;0,96;235,96
01/06/2013 10:00;0,96;235,96
02/06/2013 10:00;0,96;235,96
03/06/2013 10:00;0,96;235,96
04/06/2013 10:00;0,96;235,96
05/06/2013 10:00;0,96;235,96
06/06/2013 10:00;0,96;235,96
07/06/2013 10:00;0,96;235,96
08/06/2013 10:00;0,96;235,96
09/06/2013 10:00;0,96;235,96
10/06/2013 10:00;0,96;235,96
11/06/2013 10:00;0,97;235,97
12/06/2013 10:00;0,97;235,97
13/06/2013 10:00;0,97;235,97
14/06/2013 10:00;0,96;235,96
15/06/2013 10:00;0,97;235,97
16/06/2013 10:00;0,97;235,97
17/06/2013 10:00;0,97;235,97
18/06/2013 10:00;0,97;235,97
19/06/2013 10:00;0,98;235,98
20/06/2013 10:00;0,98;235,98
21/06/2013 10:00;0,98;235,98
22/06/2013 10:00;0,98;235,98
23/06/2013 10:00;0,99;235,99
24/06/2013 10:00;0,99;235,99
25/06/2013 10:00;0,99;235,99
26/06/2013 10:00;0,98;235,98
27/06/2013 10:00;0,99;235,99
28/06/2013 10:00;0,99;235,99
29/06/2013 10:00;0,99;235,99
30/06/2013 10:00;0,99;235,99
01/07/2013 10:00;0,97;235,97
02/07/2013 10:00;0,96;235,96
03/07/2013 10:00;0,96;235,96
04/07/2013 10:00;0,96;235,96
05/07/2013 10:00;0,96;235,96
06/07/2013 10:00;0,96;235,96
07/07/2013 10:00;0,96;235,96
08/07/2013 10:00;0,96;235,96
09/07/2013 10:00;0,96;235,96
10/07/2013 10:00;0,96;235,96
11/07/2013 10:00;0,96;235,96
12/07/2013 10:00;0,96;235,96
13/07/2013 10:00;0,96;235,96
14/07/2013 10:00;0,96;235,96
15/07/2013 10:00;0,96;235,96
16/07/2013 10:00;0,96;235,96
17/07/2013 10:00;0,96;235,96
18/07/2013 10:00;0,96;235,96
19/07/2013 10:00;0,96;235,96
20/07/2013 10:00;0,96;235,96
21/07/2013 10:00;0,96;235,96
22/07/2013 10:00;0,96;235,96
23/07/2013 10:00;0,96;235,96
24/07/2013 10:00;0,96;235,96
25/07/2013 10:00;1,36;236,36
26/07/2013 10:00;1,36;236,36
27/07/2013 10:00;1,36;236,36
28/07/2013 10:00;1,36;236,36
29/07/2013 10:00;1,18;236,18
30/07/2013 10:00;1,18;236,18
31/07/2013 10:00;1,18;236,18
01/08/2013 10:00;1,18;236,18
02/08/2013 10:00;1;236
03/08/2013 10:00;1;236
04/08/2013 10:00;0,96;235,96
05/08/2013 10:00;0,96;235,96
06/08/2013 10:00;0,95;235,95
07/08/2013 10:00;0,95;235,95
08/08/2013 10:00;0,95;235,95
09/08/2013 10:00;0,96;235,96
10/08/2013 10:00;0,96;235,96
11/08/2013 10:00;0,98;235,98
12/08/2013 10:00;1;236
13/08/2013 10:00;1;236
14/08/2013 10:00;1,04;236,04
15/08/2013 10:00;1,04;236,04
16/08/2013 10:00;1,04;236,04
17/08/2013 10:00;1,04;236,04
18/08/2013 10:00;1,04;236,04
19/08/2013 10:00;1,04;236,04
20/08/2013 10:00;1,04;236,04
21/08/2013 10:00;1,04;236,04
22/08/2013 10:00;1,04;236,04
23/08/2013 10:00;1,04;236,04
24/08/2013 10:00;1,09;236,09
25/08/2013 10:00;1,5;236,5
26/08/2013 10:00;1,5;236,5
27/08/2013 10:00;1,55;236,55
28/08/2013 10:00;1,6;236,6
29/08/2013 10:00;1,6;236,6
30/08/2013 10:00;1,6;236,6
31/08/2013 10:00;1,44;236,44
01/09/2013 10:00;1,4;236,4
02/09/2013 10:00;1,18;236,18
03/09/2013 10:00;1,1;236,1
04/09/2013 10:00;1,04;236,04
05/09/2013 10:00;1,04;236,04
06/09/2013 10:00;1,08;236,08
07/09/2013 10:00;1,08;236,08
08/09/2013 10:00;1,08;236,08
09/09/2013 10:00;1,2;236,2
10/09/2013 10:00;1,2;236,2
11/09/2013 10:00;1,32;236,32
12/09/2013 10:00;1,51;236,51
13/09/2013 10:00;1,7;236,7
14/09/2013 10:00;2;237
15/09/2013 10:00;2,2;237,2
16/09/2013 10:00;2,46;237,46
17/09/2013 10:00;2,65;237,65
18/09/2013 10:00;2,76;237,76
19/09/2013 10:00;2,77;237,77
20/09/2013 10:00;2,76;237,76
21/09/2013 10:00;2,7;237,7
22/09/2013 10:00;2,22;237,22
23/09/2013 10:00;2,21;237,21
24/09/2013 10:00;2,2;237,2
25/09/2013 10:00;2,2;237,2
26/09/2013 10:00;2,2;237,2
27/09/2013 10:00;2,2;237,2
28/09/2013 10:00;2,2;237,2
29/09/2013 10:00;2,2;237,2
30/09/2013 10:00;2,2;237,2
01/10/2013 10:00;2,2;237,2
02/10/2013 10:00;2,22;237,22
03/10/2013 10:00;2,22;237,22
04/10/2013 10:00;2,22;237,22
05/10/2013 10:00;2,19;237,19
06/10/2013 10:00;2,17;237,17
07/10/2013 10:00;2,02;237,02
08/10/2013 10:00;2;237
09/10/2013 10:00;1,56;236,56
10/10/2013 10:00;1,39;236,39
11/10/2013 10:00;1,22;236,22
12/10/2013 10:00;1,22;236,22
13/10/2013 10:00;1,2;236,2
14/10/2013 10:00;1,2;236,2
15/10/2013 10:00;1,32;236,32
16/10/2013 10:00;1,34;236,34
17/10/2013 10:00;1,37;236,37
18/10/2013 10:00;1,38;236,38
19/10/2013 10:00;1,38;236,38
20/10/2013 10:00;1,39;236,39
21/10/2013 10:00;1,4;236,4
22/10/2013 10:00;1,4;236,4
23/10/2013 10:00;1,42;236,42
24/10/2013 10:00;1,42;236,42
25/10/2013 10:00;1,4;236,4
26/10/2013 10:00;1,4;236,4
27/10/2013 10:00;1,39;236,39
28/10/2013 10:00;1,39;236,39
29/10/2013 10:00;1,39;236,39
30/10/2013 10:00;1,38;236,38
31/10/2013 10:00;1,38;236,38
01/11/2013 10:00;1,37;236,37
02/11/2013 10:00;1,38;236,38
03/11/2013 10:00;1,38;236,38
04/11/2013 10:00;1,38;236,38
05/11/2013 10:00;1,37;236,37
06/11/2013 10:00;1,36;236,36
07/11/2013 10:00;1,38;236,38
08/11/2013 10:00;1,39;236,39
09/11/2013 10:00;1,39;236,39
10/11/2013 10:00;1,4;236,4
11/11/2013 10:00;1,42;236,42
12/11/2013 10:00;1,4;236,4
13/11/2013 10:00;1,4;236,4
14/11/2013 10:00;1,4;236,4
15/11/2013 10:00;1,42;236,42
16/11/2013 10:00;1,43;236,43
17/11/2013 10:00;1,44;236,44
18/11/2013 10:00;1,5;236,5
19/11/2013 10:00;1,5;236,5
20/11/2013 10:00;1,46;236,46
21/11/2013 10:00;1,46;236,46
22/11/2013 10:00;1,42;236,42
23/11/2013 10:00;1,42;236,42
24/11/2013 10:00;1,42;236,42
25/11/2013 10:00;1,42;236,42
26/11/2013 10:00;1,42;236,42
27/11/2013 10:00;1,42;236,42
28/11/2013 10:00;1,42;236,42
29/11/2013 10:00;1,44;236,44
30/11/2013 10:00;1,44;236,44
01/12/2013 10:00;1,42;236,42
02/12/2013 10:00;1,4;236,4
03/12/2013 10:00;1,44;236,44
04/12/2013 10:00;1,42;236,42
05/12/2013 10:00;1,42;236,42
06/12/2013 10:00;1,42;236,42
07/12/2013 10:00;1,44;236,44
08/12/2013 10:00;1,46;236,46
09/12/2013 10:00;1,47;236,47
10/12/2013 10:00;1,44;236,44
11/12/2013 10:00;1,44;236,44
12/12/2013 10:00;1,43;236,43
13/12/2013 10:00;1,48;236,48
14/12/2013 10:00;1,65;236,65
15/12/2013 10:00;1,72;236,72
16/12/2013 10:00;2,14;237,14
17/12/2013 10:00;2,24;237,24
18/12/2013 10:00;2,41;237,41
19/12/2013 10:00;2,14;237,14
20/12/2013 10:00;2,14;237,14
21/12/2013 10:00;2,14;237,14
22/12/2013 10:00;2,1;237,1
23/12/2013 10:00;2;237
24/12/2013 10:00;2;237
25/12/2013 10:00;1,92;236,92
26/12/2013 10:00;1,92;236,92
27/12/2013 10:00;2,23;237,23
28/12/2013 10:00;2,23;237,23
29/12/2013 10:00;2;237
30/12/2013 10:00;2;237
31/12/2013 10:00;2;237
01/01/2014 10:00;2;237
02/01/2014 10:00;2;237
03/01/2014 10:00;1,52;236,52
04/01/2014 10:00;1,16;236,16
05/01/2014 10:00;1,16;236,16
06/01/2014 10:00;1,16;236,16
07/01/2014 10:00;1,13;236,13
08/01/2014 10:00;1,13;236,13
09/01/2014 10:00;1,13;236,13
10/01/2014 10:00;1,12;236,12
11/01/2014 10:00;1,12;236,12
12/01/2014 10:00;1,12;236,12
13/01/2014 10:00;1,12;236,12
14/01/2014 10:00;1,12;236,12
15/01/2014 10:00;1,13;236,13
16/01/2014 10:00;1,13;236,13
17/01/2014 10:00;1,1;236,1
18/01/2014 10:00;1,1;236,1
19/01/2014 10:00;1,1;236,1
20/01/2014 10:00;1,1;236,1
21/01/2014 10:00;1,1;236,1
22/01/2014 10:00;1,1;236,1
23/01/2014 10:00;1,1;236,1
24/01/2014 10:00;1,1;236,1
25/01/2014 10:00;1,1;236,1
26/01/2014 10:00;1,09;236,09
27/01/2014 10:00;1,09;236,09
28/01/2014 10:00;1,09;236,09
29/01/2014 10:00;1,09;236,09
30/01/2014 10:00;1,09;236,09
31/01/2014 10:00;1,05;236,05
01/02/2014 08:00;1,05;236,05
02/02/2014 08:00;1,05;236,05
03/02/2014 08:00;1,05;236,05
04/02/2014 08:00;1,05;236,05
05/02/2014 08:00;1,05;236,05
06/02/2014 08:00;1,05;236,05
07/02/2014 08:00;1,04;236,04
08/02/2014 08:00;1,02;236,02
09/02/2014 08:00;1,02;236,02
10/02/2014 08:00;1,02;236,02
11/02/2014 08:00;1,02;236,02
12/02/2014 08:00;1,02;236,02
13/02/2014 08:00;1,02;236,02
14/02/2014 08:00;1,02;236,02
15/02/2014 08:00;1,02;236,02
16/02/2014 08:00;1,02;236,02
17/02/2014 08:00;1,02;236,02
18/02/2014 08:00;1,02;236,02
19/02/2014 08:00;1,02;236,02
20/02/2014 08:00;1,02;236,02
21/02/2014 08:00;1,02;236,02
22/02/2014 08:00;1,02;236,02
23/02/2014 08:00;1,02;236,02
24/02/2014 08:00;1,02;236,02
25/02/2014 08:00;1,02;236,02
26/02/2014 08:00;1,02;236,02
27/02/2014 08:00;1,02;236,02
28/02/2014 08:00;1,02;236,02
01/03/2014 10:00;1,02;236,02
02/03/2014 10:00;1,02;236,02
03/03/2014 10:00;1,02;236,02
04/03/2014 10:00;1,02;236,02
05/03/2014 10:00;1,02;236,02
06/03/2014 10:00;1,02;236,02
07/03/2014 10:00;1,02;236,02
08/03/2014 10:00;1,02;236,02
09/03/2014 10:00;1,02;236,02
10/03/2014 10:00;1,02;236,02
11/03/2014 10:00;1,02;236,02
12/03/2014 10:00;1;236
13/03/2014 10:00;1;236
14/03/2014 10:00;1;236
15/03/2014 10:00;1;236
16/03/2014 10:00;1;236
17/03/2014 10:00;1;236
18/03/2014 10:00;1;236
19/03/2014 10:00;1;236
20/03/2014 10:00;1;236
21/03/2014 10:00;1;236
22/03/2014 10:00;0,99;235,99
23/03/2014 10:00;0,99;235,99
24/03/2014 10:00;0,99;235,99
25/03/2014 10:00;0,99;235,99
26/03/2014 10:00;1;236
27/03/2014 10:00;1;236
28/03/2014 10:00;1;236
29/03/2014 10:00;1,02;236,02
30/03/2014 10:00;1,02;236,02
31/03/2014 10:00;1,02;236,02
01/04/2014 10:00;1,08;236,08
02/04/2014 10:00;1,08;236,08
03/04/2014 10:00;1,08;236,08
04/04/2014 10:00;1,08;236,08
05/04/2014 10:00;1,2;236,2
06/04/2014 10:00;1,5;236,5
07/04/2014 10:00;1,98;236,98
08/04/2014 10:00;1,6;236,6
09/04/2014 10:00;1,55;236,55
10/04/2014 10:00;1,4;236,4
11/04/2014 10:00;1,4;236,4
12/04/2014 10:00;1,38;236,38
13/04/2014 10:00;1,36;236,36
14/04/2014 10:00;1,24;236,24
15/04/2014 10:00;1,22;236,22
16/04/2014 10:00;1,22;236,22
17/04/2014 10:00;1,22;236,22
18/04/2014 10:00;1,21;236,21
19/04/2014 10:00;1,21;236,21
20/04/2014 10:00;1,2;236,2
21/04/2014 10:00;1,2;236,2
22/04/2014 10:00;1,18;236,18
23/04/2014 10:00;1,18;236,18
24/04/2014 10:00;1,18;236,18
25/04/2014 10:00;1,16;236,16
26/04/2014 10:00;1,16;236,16
27/04/2014 10:00;1,16;236,16
28/04/2014 10:00;1,16;236,16
29/04/2014 10:00;1,16;236,16
30/04/2014 10:00;1,16;236,16
01/05/2014 10:00;1,16;236,16
02/05/2014 10:00;1,16;236,16
03/05/2014 10:00;1,16;236,16
04/05/2014 10:00;1,16;236,16
05/05/2014 10:00;1,16;236,16
06/05/2014 10:00;1,14;236,14
07/05/2014 10:00;0,98;235,98
08/05/2014 10:00;0,98;235,98
09/05/2014 10:00;1;236
10/05/2014 10:00;1,1;236,1
11/05/2014 10:00;1,12;236,12
12/05/2014 10:00;1,12;236,12
13/05/2014 10:00;1,1;236,1
14/05/2014 10:00;1,46;236,46
15/05/2014 10:00;1,7;236,7
16/05/2014 10:00;1,96;236,96
17/05/2014 10:00;2,2;237,2
18/05/2014 10:00;2,35;237,35
19/05/2014 10:00;2,54;237,54
20/05/2014 10:00;2,6;237,6
21/05/2014 10:00;2,65;237,65
22/05/2014 10:00;2,65;237,65
23/05/2014 10:00;2,65;237,65
24/05/2014 10:00;2,6;237,6
25/05/2014 10:00;2,6;237,6
26/05/2014 10:00;2,59;237,59
27/05/2014 10:00;2,59;237,59
28/05/2014 10:00;2,44;237,44
29/05/2014 10:00;2,22;237,22
30/05/2014 10:00;2,1;237,1
31/05/2014 10:00;2,1;237,1
01/06/2014 10:00;2,07;237,07
02/06/2014 10:00;2,08;237,08
03/06/2014 10:00;2,08;237,08
04/06/2014 10:00;2,06;237,06
05/06/2014 10:00;2,04;237,04
06/06/2014 10:00;2;237
07/06/2014 10:00;1,9;236,9
08/06/2014 10:00;1,9;236,9
09/06/2014 10:00;1,89;236,89
10/06/2014 10:00;1,89;236,89
11/06/2014 10:00;1,89;236,89
12/06/2014 10:00;1,78;236,78
13/06/2014 10:00;1,78;236,78
14/06/2014 10:00;1,78;236,78
15/06/2014 10:00;1,86;236,86
16/06/2014 10:00;1,86;236,86
17/06/2014 10:00;1,86;236,86
18/06/2014 10:00;1,86;236,86
19/06/2014 10:00;1,87;236,87
20/06/2014 10:00;1,86;236,86
21/06/2014 10:00;1,86;236,86
22/06/2014 10:00;1,86;236,86
23/06/2014 10:00;1,86;236,86
24/06/2014 10:00;1,86;236,86
25/06/2014 10:00;1,86;236,86
26/06/2014 10:00;1,86;236,86
27/06/2014 10:00;1,86;236,86
28/06/2014 10:00;1,88;236,88
29/06/2014 10:00;2;237
30/06/2014 10:00;2,27;237,27
01/07/2014 10:00;2,3;237,3
02/07/2014 10:00;2,3;237,3
03/07/2014 10:00;2,31;237,31
04/07/2014 10:00;2,32;237,32
05/07/2014 10:00;2,32;237,32
06/07/2014 10:00;2,32;237,32
07/07/2014 10:00;2,31;237,31
08/07/2014 10:00;2,31;237,31
09/07/2014 10:00;2,37;237,37
10/07/2014 10:00;2,38;237,38
11/07/2014 10:00;2,38;237,38
12/07/2014 10:00;2,37;237,37
13/07/2014 10:00;1,88;236,88
14/07/2014 10:00;1,89;236,89
15/07/2014 10:00;1,57;236,57
16/07/2014 10:00;1,44;236,44
17/07/2014 10:00;1,44;236,44
18/07/2014 10:00;1,42;236,42
19/07/2014 10:00;1,44;236,44
20/07/2014 10:00;1,43;236,43
21/07/2014 10:00;1,43;236,43
22/07/2014 10:00;1,44;236,44
23/07/2014 10:00;1,44;236,44
24/07/2014 10:00;1,6;236,6
25/07/2014 10:00;1,62;236,62
26/07/2014 10:00;1,94;236,94
27/07/2014 10:00;1,94;236,94
28/07/2014 10:00;1,9;236,9
29/07/2014 10:00;1,76;236,76
30/07/2014 10:00;1,5;236,5
31/07/2014 10:00;1,5;236,5
01/08/2014 10:00;1,5;236,5
02/08/2014 10:00;1,7;236,7
03/08/2014 10:00;1,76;236,76
04/08/2014 10:00;1,8;236,8
05/08/2014 10:00;1,87;236,87
06/08/2014 10:00;1,97;236,97
07/08/2014 10:00;1,97;236,97
08/08/2014 10:00;2,06;237,06
09/08/2014 10:00;2,06;237,06
10/08/2014 10:00;2,07;237,07
11/08/2014 10:00;2,08;237,08
12/08/2014 10:00;2,18;237,18
13/08/2014 10:00;2,29;237,29
14/08/2014 10:00;2,48;237,48
15/08/2014 10:00;2,58;237,58
16/08/2014 10:00;2,66;237,66
17/08/2014 10:00;2,64;237,64
18/08/2014 10:00;2,63;237,63
19/08/2014 10:00;2,3;237,3
20/08/2014 10:00;2,18;237,18
21/08/2014 10:00;2;237
22/08/2014 10:00;1,74;236,74
23/08/2014 10:00;1,6;236,6
24/08/2014 10:00;1,44;236,44
25/08/2014 10:00;1,37;236,37
26/08/2014 10:00;1,5;236,5
27/08/2014 10:00;1,3;236,3
28/08/2014 10:00;2,1;237,1
29/08/2014 10:00;2,12;237,12
30/08/2014 10:00;2,12;237,12
31/08/2014 10:00;1,84;236,84
01/09/2014 10:00;1,84;236,84
02/09/2014 10:00;1,7;236,7
03/09/2014 10:00;1,35;236,35
04/09/2014 10:00;1,34;236,34
05/09/2014 10:00;1,2;236,2
06/09/2014 10:00;1,1;236,1
07/09/2014 10:00;1,04;236,04
08/09/2014 10:00;1,02;236,02
09/09/2014 10:00;1,06;236,06
10/09/2014 10:00;1,07;236,07
11/09/2014 10:00;1,18;236,18
12/09/2014 10:00;1,45;236,45
13/09/2014 10:00;1,45;236,45
14/09/2014 10:00;1,6;236,6
15/09/2014 10:00;1,57;236,57
16/09/2014 10:00;1,4;236,4
17/09/2014 10:00;1,3;236,3
18/09/2014 10:00;1,25;236,25
19/09/2014 10:00;1,16;236,16
20/09/2014 10:00;1,1;236,1
21/09/2014 10:00;1,06;236,06
22/09/2014 10:00;1,06;236,06
23/09/2014 10:00;0,98;235,98
24/09/2014 10:00;0,98;235,98
25/09/2014 10:00;0,98;235,98
26/09/2014 10:00;0,98;235,98
27/09/2014 10:00;0,98;235,98
28/09/2014 10:00;1;236
29/09/2014 10:00;1;236
30/09/2014 10:00;0,99;235,99
01/10/2014 10:00;1,1;236,1
02/10/2014 10:00;1,1;236,1
03/10/2014 10:00;1,15;236,15
04/10/2014 10:00;1,14;236,14
05/10/2014 10:00;1,16;236,16
06/10/2014 10:00;1,16;236,16
07/10/2014 10:00;1,12;236,12
08/10/2014 10:00;1,14;236,14
09/10/2014 10:00;1,14;236,14
10/10/2014 10:00;1,14;236,14
11/10/2014 10:00;1,12;236,12
12/10/2014 10:00;1,1;236,1
13/10/2014 10:00;1,1;236,1
14/10/2014 10:00;1,07;236,07
15/10/2014 10:00;1,07;236,07
16/10/2014 10:00;1,07;236,07
17/10/2014 10:00;1,08;236,08
18/10/2014 10:00;1,08;236,08
19/10/2014 10:00;1,07;236,07
20/10/2014 10:00;1,07;236,07
21/10/2014 10:00;1,07;236,07
22/10/2014 10:00;1,07;236,07
23/10/2014 10:00;1,07;236,07
24/10/2014 10:00;1,07;236,07
25/10/2014 10:00;1,07;236,07
26/10/2014 10:00;1,07;236,07
27/10/2014 10:00;1,07;236,07
28/10/2014 10:00;1,07;236,07
29/10/2014 10:00;1,04;236,04
30/10/2014 10:00;1,04;236,04
31/10/2014 10:00;1,04;236,04
01/11/2014 10:00;0,99;235,99
02/11/2014 10:00;0,99;235,99
03/11/2014 10:00;1;236
04/11/2014 10:00;1;236
05/11/2014 10:00;1;236
06/11/2014 10:00;1;236
07/11/2014 10:00;1;236
08/11/2014 10:00;1;236
09/11/2014 10:00;1;236
10/11/2014 10:00;1;236
11/11/2014 10:00;1;236
12/11/2014 10:00;0,98;235,98
13/11/2014 10:00;0,98;235,98
14/11/2014 10:00;0,98;235,98
15/11/2014 10:00;0,96;235,96
16/11/2014 10:00;0,95;235,95
17/11/2014 10:00;0,95;235,95
18/11/2014 10:00;0,95;235,95
19/11/2014 10:00;0,96;235,96
20/11/2014 10:00;0,96;235,96
21/11/2014 10:00;0,96;235,96
22/11/2014 10:00;0,99;235,99
23/11/2014 10:00;0,99;235,99
24/11/2014 10:00;1;236
25/11/2014 10:00;1;236
26/11/2014 10:00;1;236
27/11/2014 10:00;1;236
28/11/2014 10:00;0,97;235,97
29/11/2014 10:00;0,97;235,97
30/11/2014 10:00;0,97;235,97
01/12/2014 10:00;0,99;235,99
02/12/2014 10:00;0,98;235,98
03/12/2014 10:00;0,99;235,99
04/12/2014 10:00;1;236
05/12/2014 10:00;1;236
06/12/2014 10:00;1;236
07/12/2014 10:00;1;236
08/12/2014 10:00;1;236
09/12/2014 10:00;1;236
10/12/2014 10:00;1;236
11/12/2014 10:00;0,97;235,97
12/12/2014 10:00;0,97;235,97
13/12/2014 10:00;0,97;235,97
14/12/2014 10:00;0,99;235,99
15/12/2014 10:00;1,06;236,06
16/12/2014 10:00;1,06;236,06
17/12/2014 10:00;1;236
18/12/2014 10:00;1;236
19/12/2014 10:00;1;236
20/12/2014 10:00;0,98;235,98
21/12/2014 10:00;0,98;235,98
22/12/2014 10:00;0,99;235,99
23/12/2014 10:00;1;236
24/12/2014 10:00;1;236
25/12/2014 10:00;1;236
26/12/2014 10:00;0,98;235,98
27/12/2014 10:00;0,98;235,98
28/12/2014 10:00;0,98;235,98
29/12/2014 10:00;0,98;235,98
30/12/2014 10:00;0,98;235,98
31/12/2014 10:00;0,96;235,96
01/01/2015 10:00;0,98;235,98
02/01/2015 10:00;0,99;235,99
03/01/2015 10:00;0,99;235,99
04/01/2015 10:00;1;236
05/01/2015 10:00;1;236
06/01/2015 10:00;1,12;236,12
07/01/2015 10:00;1,12;236,12
08/01/2015 10:00;1,15;236,15
09/01/2015 10:00;1,22;236,22
10/01/2015 10:00;1,24;236,24
11/01/2015 10:00;1,24;236,24
12/01/2015 10:00;1,26;236,26
13/01/2015 10:00;1,23;236,23
14/01/2015 10:00;1,25;236,25
15/01/2015 10:00;1,25;236,25
16/01/2015 10:00;1,26;236,26
17/01/2015 10:00;1,26;236,26
18/01/2015 10:00;1,26;236,26
19/01/2015 10:00;1,26;236,26
20/01/2015 10:00;1,26;236,26
21/01/2015 10:00;1,26;236,26
22/01/2015 10:00;1,26;236,26
23/01/2015 10:00;1,29;236,29
24/01/2015 10:00;1,29;236,29
25/01/2015 10:00;1,25;236,25
26/01/2015 10:00;1,22;236,22
27/01/2015 10:00;1,22;236,22
28/01/2015 10:00;1,27;236,27
29/01/2015 10:00;1,24;236,24
30/01/2015 10:00;1,24;236,24
31/01/2015 10:00;1,24;236,24
01/02/2015 10:00;1,26;236,26
02/02/2015 10:00;1,26;236,26
03/02/2015 10:00;1,26;236,26
04/02/2015 10:00;1,35;236,35
05/02/2015 10:00;1,34;236,34
06/02/2015 10:00;1,32;236,32
07/02/2015 10:00;1,32;236,32
08/02/2015 10:00;1,32;236,32
09/02/2015 10:00;1,34;236,34
10/02/2015 10:00;1,34;236,34
11/02/2015 10:00;1,34;236,34
12/02/2015 10:00;1,3;236,3
13/02/2015 10:00;1,28;236,28
14/02/2015 10:00;1,28;236,28
15/02/2015 10:00;1,28;236,28
16/02/2015 10:00;1,26;236,26
17/02/2015 10:00;1,26;236,26
18/02/2015 10:00;1,26;236,26
19/02/2015 10:00;1,26;236,26
20/02/2015 10:00;1,27;236,27
21/02/2015 10:00;1,3;236,3
22/02/2015 10:00;1,3;236,3
23/02/2015 10:00;1,26;236,26
24/02/2015 10:00;1,24;236,24
25/02/2015 10:00;1,24;236,24
26/02/2015 10:00;1,24;236,24
27/02/2015 10:00;1,24;236,24
28/02/2015 10:00;1,22;236,22
01/03/2015 10:00;1,2;236,2
02/03/2015 10:00;1,2;236,2
03/03/2015 10:00;1,18;236,18
04/03/2015 10:00;1,18;236,18
05/03/2015 10:00;1,19;236,19
06/03/2015 10:00;1,2;236,2
07/03/2015 10:00;1,19;236,19
08/03/2015 10:00;1,18;236,18
09/03/2015 10:00;1,18;236,18
10/03/2015 10:00;1,17;236,17
11/03/2015 10:00;1,17;236,17
12/03/2015 10:00;1,18;236,18
13/03/2015 10:00;1,17;236,17
14/03/2015 10:00;1,17;236,17
15/03/2015 10:00;1,18;236,18
16/03/2015 10:00;1,18;236,18
17/03/2015 10:00;1,18;236,18
18/03/2015 10:00;1,16;236,16
19/03/2015 10:00;1,2;236,2
20/03/2015 10:00;1,2;236,2
21/03/2015 10:00;1,19;236,19
22/03/2015 10:00;1,19;236,19
23/03/2015 10:00;1,2;236,2
24/03/2015 10:00;1,2;236,2
25/03/2015 10:00;1,2;236,2
26/03/2015 10:00;1,22;236,22
27/03/2015 10:00;1,22;236,22
28/03/2015 10:00;1,21;236,21
29/03/2015 10:00;1,2;236,2
30/03/2015 10:00;1,2;236,2
31/03/2015 10:00;1,2;236,2
01/04/2015 10:00;1,22;236,22
02/04/2015 10:00;1,22;236,22
03/04/2015 10:00;1,22;236,22
04/04/2015 10:00;1,22;236,22
05/04/2015 10:00;1,23;236,23
06/04/2015 10:00;1,23;236,23
07/04/2015 10:00;1,22;236,22
08/04/2015 10:00;1,22;236,22
09/04/2015 10:00;1,22;236,22
10/04/2015 10:00;1,22;236,22
11/04/2015 10:00;1,22;236,22
12/04/2015 10:00;1,22;236,22
13/04/2015 10:00;1,24;236,24
14/04/2015 10:00;1,24;236,24
15/04/2015 10:00;1,26;236,26
16/04/2015 10:00;1,26;236,26
17/04/2015 10:00;1,27;236,27
18/04/2015 10:00;1,27;236,27
19/04/2015 10:00;1,28;236,28
20/04/2015 10:00;1,28;236,28
21/04/2015 10:00;1,28;236,28
22/04/2015 10:00;1,3;236,3
23/04/2015 10:00;1,28;236,28
24/04/2015 10:00;1,28;236,28
25/04/2015 10:00;1,28;236,28
26/04/2015 10:00;1,28;236,28
27/04/2015 10:00;1,28;236,28
28/04/2015 10:00;1,28;236,28
29/04/2015 10:00;1,28;236,28
30/04/2015 10:00;1,28;236,28
01/05/2015 10:00;1,3;236,3
02/05/2015 10:00;1,34;236,34
03/05/2015 10:00;1,34;236,34
04/05/2015 10:00;1,32;236,32
05/05/2015 10:00;1,3;236,3
06/05/2015 10:00;1,28;236,28
07/05/2015 10:00;1,28;236,28
08/05/2015 10:00;1,21;236,21
09/05/2015 10:00;1,32;236,32
10/05/2015 10:00;1,31;236,31
11/05/2015 10:00;1,31;236,31
12/05/2015 10:00;1,31;236,31
13/05/2015 10:00;1,32;236,32
14/05/2015 10:00;1,26;236,26
15/05/2015 10:00;1,26;236,26
16/05/2015 10:00;1,25;236,25
17/05/2015 10:00;1,25;236,25
18/05/2015 10:00;1,24;236,24
19/05/2015 10:00;1,24;236,24
20/05/2015 10:00;1,24;236,24
21/05/2015 10:00;1,22;236,22
22/05/2015 10:00;1,22;236,22
23/05/2015 10:00;1,24;236,24
24/05/2015 10:00;1,25;236,25
25/05/2015 10:00;1,25;236,25
26/05/2015 10:00;1,19;236,19
27/05/2015 10:00;1,18;236,18
28/05/2015 10:00;1,16;236,16
29/05/2015 10:00;1,02;236,02
30/05/2015 10:00;1,04;236,04
31/05/2015 10:00;1,04;236,04
01/06/2015 10:00;1,1;236,1
02/06/2015 10:00;1,1;236,1
03/06/2015 10:00;1,12;236,12
04/06/2015 10:00;1,2;236,2
05/06/2015 10:00;1,45;236,45
06/06/2015 10:00;1,6;236,6
07/06/2015 10:00;1,72;236,72
08/06/2015 10:00;1,7;236,7
09/06/2015 10:00;2,1;237,1
10/06/2015 10:00;2,18;237,18
11/06/2015 10:00;2,34;237,34
12/06/2015 10:00;2,48;237,48
13/06/2015 10:00;2,5;237,5
14/06/2015 10:00;2,64;237,64
15/06/2015 10:00;2,64;237,64
16/06/2015 10:00;2,66;237,66
17/06/2015 10:00;2,68;237,68
18/06/2015 10:00;2,68;237,68
19/06/2015 10:00;2,68;237,68
20/06/2015 10:00;2,68;237,68
21/06/2015 10:00;2,66;237,66
22/06/2015 10:00;2,62;237,62
23/06/2015 10:00;2,62;237,62
24/06/2015 10:00;2,6;237,6
25/06/2015 10:00;2,55;237,55
26/06/2015 10:00;2,51;237,51
27/06/2015 10:00;2,48;237,48
28/06/2015 10:00;2,44;237,44
29/06/2015 10:00;2,4;237,4
30/06/2015 10:00;2,39;237,39
01/07/2015 10:00;2,2;237,2
02/07/2015 10:00;2,1;237,1
03/07/2015 10:00;2,1;237,1
04/07/2015 10:00;2,1;237,1
05/07/2015 10:00;2,1;237,1
06/07/2015 10:00;2,1;237,1
07/07/2015 10:00;2,1;237,1
08/07/2015 10:00;2,12;237,12
09/07/2015 10:00;2,12;237,12
10/07/2015 10:00;1,9;236,9
11/07/2015 10:00;1,84;236,84
12/07/2015 10:00;1,84;236,84
13/07/2015 10:00;1,82;236,82
14/07/2015 10:00;1,82;236,82
15/07/2015 10:00;1,82;236,82
16/07/2015 10:00;1,82;236,82
17/07/2015 10:00;1,82;236,82
18/07/2015 10:00;1,82;236,82
19/07/2015 10:00;1,82;236,82
20/07/2015 10:00;1,82;236,82
21/07/2015 10:00;1,82;236,82
22/07/2015 10:00;1,82;236,82
23/07/2015 10:00;1,82;236,82
24/07/2015 10:00;1,82;236,82
25/07/2015 10:00;1,76;236,76
26/07/2015 10:00;1,77;236,77
27/07/2015 10:00;2,3;237,3
28/07/2015 10:00;2,33;237,33
29/07/2015 10:00;2,5;237,5
30/07/2015 10:00;2,78;237,78
31/07/2015 10:00;2,78;237,78
01/08/2015 10:00;1,7;236,7
02/08/2015 10:00;1,9;236,9
03/08/2015 10:00;2,4;237,4
04/08/2015 10:00;2,4;237,4
04/08/2015 11:50;2,37;237,37
05/08/2015 10:00;2,36;237,36
06/08/2015 10:00;2,37;237,37
07/08/2015 10:00;2,4;237,4
08/08/2015 10:00;2,4;237,4
09/08/2015 10:00;2,4;237,4
10/08/2015 10:00;2,4;237,4
11/08/2015 10:00;2,4;237,4
12/08/2015 10:00;2,4;237,4
13/08/2015 10:00;2,4;237,4
14/08/2015 10:00;2,4;237,4
15/08/2015 10:00;2,4;237,4
16/08/2015 10:00;2,4;237,4
17/08/2015 10:00;2,4;237,4
18/08/2015 10:00;2,4;237,4
19/08/2015 10:00;2,37;237,37
20/08/2015 10:00;2,37;237,37
21/08/2015 10:00;2,2;237,2
22/08/2015 10:00;2,2;237,2
23/08/2015 10:00;2,06;237,06
24/08/2015 10:00;2,06;237,06
25/08/2015 10:00;2,06;237,06
26/08/2015 10:00;2;237
27/08/2015 10:00;2;237
28/08/2015 10:00;1,84;236,84
29/08/2015 10:00;1,84;236,84
30/08/2015 10:00;1,8;236,8
31/08/2015 10:00;1,8;236,8
01/09/2015 10:00;1,57;236,57
02/09/2015 10:00;1,6;236,6
03/09/2015 10:00;2,1;237,1
04/09/2015 10:00;2,1;237,1
05/09/2015 10:00;2,55;237,55
06/09/2015 10:00;2,5;237,5
07/09/2015 10:00;2,45;237,45
08/09/2015 10:00;2,4;237,4
09/09/2015 10:00;2,46;237,46
10/09/2015 10:00;2,46;237,46
11/09/2015 10:00;2,45;237,45
12/09/2015 10:00;2,45;237,45
13/09/2015 10:00;2,45;237,45
14/09/2015 10:00;2,44;237,44
15/09/2015 10:00;2,44;237,44
16/09/2015 10:00;2,4;237,4
17/09/2015 10:00;2,4;237,4
18/09/2015 10:00;2,4;237,4
19/09/2015 10:00;2,4;237,4
20/09/2015 10:00;1,9;236,9
21/09/2015 10:00;1,9;236,9
22/09/2015 10:00;1,9;236,9
23/09/2015 10:00;2;237
24/09/2015 10:00;2,27;237,27
25/09/2015 10:00;2,3;237,3
26/09/2015 10:00;2,2;237,2
27/09/2015 10:00;2,2;237,2
28/09/2015 10:00;2,15;237,15
29/09/2015 10:00;2;237
30/09/2015 10:00;2;237
01/10/2015 10:00;1,83;236,83
02/10/2015 10:00;1,83;236,83
03/10/2015 10:00;1,83;236,83
04/10/2015 10:00;2;237
05/10/2015 10:00;2,09;237,09
06/10/2015 10:00;2,09;237,09
07/10/2015 10:00;2,14;237,14
08/10/2015 10:00;2,2;237,2
09/10/2015 10:00;2,24;237,24
10/10/2015 10:00;2,28;237,28
11/10/2015 10:00;2,27;237,27
12/10/2015 10:00;2,25;237,25
13/10/2015 10:00;2,24;237,24
14/10/2015 10:00;2,24;237,24
15/10/2015 10:00;2;237
16/10/2015 10:00;2;237
17/10/2015 10:00;1,9;236,9
18/10/2015 10:00;1,8;236,8
19/10/2015 10:00;1,78;236,78
20/10/2015 10:00;1,76;236,76
21/10/2015 10:00;1,76;236,76
22/10/2015 10:00;1,6;236,6
23/10/2015 10:00;1,6;236,6
24/10/2015 10:00;1,57;236,57
25/10/2015 10:00;1,55;236,55
26/10/2015 10:00;1,55;236,55
27/10/2015 10:00;1,5;236,5
28/10/2015 10:00;1,53;236,53
29/10/2015 10:00;1,49;236,49
30/10/2015 10:00;1,47;236,47
31/10/2015 10:00;1,5;236,5
01/11/2015 10:00;1,5;236,5
02/11/2015 10:00;1,5;236,5
03/11/2015 10:00;1,4;236,4
04/11/2015 10:00;1,28;236,28
05/11/2015 10:00;1,27;236,27
06/11/2015 10:00;1,24;236,24
07/11/2015 10:00;1,24;236,24
08/11/2015 10:00;1,22;236,22
09/11/2015 10:00;1,22;236,22
10/11/2015 10:00;1,23;236,23
11/11/2015 10:00;1,21;236,21
12/11/2015 10:00;1,18;236,18
13/11/2015 10:00;1,16;236,16
14/11/2015 10:00;1,14;236,14
15/11/2015 10:00;1,14;236,14
16/11/2015 10:00;1,14;236,14
17/11/2015 10:00;1,14;236,14
18/11/2015 10:00;1,1;236,1
19/11/2015 10:00;1,04;236,04
20/11/2015 10:00;1,05;236,05
21/11/2015 10:00;1,14;236,14
22/11/2015 10:00;1,14;236,14
23/11/2015 10:00;1,14;236,14
24/11/2015 10:00;1,1;236,1
25/11/2015 10:00;1,1;236,1
26/11/2015 10:00;1,14;236,14
27/11/2015 10:00;1,15;236,15
28/11/2015 10:00;1,24;236,24
29/11/2015 10:00;1,24;236,24
30/11/2015 10:00;1,22;236,22
01/12/2015 10:00;1,24;236,24
02/12/2015 10:00;1,2;236,2
03/12/2015 10:00;1,22;236,22
04/12/2015 10:00;1,22;236,22
05/12/2015 10:00;1,24;236,24
06/12/2015 10:00;1,25;236,25
07/12/2015 10:00;1,27;236,27
08/12/2015 10:00;1,24;236,24
09/12/2015 10:00;1,24;236,24
10/12/2015 10:00;1,22;236,22
11/12/2015 10:00;1,22;236,22
12/12/2015 10:00;1,22;236,22
13/12/2015 10:00;1,22;236,22
14/12/2015 10:00;1,23;236,23
15/12/2015 10:00;1,23;236,23
16/12/2015 10:00;1,22;236,22
17/12/2015 10:00;1,22;236,22
18/12/2015 10:00;1,22;236,22
19/12/2015 10:00;1,22;236,22
20/12/2015 10:00;1,22;236,22
21/12/2015 10:00;1,22;236,22
22/12/2015 10:00;1,22;236,22
23/12/2015 10:00;1,2;236,2
24/12/2015 10:00;1,2;236,2
25/12/2015 10:00;1,2;236,2
26/12/2015 10:00;1,2;236,2
27/12/2015 10:00;1,19;236,19
28/12/2015 10:00;1,19;236,19
29/12/2015 10:00;1,18;236,18
30/12/2015 10:00;1,2;236,2
31/12/2015 10:00;1,23;236,23
01/01/2016 10:00;1,22;236,22
02/01/2016 10:00;1,22;236,22
03/01/2016 10:00;1,24;236,24
04/01/2016 10:00;1,26;236,26
05/01/2016 10:00;1,26;236,26
06/01/2016 10:00;1,27;236,27
07/01/2016 10:00;1,3;236,3
08/01/2016 10:00;1,3;236,3
09/01/2016 10:00;1,27;236,27
10/01/2016 10:00;1,28;236,28
11/01/2016 10:00;1,28;236,28
12/01/2016 10:00;1,24;236,24
13/01/2016 10:00;1,21;236,21
14/01/2016 10:00;1,21;236,21
15/01/2016 10:00;1,22;236,22
16/01/2016 10:00;1,22;236,22
17/01/2016 10:00;1,24;236,24
18/01/2016 10:00;1,24;236,24
19/01/2016 10:00;1,24;236,24
20/01/2016 10:00;1,24;236,24
21/01/2016 10:00;1,26;236,26
22/01/2016 10:00;1,66;236,66
23/01/2016 10:00;1,7;236,7
24/01/2016 10:00;1,81;236,81
25/01/2016 10:00;1,82;236,82
26/01/2016 10:00;1,52;236,52
27/01/2016 10:00;1,5;236,5
28/01/2016 10:00;1,32;236,32
29/01/2016 10:00;1,3;236,3
30/01/2016 10:00;1,28;236,28
31/01/2016 10:00;1,27;236,27
01/02/2016 10:00;1,27;236,27
02/02/2016 10:00;1,27;236,27
02/02/2016 12:00;1,27;236,27
02/02/2016 12:50;1,27;236,27
03/02/2016 10:00;1,27;236,27
04/02/2016 10:00;1,28;236,28
05/02/2016 10:00;1,28;236,28
06/02/2016 10:00;1,28;236,28
07/02/2016 10:00;1,28;236,28
08/02/2016 10:00;1,3;236,3
09/02/2016 10:00;1,3;236,3
10/02/2016 10:00;1,3;236,3
11/02/2016 10:00;1,3;236,3
12/02/2016 10:00;1,3;236,3
13/02/2016 10:00;1,32;236,32
14/02/2016 10:00;1,36;236,36
15/02/2016 10:00;1,4;236,4
16/02/2016 10:00;1,42;236,42
17/02/2016 10:00;1,44;236,44
18/02/2016 10:00;1,46;236,46
19/02/2016 10:00;1,25;236,25
20/02/2016 10:00;1,25;236,25
21/02/2016 10:00;1,26;236,26
22/02/2016 10:00;1,26;236,26
23/02/2016 10:00;1,25;236,25
24/02/2016 10:00;1,25;236,25
25/02/2016 10:00;1,26;236,26
26/02/2016 10:00;1,26;236,26
27/02/2016 10:00;1,26;236,26
28/02/2016 10:00;1,26;236,26
29/02/2016 10:00;1,26;236,26
01/03/2016 10:00;1,26;236,26
01/03/2016 10:45;1,26;236,26
01/03/2016 11:40;1,26;236,26
02/03/2016 10:00;1,24;236,24
03/03/2016 10:00;1,26;236,26
04/03/2016 10:00;1,26;236,26
05/03/2016 10:00;1,24;236,24
06/03/2016 10:00;1,26;236,26
07/03/2016 10:00;1,26;236,26
08/03/2016 10:00;1,26;236,26
09/03/2016 10:00;1,28;236,28
10/03/2016 10:00;1,28;236,28
11/03/2016 10:00;1,28;236,28
12/03/2016 10:00;1,28;236,28
13/03/2016 10:00;1,28;236,28
14/03/2016 10:00;1,28;236,28
15/03/2016 10:00;1,28;236,28
16/03/2016 10:00;1,28;236,28
17/03/2016 10:00;1,28;236,28
18/03/2016 10:00;1,28;236,28
19/03/2016 10:00;1,28;236,28
20/03/2016 10:00;1,3;236,3
21/03/2016 10:00;1,31;236,31
22/03/2016 10:00;1,3;236,3
23/03/2016 10:00;1,3;236,3
24/03/2016 10:00;1,28;236,28
25/03/2016 10:00;1,28;236,28
26/03/2016 10:00;1,26;236,26
27/03/2016 10:00;1,28;236,28
28/03/2016 10:00;1,26;236,26
29/03/2016 10:00;1,26;236,26
30/03/2016 10:00;1,24;236,24
31/03/2016 10:00;1,28;236,28
01/04/2016 10:00;1,28;236,28
02/04/2016 10:00;1,28;236,28
03/04/2016 10:00;1,3;236,3
04/04/2016 10:00;1,3;236,3
04/04/2016 13:20;1,3;236,3
04/04/2016 14:25;1,3;236,3
05/04/2016 10:00;1,3;236,3
06/04/2016 10:00;1,32;236,32
07/04/2016 10:00;1,32;236,32
08/04/2016 10:00;1,32;236,32
09/04/2016 10:00;1,34;236,34
10/04/2016 10:00;1,34;236,34
11/04/2016 10:00;1,36;236,36
12/04/2016 10:00;1,44;236,44
13/04/2016 10:00;1,44;236,44
14/04/2016 10:00;1,44;236,44
15/04/2016 10:00;1,42;236,42
16/04/2016 10:00;1,42;236,42
17/04/2016 10:00;1,6;236,6
18/04/2016 10:00;1,6;236,6
19/04/2016 10:00;1,62;236,62
20/04/2016 10:00;1,62;236,62
21/04/2016 10:00;1,62;236,62
22/04/2016 10:00;1,62;236,62
23/04/2016 10:00;1,62;236,62
24/04/2016 10:00;1,62;236,62
25/04/2016 10:00;1,62;236,62
26/04/2016 10:00;1,7;236,7
27/04/2016 10:00;1,72;236,72
28/04/2016 10:00;1,72;236,72
29/04/2016 10:00;1,73;236,73
30/04/2016 10:00;1,7;236,7
01/05/2016 10:00;1,58;236,58
02/05/2016 10:00;1,54;236,54
03/05/2016 10:00;1,45;236,45
04/05/2016 10:00;1,41;236,41
05/05/2016 10:00;1,33;236,33
06/05/2016 10:00;1,34;236,34
07/05/2016 10:00;1,37;236,37
08/05/2016 10:00;1,35;236,35
09/05/2016 10:00;1,33;236,33
10/05/2016 10:00;1,34;236,34
11/05/2016 10:00;1,38;236,38
12/05/2016 10:00;1,4;236,4
13/05/2016 10:00;1,4;236,4
14/05/2016 10:00;1,33;236,33
15/05/2016 10:00;1,33;236,33
16/05/2016 10:00;1,33;236,33
17/05/2016 10:00;1,74;236,74
18/05/2016 10:00;1,92;236,92
19/05/2016 10:00;2,27;237,27
20/05/2016 10:00;2,52;237,52
21/05/2016 10:00;2,67;237,67
22/05/2016 10:00;2,7;237,7
23/05/2016 10:00;2,67;237,67
24/05/2016 10:00;2,68;237,68
25/05/2016 10:00;2,72;237,72
26/05/2016 10:00;2,72;237,72
27/05/2016 10:00;2,7;237,7
28/05/2016 10:00;2,74;237,74
29/05/2016 10:00;2,74;237,74
30/05/2016 10:00;2,74;237,74
31/05/2016 10:00;2,7;237,7
01/06/2016 10:00;2,66;237,66
02/06/2016 10:00;2,66;237,66
03/06/2016 10:00;2,66;237,66
04/06/2016 10:00;2,68;237,68
05/06/2016 10:00;2,68;237,68
06/06/2016 10:00;2,68;237,68
07/06/2016 10:00;2,65;237,65
08/06/2016 10:00;2,65;237,65
09/06/2016 10:00;2,64;237,64
10/06/2016 10:00;2,65;237,65
11/06/2016 10:00;2,64;237,64
12/06/2016 10:00;2,65;237,65
13/06/2016 10:00;2,65;237,65
14/06/2016 10:00;2,65;237,65
15/06/2016 10:00;2,64;237,64
16/06/2016 10:00;2,63;237,63
17/06/2016 10:00;2,63;237,63
18/06/2016 10:00;2;237
19/06/2016 10:00;2;237
20/06/2016 10:00;2;237
21/06/2016 10:00;2;237
22/06/2016 10:00;1,28;236,28
23/06/2016 10:00;1,28;236,28
24/06/2016 10:00;1,3;236,3
25/06/2016 10:00;1,01;236,01
26/06/2016 10:00;1;236
27/06/2016 10:00;1;236
28/06/2016 10:00;1;236
29/06/2016 10:00;0,82;235,82
30/06/2016 10:00;0,82;235,82
01/07/2016 10:00;0,82;235,82
02/07/2016 10:00;0,82;235,82
03/07/2016 10:00;0,8;235,8
04/07/2016 10:00;0,84;235,84
05/07/2016 10:00;0,88;235,88
06/07/2016 10:00;0,88;235,88
07/07/2016 10:00;0,87;235,87
08/07/2016 10:00;0,87;235,87
09/07/2016 10:00;0,86;235,86
10/07/2016 10:00;0,85;235,85
11/07/2016 10:00;0,85;235,85
12/07/2016 10:00;0,85;235,85
13/07/2016 10:00;0,84;235,84
14/07/2016 10:00;0,84;235,84
15/07/2016 10:00;0,85;235,85
16/07/2016 10:00;0,85;235,85
17/07/2016 10:00;0,85;235,85
18/07/2016 10:00;0,87;235,87
19/07/2016 10:00;0,87;235,87
20/07/2016 10:00;0,85;235,85
21/07/2016 10:00;0,85;235,85
22/07/2016 10:00;0,85;235,85
23/07/2016 10:00;0,85;235,85
24/07/2016 10:00;0,85;235,85
25/07/2016 10:00;0,85;235,85
26/07/2016 10:00;0,85;235,85
27/07/2016 10:00;0,84;235,84
28/07/2016 10:00;0,84;235,84
29/07/2016 10:00;0,84;235,84
30/07/2016 10:00;0,84;235,84
31/07/2016 10:00;0,84;235,84
01/08/2016 10:00;0,84;235,84
02/08/2016 10:00;0,84;235,84
03/08/2016 10:00;0,84;235,84
04/08/2016 10:00;0,84;235,84
05/08/2016 10:00;0,84;235,84
06/08/2016 10:00;0,84;235,84
07/08/2016 10:00;0,82;235,82
08/08/2016 10:00;0,82;235,82
09/08/2016 10:00;0,84;235,84
10/08/2016 10:00;0,84;235,84
11/08/2016 10:00;0,84;235,84
12/08/2016 10:00;0,83;235,83
13/08/2016 10:00;0,86;235,86
14/08/2016 10:00;0,89;235,89
15/08/2016 10:00;0,88;235,88
16/08/2016 10:00;0,88;235,88
17/08/2016 10:00;0,89;235,89
18/08/2016 10:00;0,87;235,87
19/08/2016 10:00;0,87;235,87
20/08/2016 10:00;0,86;235,86
21/08/2016 10:00;0,86;235,86
22/08/2016 10:00;0,86;235,86
23/08/2016 10:00;0,86;235,86
24/08/2016 10:00;0,86;235,86
25/08/2016 10:00;0,86;235,86
26/08/2016 10:00;0,84;235,84
27/08/2016 10:00;0,84;235,84
28/08/2016 10:00;0,84;235,84
29/08/2016 10:00;0,84;235,84
30/08/2016 10:00;0,83;235,83
31/08/2016 10:00;0,81;235,81
01/09/2016 10:00;0,81;235,81
02/09/2016 10:00;0,81;235,81
03/09/2016 10:00;0,81;235,81
04/09/2016 10:00;0,81;235,81
05/09/2016 10:00;0,8;235,8
06/09/2016 10:00;0,82;235,82
07/09/2016 10:00;0,84;235,84
08/09/2016 10:00;0,84;235,84
09/09/2016 10:00;0,84;235,84
10/09/2016 10:00;0,88;235,88
11/09/2016 10:00;0,88;235,88
12/09/2016 10:00;0,9;235,9
13/09/2016 10:00;0,88;235,88
14/09/2016 10:00;0,85;235,85
15/09/2016 10:00;0,85;235,85
16/09/2016 10:00;0,84;235,84
17/09/2016 10:00;0,84;235,84
18/09/2016 10:00;0,86;235,86
19/09/2016 10:00;0,86;235,86
20/09/2016 10:00;0,86;235,86
21/09/2016 10:00;0,86;235,86
22/09/2016 10:00;0,86;235,86
23/09/2016 10:00;0,85;235,85
24/09/2016 10:00;0,85;235,85
25/09/2016 10:00;0,86;235,86
26/09/2016 10:00;0,85;235,85
27/09/2016 10:00;0,85;235,85
28/09/2016 10:00;0,84;235,84
29/09/2016 10:00;0,84;235,84
30/09/2016 10:00;0,84;235,84
01/10/2016 10:00;0,84;235,84
02/10/2016 10:00;0,87;235,87
03/10/2016 10:00;0,85;235,85
04/10/2016 10:00;0,86;235,86
05/10/2016 10:00;0,84;235,84
06/10/2016 10:00;0,84;235,84
07/10/2016 10:00;0,83;235,83
08/10/2016 10:00;0,83;235,83
09/10/2016 10:00;0,85;235,85
10/10/2016 10:00;0,86;235,86
11/10/2016 10:00;0,84;235,84
12/10/2016 10:00;0,84;235,84
13/10/2016 10:00;0,84;235,84
14/10/2016 10:00;0,84;235,84
15/10/2016 10:00;0,85;235,85
16/10/2016 10:00;0,85;235,85
17/10/2016 10:00;0,9;235,9
18/10/2016 10:00;0,96;235,96
19/10/2016 10:00;0,96;235,96
20/10/2016 10:00;0,96;235,96
21/10/2016 10:00;0,96;235,96
22/10/2016 10:00;0,96;235,96
23/10/2016 10:00;0,94;235,94
24/10/2016 10:00;0,94;235,94
25/10/2016 10:00;0,94;235,94
26/10/2016 10:00;0,96;235,96
27/10/2016 10:00;0,97;235,97
28/10/2016 10:00;1;236
29/10/2016 10:00;1;236
30/10/2016 10:00;1;236
31/10/2016 10:00;1;236
01/11/2016 10:00;0,96;235,96
02/11/2016 10:00;0,97;235,97
03/11/2016 10:00;0,97;235,97
04/11/2016 10:00;0,92;235,92
05/11/2016 10:00;0,9;235,9
06/11/2016 10:00;0,88;235,88
07/11/2016 10:00;0,88;235,88
08/11/2016 10:00;0,87;235,87
09/11/2016 10:00;0,87;235,87
10/11/2016 10:00;0,87;235,87
11/11/2016 10:00;0,87;235,87
12/11/2016 10:00;0,86;235,86
13/11/2016 10:00;0,83;235,83
14/11/2016 10:00;0,84;235,84
15/11/2016 10:00;0,84;235,84
16/11/2016 10:00;0,84;235,84
17/11/2016 10:00;0,9;235,9
18/11/2016 10:00;0,89;235,89
19/11/2016 10:00;0,88;235,88
20/11/2016 10:00;1;236
21/11/2016 10:00;1;236
22/11/2016 10:00;1;236
23/11/2016 10:00;0,94;235,94
24/11/2016 10:00;0,92;235,92
25/11/2016 10:00;0,92;235,92
26/11/2016 10:00;0,94;235,94
27/11/2016 10:00;0,94;235,94
28/11/2016 10:00;0,94;235,94
29/11/2016 10:00;0,95;235,95
30/11/2016 10:00;0,95;235,95
01/12/2016 10:00;0,95;235,95
02/12/2016 10:00;0,95;235,95
03/12/2016 10:00;0,95;235,95
04/12/2016 10:00;0,95;235,95
05/12/2016 10:00;0,95;235,95
06/12/2016 10:00;0,95;235,95
07/12/2016 10:00;0,95;235,95
08/12/2016 10:00;0,95;235,95
09/12/2016 10:00;0,97;235,97
10/12/2016 10:00;0,97;235,97
11/12/2016 10:00;1;236
12/12/2016 10:00;1;236
13/12/2016 10:00;1;236
14/12/2016 10:00;1,05;236,05
15/12/2016 10:00;1,05;236,05
16/12/2016 10:00;1,05;236,05
17/12/2016 10:00;1;236
18/12/2016 10:00;1;236
19/12/2016 10:00;1,04;236,04
20/12/2016 10:00;1,04;236,04
21/12/2016 10:00;1,03;236,03
22/12/2016 10:00;1,03;236,03
23/12/2016 10:00;1,05;236,05
24/12/2016 10:00;1,05;236,05
25/12/2016 10:00;1,07;236,07
26/12/2016 10:00;1,06;236,06
27/12/2016 10:00;1,06;236,06
28/12/2016 10:00;1,08;236,08
29/12/2016 10:00;1,08;236,08
30/12/2016 10:00;1,09;236,09
31/12/2016 10:00;1,1;236,1
01/01/2017 10:00;1,1;236,1
02/01/2017 10:00;1,2;236,2
03/01/2017 10:00;1,2;236,2
04/01/2017 10:00;1,2;236,2
05/01/2017 10:00;1,19;236,19
06/01/2017 10:00;1,19;236,19
07/01/2017 10:00;1,19;236,19
08/01/2017 10:00;1,19;236,19
09/01/2017 10:00;1,19;236,19
10/01/2017 10:00;1,2;236,2
11/01/2017 10:00;1,2;236,2
12/01/2017 10:00;1,2;236,2
13/01/2017 10:00;1,2;236,2
14/01/2017 10:00;1,2;236,2
15/01/2017 10:00;1,2;236,2
16/01/2017 10:00;1,2;236,2
17/01/2017 10:00;1,2;236,2
18/01/2017 10:00;1,2;236,2
19/01/2017 10:00;1,18;236,18
20/01/2017 10:00;1,18;236,18
21/01/2017 10:00;1,19;236,19
22/01/2017 10:00;1,19;236,19
23/01/2017 10:00;1,19;236,19
24/01/2017 10:00;1,19;236,19
25/01/2017 10:00;1,19;236,19
26/01/2017 10:00;1,19;236,19
27/01/2017 10:00;1,2;236,2
28/01/2017 10:00;1,2;236,2
29/01/2017 10:00;1,19;236,19
30/01/2017 10:00;1,2;236,2
31/01/2017 10:00;1,2;236,2
01/02/2017 10:00;1,16;236,16
02/02/2017 10:00;1,18;236,18
03/02/2017 10:00;1,19;236,19
04/02/2017 10:00;1,19;236,19
05/02/2017 10:00;1,18;236,18
06/02/2017 10:00;1,18;236,18
07/02/2017 10:00;1,18;236,18
08/02/2017 10:00;1,19;236,19
09/02/2017 10:00;1,19;236,19
10/02/2017 10:00;1,19;236,19
11/02/2017 10:00;1,19;236,19
12/02/2017 10:00;1,19;236,19
13/02/2017 10:00;1,19;236,19
14/02/2017 10:00;1,16;236,16
15/02/2017 10:00;1,16;236,16
16/02/2017 10:00;1,16;236,16
17/02/2017 10:00;1,16;236,16
18/02/2017 10:00;1,21;236,21
19/02/2017 10:00;1,21;236,21
20/02/2017 10:00;1,2;236,2
21/02/2017 10:00;1,17;236,17
22/02/2017 10:00;1,17;236,17
23/02/2017 10:00;1,17;236,17
24/02/2017 10:00;1,13;236,13
25/02/2017 10:00;1,15;236,15
26/02/2017 10:00;1,14;236,14
27/02/2017 10:00;1,17;236,17
28/02/2017 10:00;1,19;236,19
01/03/2017 10:00;1,21;236,21
02/03/2017 10:00;1,2;236,2
03/03/2017 10:00;1,2;236,2
04/03/2017 10:00;1,2;236,2
05/03/2017 10:00;1,21;236,21
06/03/2017 10:00;1,21;236,21
07/03/2017 10:00;1,2;236,2
08/03/2017 10:00;1,2;236,2
09/03/2017 10:00;1,2;236,2
10/03/2017 10:00;1,2;236,2
11/03/2017 10:00;1,22;236,22
12/03/2017 10:00;1,22;236,22
13/03/2017 10:00;1,22;236,22
14/03/2017 10:00;1,22;236,22
15/03/2017 10:00;1,2;236,2
16/03/2017 10:00;1,2;236,2
17/03/2017 10:00;1,18;236,18
18/03/2017 10:00;1,18;236,18
19/03/2017 10:00;1,18;236,18
20/03/2017 10:00;1,18;236,18
21/03/2017 10:00;1,17;236,17
22/03/2017 10:00;1,16;236,16
23/03/2017 10:00;1,16;236,16
24/03/2017 10:00;1,16;236,16
25/03/2017 10:00;1,15;236,15
26/03/2017 10:00;1,15;236,15
27/03/2017 10:00;1,15;236,15
28/03/2017 10:00;1,17;236,17
29/03/2017 10:00;1,26;236,26
30/03/2017 10:00;1,25;236,25
31/03/2017 10:00;1,25;236,25
01/04/2017 10:00;1,25;236,25
02/04/2017 10:00;1,24;236,24
03/04/2017 10:00;1,25;236,25
04/04/2017 10:00;1,2;236,2
05/04/2017 10:00;1,1;236,1
06/04/2017 10:00;1,14;236,14
07/04/2017 10:00;1,12;236,12
08/04/2017 10:00;1,12;236,12
09/04/2017 10:00;1,14;236,14
10/04/2017 10:00;1,13;236,13
11/04/2017 10:00;1,14;236,14
12/04/2017 10:00;1,14;236,14
13/04/2017 10:00;1,14;236,14
14/04/2017 10:00;1;236
15/04/2017 10:00;1;236
16/04/2017 10:00;1;236
17/04/2017 10:00;0,98;235,98
18/04/2017 10:00;1,1;236,1
19/04/2017 10:00;1;236
20/04/2017 10:00;1,1;236,1
21/04/2017 10:00;1,12;236,12
22/04/2017 10:00;1,1;236,1
23/04/2017 10:00;1,1;236,1
24/04/2017 10:00;1,1;236,1
25/04/2017 10:00;1,08;236,08
26/04/2017 10:00;1,08;236,08
27/04/2017 10:00;1,08;236,08
28/04/2017 10:00;1;236
29/04/2017 10:00;1;236
30/04/2017 10:00;1;236
01/05/2017 10:00;0,99;235,99
02/05/2017 10:00;0,98;235,98
03/05/2017 10:00;0,97;235,97
04/05/2017 10:00;0,98;235,98
05/05/2017 10:00;0,97;235,97
06/05/2017 10:00;0,97;235,97
07/05/2017 10:00;0,97;235,97
08/05/2017 10:00;0,98;235,98
09/05/2017 10:00;0,98;235,98
10/05/2017 10:00;1;236
11/05/2017 10:00;1;236
12/05/2017 10:00;0,9;235,9
13/05/2017 10:00;0,92;235,92
14/05/2017 10:00;0,92;235,92
15/05/2017 10:00;0,92;235,92
16/05/2017 10:00;0,92;235,92
17/05/2017 10:00;0,9;235,9
18/05/2017 10:00;0,9;235,9
19/05/2017 10:00;0,9;235,9
20/05/2017 10:00;0,9;235,9
21/05/2017 10:00;0,9;235,9
22/05/2017 10:00;0,9;235,9
23/05/2017 10:00;0,9;235,9
24/05/2017 10:00;0,9;235,9
25/05/2017 10:00;0,9;235,9
26/05/2017 10:00;0,9;235,9
27/05/2017 10:00;0,9;235,9
28/05/2017 10:00;0,9;235,9
29/05/2017 10:00;0,9;235,9
30/05/2017 10:00;0,89;235,89
31/05/2017 10:00;0,89;235,89
01/06/2017 10:00;0,8;235,8
02/06/2017 10:00;0,8;235,8
03/06/2017 10:00;0,84;235,84
04/06/2017 10:00;0,84;235,84
05/06/2017 10:00;0,84;235,84
06/06/2017 10:00;0,82;235,82
07/06/2017 10:00;0,82;235,82
08/06/2017 10:00;0,82;235,82
09/06/2017 10:00;0,82;235,82
10/06/2017 10:00;0,82;235,82
11/06/2017 10:00;0,82;235,82
12/06/2017 10:00;0,82;235,82
13/06/2017 10:00;0,82;235,82
14/06/2017 10:00;0,88;235,88
15/06/2017 10:00;0,98;235,98
16/06/2017 10:00;0,96;235,96
17/06/2017 10:00;0,96;235,96
18/06/2017 10:00;0,84;235,84
19/06/2017 10:00;0,83;235,83
20/06/2017 10:00;0,83;235,83
21/06/2017 10:00;0,84;235,84
22/06/2017 10:00;0,83;235,83
23/06/2017 10:00;0,84;235,84
24/06/2017 10:00;0,84;235,84
25/06/2017 10:00;0,84;235,84
26/06/2017 10:00;0,84;235,84
27/06/2017 10:00;0,84;235,84
28/06/2017 10:00;0,84;235,84
29/06/2017 10:00;0,84;235,84
30/06/2017 10:00;0,84;235,84
01/07/2017 10:00;0,84;235,84
02/07/2017 10:00;0,84;235,84
03/07/2017 10:00;0,82;235,82
04/07/2017 10:00;0,82;235,82
05/07/2017 10:00;0,83;235,83
06/07/2017 10:00;0,84;235,84
07/07/2017 10:00;0,83;235,83
08/07/2017 10:00;0,83;235,83
09/07/2017 10:00;0,84;235,84
10/07/2017 10:00;0,84;235,84
11/07/2017 10:00;0,84;235,84
12/07/2017 10:00;0,84;235,84
13/07/2017 10:00;0,84;235,84
14/07/2017 10:00;0,84;235,84
15/07/2017 10:00;0,84;235,84
16/07/2017 10:00;0,84;235,84
17/07/2017 10:00;0,84;235,84
18/07/2017 10:00;0,84;235,84
19/07/2017 10:00;0,84;235,84
20/07/2017 10:00;0,84;235,84
21/07/2017 10:00;0,84;235,84
22/07/2017 10:00;0,84;235,84
23/07/2017 10:00;0,86;235,86
24/07/2017 10:00;0,89;235,89
25/07/2017 10:00;0,83;235,83
26/07/2017 10:00;0,85;235,85
27/07/2017 10:00;0,89;235,89
28/07/2017 10:00;0,91;235,91
29/07/2017 10:00;0,87;235,87
30/07/2017 10:00;0,83;235,83
31/07/2017 10:00;0,78;235,78
01/08/2017 10:00;0,81;235,81
02/08/2017 10:00;0,85;235,85
03/08/2017 10:00;0,83;235,83
04/08/2017 10:00;0,84;235,84
05/08/2017 10:00;0,84;235,84
06/08/2017 10:00;0,83;235,83
07/08/2017 10:00;0,83;235,83
08/08/2017 10:00;0,83;235,83
09/08/2017 10:00;0,83;235,83
10/08/2017 10:00;0,83;235,83
11/08/2017 10:00;0,83;235,83
12/08/2017 10:00;0,83;235,83
13/08/2017 10:00;0,83;235,83
14/08/2017 10:00;0,82;235,82
15/08/2017 10:00;0,82;235,82
16/08/2017 10:00;0,8;235,8
17/08/2017 10:00;0,8;235,8
18/08/2017 10:00;0,8;235,8
19/08/2017 10:00;0,82;235,82
20/08/2017 10:00;0,82;235,82
21/08/2017 10:00;0,83;235,83
22/08/2017 10:00;0,83;235,83
23/08/2017 10:00;0,83;235,83
24/08/2017 10:00;0,83;235,83
25/08/2017 10:00;0,83;235,83
26/08/2017 10:00;0,95;235,95
27/08/2017 10:00;0,94;235,94
28/08/2017 10:00;0,9;235,9
29/08/2017 10:00;0,9;235,9
30/08/2017 10:00;0,84;235,84
31/08/2017 10:00;0,84;235,84
01/09/2017 10:00;0,84;235,84
02/09/2017 10:00;0,84;235,84
03/09/2017 10:00;0,84;235,84
04/09/2017 10:00;0,84;235,84
05/09/2017 10:00;0,84;235,84
06/09/2017 10:00;0,84;235,84
07/09/2017 10:00;0,84;235,84
08/09/2017 10:00;0,84;235,84
09/09/2017 10:00;0,83;235,83
10/09/2017 10:00;0,84;235,84
11/09/2017 10:00;0,84;235,84
12/09/2017 10:00;0,84;235,84
13/09/2017 10:00;0,82;235,82
14/09/2017 10:00;0,82;235,82
15/09/2017 10:00;0,82;235,82
16/09/2017 10:00;0,82;235,82
17/09/2017 10:00;0,82;235,82
18/09/2017 10:00;0,84;235,84
19/09/2017 10:00;0,84;235,84
20/09/2017 10:00;0,84;235,84
21/09/2017 10:00;0,86;235,86
22/09/2017 10:00;0,86;235,86
23/09/2017 10:00;0,88;235,88
24/09/2017 10:00;0,88;235,88
25/09/2017 10:00;0,88;235,88
26/09/2017 10:00;0,88;235,88
27/09/2017 10:00;0,88;235,88
28/09/2017 10:00;0,94;235,94
29/09/2017 10:00;0,96;235,96
30/09/2017 10:00;0,96;235,96
01/10/2017 10:00;0,96;235,96
02/10/2017 10:00;0,96;235,96
03/10/2017 10:00;0,96;235,96
04/10/2017 10:00;0,94;235,94
05/10/2017 10:00;0,97;235,97
06/10/2017 10:00;0,97;235,97
07/10/2017 10:00;0,98;235,98
08/10/2017 10:00;0,96;235,96
09/10/2017 10:00;0,94;235,94
10/10/2017 10:00;0,94;235,94
11/10/2017 10:00;0,92;235,92
12/10/2017 10:00;0,92;235,92
13/10/2017 10:00;0,92;235,92
14/10/2017 10:00;0,92;235,92
15/10/2017 10:00;0,94;235,94
16/10/2017 10:00;0,94;235,94
17/10/2017 10:00;0,96;235,96
18/10/2017 10:00;0,96;235,96
19/10/2017 10:00;0,96;235,96
20/10/2017 10:00;0,97;235,97
21/10/2017 10:00;0,97;235,97
22/10/2017 10:00;0,98;235,98
23/10/2017 10:00;0,98;235,98
24/10/2017 10:00;0,99;235,99
25/10/2017 10:00;0,98;235,98
26/10/2017 10:00;0,98;235,98
27/10/2017 10:00;0,99;235,99
28/10/2017 10:00;0,99;235,99
29/10/2017 10:00;0,99;235,99
30/10/2017 10:00;1;236
31/10/2017 10:00;1;236
01/11/2017 10:00;1,02;236,02
02/11/2017 10:00;1,26;236,26
03/11/2017 10:00;1,25;236,25
04/11/2017 10:00;1,25;236,25
05/11/2017 10:00;1,25;236,25
06/11/2017 10:00;1,3;236,3
07/11/2017 10:00;1,3;236,3
08/11/2017 10:00;1,32;236,32
09/11/2017 10:00;1,32;236,32
10/11/2017 10:00;1,32;236,32
11/11/2017 10:00;1,32;236,32
12/11/2017 10:00;1,32;236,32
13/11/2017 10:00;1,3;236,3
14/11/2017 10:00;1,3;236,3
15/11/2017 10:00;1,29;236,29
16/11/2017 10:00;1,28;236,28
17/11/2017 10:00;1,26;236,26
18/11/2017 10:00;1,26;236,26
19/11/2017 10:00;1,26;236,26
20/11/2017 10:00;1,26;236,26
21/11/2017 10:00;1,3;236,3
22/11/2017 10:00;1,3;236,3
23/11/2017 10:00;1,28;236,28
24/11/2017 10:00;1,28;236,28
25/11/2017 10:00;1,28;236,28
26/11/2017 10:00;1,28;236,28
27/11/2017 10:00;1,28;236,28
28/11/2017 10:00;1,28;236,28
29/11/2017 10:00;1,28;236,28
30/11/2017 10:00;1,28;236,28
01/12/2017 10:00;1,29;236,29
02/12/2017 10:00;1,34;236,34
03/12/2017 10:00;1,35;236,35
04/12/2017 10:00;1,34;236,34
05/12/2017 10:00;1,34;236,34
06/12/2017 10:00;1,34;236,34
07/12/2017 10:00;1,33;236,33
08/12/2017 10:00;1,33;236,33
09/12/2017 10:00;1,3;236,3
10/12/2017 10:00;1,3;236,3
11/12/2017 10:00;1,3;236,3
12/12/2017 10:00;1,26;236,26
13/12/2017 10:00;1,25;236,25
14/12/2017 10:00;1,26;236,26
15/12/2017 10:00;1,27;236,27
16/12/2017 10:00;1,27;236,27
17/12/2017 10:00;1,3;236,3
18/12/2017 10:00;1,3;236,3
19/12/2017 10:00;1,27;236,27
20/12/2017 10:00;1,27;236,27
21/12/2017 10:00;1,27;236,27
22/12/2017 10:00;1,27;236,27
23/12/2017 10:00;1,26;236,26
24/12/2017 10:00;1,26;236,26
25/12/2017 10:00;1,26;236,26
26/12/2017 10:00;1,26;236,26
27/12/2017 10:00;1,27;236,27
28/12/2017 10:00;1,27;236,27
29/12/2017 10:00;1,28;236,28
30/12/2017 10:00;1,28;236,28
31/12/2017 10:00;1,28;236,28
01/01/2018 10:00;1,26;236,26
02/01/2018 10:00;1,26;236,26
03/01/2018 10:00;1,27;236,27
04/01/2018 10:00;1,27;236,27
05/01/2018 10:00;1,28;236,28
06/01/2018 10:00;1,28;236,28
07/01/2018 10:00;1,28;236,28
08/01/2018 10:00;1,28;236,28
09/01/2018 10:00;1,28;236,28
10/01/2018 10:00;1,28;236,28
11/01/2018 10:00;1,27;236,27
12/01/2018 10:00;1,27;236,27
13/01/2018 10:00;1,28;236,28
14/01/2018 10:00;1,28;236,28
15/01/2018 10:00;1,29;236,29
16/01/2018 10:00;1,29;236,29
17/01/2018 10:00;1,29;236,29
18/01/2018 10:00;1,29;236,29
19/01/2018 10:00;1,29;236,29
20/01/2018 10:00;1,29;236,29
21/01/2018 10:00;1,29;236,29
22/01/2018 10:00;1,3;236,3
23/01/2018 10:00;1,3;236,3
24/01/2018 10:00;1,3;236,3
25/01/2018 10:00;1,33;236,33
26/01/2018 10:00;1,34;236,34
27/01/2018 10:00;1,34;236,34
28/01/2018 10:00;1,34;236,34
29/01/2018 10:00;1,33;236,33
30/01/2018 10:00;1,33;236,33
31/01/2018 10:00;1,32;236,32
01/02/2018 10:00;1,32;236,32
02/02/2018 10:00;1,33;236,33
03/02/2018 10:00;1,34;236,34
04/02/2018 10:00;1,33;236,33
05/02/2018 10:00;1,33;236,33
06/02/2018 10:00;1,33;236,33
07/02/2018 10:00;1,29;236,29
08/02/2018 10:00;1,3;236,3
09/02/2018 10:00;1,31;236,31
10/02/2018 10:00;1,3;236,3
11/02/2018 10:00;1,3;236,3
12/02/2018 10:00;1,3;236,3
13/02/2018 10:00;1,3;236,3
14/02/2018 10:00;1,3;236,3
15/02/2018 10:00;1,3;236,3
16/02/2018 10:00;1,3;236,3
17/02/2018 10:00;1,3;236,3
18/02/2018 10:00;1,29;236,29
19/02/2018 10:00;1,3;236,3
20/02/2018 10:00;1,29;236,29
21/02/2018 10:00;1,28;236,28
22/02/2018 10:00;1,28;236,28
23/02/2018 10:00;1,28;236,28
24/02/2018 10:00;1,28;236,28
25/02/2018 10:00;1,3;236,3
26/02/2018 10:00;1,32;236,32
27/02/2018 10:00;1,3;236,3
28/02/2018 10:00;1,3;236,3
01/03/2018 10:00;1,3;236,3
02/03/2018 10:00;1,31;236,31
03/03/2018 10:00;1,3;236,3
04/03/2018 10:00;1,3;236,3
05/03/2018 10:00;1,3;236,3
06/03/2018 10:00;1,25;236,25
07/03/2018 10:00;1,25;236,25
08/03/2018 10:00;1,25;236,25
09/03/2018 10:00;1,25;236,25
10/03/2018 10:00;1,25;236,25
11/03/2018 10:00;1,25;236,25
12/03/2018 10:00;1,25;236,25
13/03/2018 10:00;1,25;236,25
14/03/2018 10:00;1,25;236,25
15/03/2018 10:00;1,25;236,25
16/03/2018 10:00;1,25;236,25
17/03/2018 10:00;1,25;236,25
18/03/2018 10:00;1,25;236,25
19/03/2018 10:00;1,25;236,25
20/03/2018 10:00;1,25;236,25
21/03/2018 10:00;1,25;236,25
22/03/2018 10:00;1,27;236,27
23/03/2018 10:00;1,27;236,27
24/03/2018 10:00;1,27;236,27
25/03/2018 10:00;1,27;236,27
26/03/2018 10:00;1,27;236,27
27/03/2018 10:00;1,27;236,27
28/03/2018 10:00;1,27;236,27
29/03/2018 10:00;1,27;236,27
30/03/2018 10:00;1,27;236,27
31/03/2018 10:00;1,27;236,27
01/04/2018 10:00;1,3;236,3
02/04/2018 10:00;1,3;236,3
03/04/2018 10:00;1,3;236,3
04/04/2018 10:00;1,26;236,26
05/04/2018 10:00;1,26;236,26
06/04/2018 10:00;1,25;236,25
07/04/2018 10:00;1,25;236,25
08/04/2018 10:00;1,27;236,27
09/04/2018 10:00;1,26;236,26
10/04/2018 10:00;1,26;236,26
11/04/2018 10:00;1,27;236,27
12/04/2018 10:00;1,27;236,27
13/04/2018 10:00;1,27;236,27
14/04/2018 10:00;1,27;236,27
15/04/2018 10:00;1,27;236,27
16/04/2018 10:00;1,27;236,27
17/04/2018 10:00;1,27;236,27
18/04/2018 10:00;1,27;236,27
19/04/2018 10:00;1,27;236,27
20/04/2018 10:00;1,27;236,27
21/04/2018 10:00;1,27;236,27
22/04/2018 10:00;1,28;236,28
23/04/2018 10:00;1,28;236,28
24/04/2018 10:00;1,28;236,28
25/04/2018 10:00;1,28;236,28
26/04/2018 10:00;1,28;236,28
27/04/2018 10:00;1,28;236,28
28/04/2018 10:00;1,28;236,28
29/04/2018 10:00;1,29;236,29
30/04/2018 10:00;1,26;236,26
01/05/2018 10:00;1,28;236,28
02/05/2018 10:00;1,3;236,3
03/05/2018 10:00;1,29;236,29
04/05/2018 10:00;1,3;236,3
05/05/2018 10:00;1,3;236,3
06/05/2018 10:00;1,3;236,3
07/05/2018 10:00;1,28;236,28
08/05/2018 10:00;1,28;236,28
09/05/2018 10:00;1,28;236,28
10/05/2018 10:00;1,27;236,27
11/05/2018 10:00;1,27;236,27
12/05/2018 10:00;1,26;236,26
13/05/2018 10:00;1,26;236,26
14/05/2018 10:00;1,26;236,26
15/05/2018 10:00;1,26;236,26
16/05/2018 10:00;1,26;236,26
17/05/2018 10:00;1,24;236,24
18/05/2018 10:00;1,22;236,22
19/05/2018 10:00;1,2;236,2
20/05/2018 10:00;1,2;236,2
21/05/2018 10:00;1,2;236,2
22/05/2018 10:00;1,22;236,22
23/05/2018 10:00;1,22;236,22
24/05/2018 10:00;1,22;236,22
25/05/2018 10:00;1,2;236,2
26/05/2018 10:00;1,18;236,18
27/05/2018 10:00;1,18;236,18
28/05/2018 10:00;1,18;236,18
29/05/2018 10:00;1,16;236,16
30/05/2018 10:00;1,3;236,3
31/05/2018 10:00;1,5;236,5
01/06/2018 10:00;1,5;236,5
02/06/2018 10:00;1,56;236,56
03/06/2018 10:00;1,56;236,56
04/06/2018 10:00;1,58;236,58
05/06/2018 10:00;1,7;236,7
06/06/2018 10:00;1,7;236,7
07/06/2018 10:00;1,71;236,71
08/06/2018 10:00;1,72;236,72
09/06/2018 10:00;1,73;236,73
10/06/2018 10:00;1,74;236,74
11/06/2018 10:00;2;237
12/06/2018 10:00;2,02;237,02
13/06/2018 10:00;2,22;237,22
14/06/2018 10:00;2,27;237,27
15/06/2018 10:00;2,33;237,33
16/06/2018 10:00;2,5;237,5
17/06/2018 10:00;2,52;237,52
18/06/2018 10:00;2,54;237,54
19/06/2018 10:00;2,6;237,6
20/06/2018 10:00;2,68;237,68
21/06/2018 10:00;2,74;237,74
22/06/2018 10:00;2,8;237,8
23/06/2018 10:00;2,9;237,9
24/06/2018 10:00;2,9;237,9
25/06/2018 10:00;2,94;237,94
26/06/2018 10:00;2,93;237,93
27/06/2018 10:00;2,87;237,87
28/06/2018 10:00;2,74;237,74
29/06/2018 10:00;2,6;237,6
30/06/2018 10:00;2,6;237,6
01/07/2018 10:00;2,49;237,49
02/07/2018 10:00;2,48;237,48
03/07/2018 10:00;2,48;237,48
04/07/2018 10:00;2,44;237,44
05/07/2018 10:00;2,35;237,35
06/07/2018 10:00;2,35;237,35
07/07/2018 10:00;2,36;237,36
08/07/2018 10:00;2,36;237,36
09/07/2018 10:00;2,34;237,34
10/07/2018 10:00;2,34;237,34
11/07/2018 10:00;2,35;237,35
12/07/2018 10:00;2,37;237,37
13/07/2018 10:00;2,34;237,34
14/07/2018 10:00;2,34;237,34
15/07/2018 10:00;2,31;237,31
16/07/2018 10:00;2,3;237,3
17/07/2018 10:00;2,22;237,22
18/07/2018 10:00;2,24;237,24
19/07/2018 10:00;2,4;237,4
20/07/2018 10:00;2,36;237,36
21/07/2018 10:00;2,36;237,36
22/07/2018 10:00;2,37;237,37
23/07/2018 10:00;2,36;237,36
24/07/2018 10:00;2,38;237,38
25/07/2018 10:00;2,49;237,49
26/07/2018 10:00;2,5;237,5
27/07/2018 10:00;2,55;237,55
28/07/2018 10:00;2,52;237,52
29/07/2018 10:00;2,55;237,55
30/07/2018 10:00;2,55;237,55
31/07/2018 10:00;2,56;237,56
01/08/2018 10:00;2,58;237,58
02/08/2018 10:00;2,58;237,58
03/08/2018 10:00;2,58;237,58
04/08/2018 10:00;2,58;237,58
05/08/2018 10:00;2,49;237,49
06/08/2018 10:00;2,47;237,47
07/08/2018 10:00;2,46;237,46
08/08/2018 10:00;2,44;237,44
09/08/2018 10:00;2,46;237,46
10/08/2018 10:00;2,46;237,46
11/08/2018 10:00;2,46;237,46
12/08/2018 10:00;2,42;237,42
13/08/2018 10:00;2,41;237,41
14/08/2018 10:00;2,4;237,4
15/08/2018 10:00;2,37;237,37
16/08/2018 10:00;2,36;237,36
17/08/2018 10:00;2,04;237,04
18/08/2018 10:00;2;237
19/08/2018 10:00;1,41;236,41
20/08/2018 10:00;1,42;236,42
21/08/2018 10:00;1,42;236,42
22/08/2018 10:00;1,42;236,42
23/08/2018 10:00;1,42;236,42
24/08/2018 10:00;1,38;236,38
25/08/2018 10:00;1,38;236,38
26/08/2018 10:00;1,38;236,38
27/08/2018 10:00;1,38;236,38
28/08/2018 10:00;1,38;236,38
29/08/2018 10:00;1,38;236,38
30/08/2018 10:00;1,36;236,36
31/08/2018 10:00;1,36;236,36
01/09/2018 10:00;1,36;236,36
02/09/2018 10:00;1,36;236,36
03/09/2018 10:00;1,27;236,27
04/09/2018 10:00;1,24;236,24
05/09/2018 10:00;1,24;236,24
06/09/2018 10:00;1,24;236,24
07/09/2018 10:00;1,21;236,21
08/09/2018 10:00;1,21;236,21
09/09/2018 10:00;1,2;236,2
10/09/2018 10:00;1,2;236,2
11/09/2018 10:00;1,2;236,2
12/09/2018 10:00;1,2;236,2
13/09/2018 10:00;1,2;236,2
14/09/2018 10:00;1,2;236,2
15/09/2018 10:00;1,2;236,2
16/09/2018 10:00;1,2;236,2
17/09/2018 10:00;1,2;236,2
18/09/2018 10:00;1,2;236,2
19/09/2018 10:00;1,19;236,19
20/09/2018 10:00;1,19;236,19
21/09/2018 10:00;1,2;236,2
22/09/2018 10:00;1,2;236,2
23/09/2018 10:00;1,19;236,19
24/09/2018 10:00;1,2;236,2
25/09/2018 10:00;1,2;236,2
26/09/2018 10:00;1,21;236,21
27/09/2018 10:00;1,21;236,21
28/09/2018 10:00;1,2;236,2
29/09/2018 10:00;1,2;236,2
30/09/2018 10:00;1,2;236,2
01/10/2018 10:00;1,17;236,17
02/10/2018 10:00;1,17;236,17
03/10/2018 10:00;1,18;236,18
04/10/2018 10:00;1,18;236,18
05/10/2018 10:00;1,17;236,17
06/10/2018 10:00;1,18;236,18
07/10/2018 10:00;1,2;236,2
08/10/2018 10:00;1,2;236,2
09/10/2018 10:00;1,18;236,18
10/10/2018 10:00;1,14;236,14
11/10/2018 10:00;1,14;236,14
12/10/2018 10:00;1,15;236,15
13/10/2018 10:00;1,18;236,18
14/10/2018 10:00;1,18;236,18
15/10/2018 10:00;1,16;236,16
16/10/2018 10:00;1,16;236,16
17/10/2018 10:00;1,17;236,17
18/10/2018 10:00;1,18;236,18
19/10/2018 10:00;1,18;236,18
20/10/2018 10:00;1,19;236,19
21/10/2018 10:00;1,19;236,19
22/10/2018 10:00;1,19;236,19
23/10/2018 10:00;1,24;236,24
24/10/2018 10:00;1,24;236,24
25/10/2018 10:00;1,24;236,24
26/10/2018 10:00;1,24;236,24
27/10/2018 10:00;1,24;236,24
28/10/2018 10:00;1,24;236,24
29/10/2018 10:00;1,24;236,24
30/10/2018 10:00;1,24;236,24
31/10/2018 10:00;1,24;236,24
01/11/2018 10:00;1,24;236,24
02/11/2018 10:00;1,24;236,24
03/11/2018 10:00;1,24;236,24
04/11/2018 10:00;1,22;236,22
05/11/2018 10:00;1,22;236,22
06/11/2018 10:00;1,22;236,22
07/11/2018 10:00;1,22;236,22
08/11/2018 10:00;1,2;236,2
09/11/2018 10:00;1,2;236,2
10/11/2018 10:00;1,2;236,2
11/11/2018 10:00;1,24;236,24
12/11/2018 10:00;1,24;236,24
13/11/2018 10:00;1,24;236,24
14/11/2018 10:00;1,26;236,26
15/11/2018 10:00;1,8;236,8
16/11/2018 10:00;1,8;236,8
17/11/2018 10:00;1,63;236,63
18/11/2018 10:00;1,37;236,37
19/11/2018 10:00;1,34;236,34
20/11/2018 10:00;1,2;236,2
21/11/2018 10:00;1,17;236,17
22/11/2018 10:00;1,15;236,15
23/11/2018 10:00;1,14;236,14
24/11/2018 10:00;1,17;236,17
25/11/2018 10:00;1,15;236,15
26/11/2018 10:00;1,14;236,14
27/11/2018 10:00;1,14;236,14
28/11/2018 10:00;1,15;236,15
29/11/2018 10:00;1,14;236,14
30/11/2018 10:00;1,14;236,14
01/12/2018 10:00;1,15;236,15
02/12/2018 10:00;1,15;236,15
03/12/2018 10:00;1,15;236,15
04/12/2018 10:00;1,16;236,16
05/12/2018 10:00;1,17;236,17
06/12/2018 10:00;1,18;236,18
07/12/2018 10:00;1,18;236,18
08/12/2018 10:00;1,18;236,18
09/12/2018 10:00;1,18;236,18
10/12/2018 10:00;1,18;236,18
11/12/2018 10:00;1,2;236,2
12/12/2018 10:00;1,2;236,2
13/12/2018 10:00;1,2;236,2
14/12/2018 10:00;1,2;236,2
15/12/2018 10:00;1,18;236,18
16/12/2018 10:00;1,18;236,18
17/12/2018 10:00;1,17;236,17
18/12/2018 10:00;1,17;236,17
19/12/2018 10:00;1,16;236,16
20/12/2018 10:00;1,16;236,16
21/12/2018 10:00;1,18;236,18
22/12/2018 10:00;1,18;236,18
23/12/2018 10:00;1,18;236,18
24/12/2018 10:00;1,2;236,2
25/12/2018 10:00;1,3;236,3
26/12/2018 10:00;1,32;236,32
27/12/2018 10:00;1,38;236,38
28/12/2018 10:00;1,39;236,39
29/12/2018 10:00;1,48;236,48
30/12/2018 10:00;1,48;236,48
31/12/2018 10:00;1,49;236,49
01/01/2019 10:00;1,49;236,49
02/01/2019 10:00;1,49;236,49
03/01/2019 10:00;1,49;236,49
04/01/2019 10:00;1,5;236,5
05/01/2019 10:00;1,5;236,5
06/01/2019 10:00;1,5;236,5
07/01/2019 10:00;1,51;236,51
08/01/2019 10:00;1,52;236,52
09/01/2019 10:00;1,52;236,52
10/01/2019 10:00;1,53;236,53
11/01/2019 10:00;1,54;236,54
12/01/2019 10:00;1,53;236,53
13/01/2019 10:00;1,53;236,53
14/01/2019 10:00;1,52;236,52
15/01/2019 10:00;1,52;236,52
16/01/2019 10:00;1,51;236,51
17/01/2019 10:00;1,51;236,51
18/01/2019 10:00;1,51;236,51
19/01/2019 10:00;1,51;236,51
20/01/2019 10:00;1,51;236,51
21/01/2019 10:00;1,51;236,51
22/01/2019 10:00;1,51;236,51
23/01/2019 10:00;1,51;236,51
24/01/2019 10:00;1,5;236,5
25/01/2019 10:00;1,5;236,5
26/01/2019 10:00;1,5;236,5
27/01/2019 10:00;1,5;236,5
28/01/2019 10:00;1,5;236,5
29/01/2019 10:00;1,5;236,5
30/01/2019 10:00;1,5;236,5
31/01/2019 10:00;1,5;236,5
01/02/2019 10:00;1,49;236,49
02/02/2019 10:00;1,48;236,48
03/02/2019 10:00;1,48;236,48
04/02/2019 10:00;1,48;236,48
05/02/2019 10:00;1,33;236,33
06/02/2019 10:00;1,24;236,24
07/02/2019 10:00;1,2;236,2
08/02/2019 10:00;1,2;236,2
09/02/2019 10:00;1,22;236,22
10/02/2019 10:00;1,2;236,2
11/02/2019 10:00;1,2;236,2
12/02/2019 10:00;1,2;236,2
13/02/2019 10:00;1,21;236,21
14/02/2019 10:00;1,21;236,21
15/02/2019 10:00;1,2;236,2
16/02/2019 10:00;1,2;236,2
17/02/2019 10:00;1,2;236,2
18/02/2019 10:00;1,22;236,22
19/02/2019 10:00;1,5;236,5
20/02/2019 10:00;1,72;236,72
21/02/2019 10:00;1,9;236,9
22/02/2019 10:00;2;237
23/02/2019 10:00;2;237
24/02/2019 10:00;1,8;236,8
25/02/2019 10:00;1,67;236,67
26/02/2019 10:00;1,5;236,5
27/02/2019 10:00;1,34;236,34
28/02/2019 10:00;1,25;236,25
01/03/2019 10:00;1,25;236,25
02/03/2019 10:00;1,25;236,25
03/03/2019 10:00;1,24;236,24
04/03/2019 10:00;1,24;236,24
05/03/2019 10:00;1,24;236,24
06/03/2019 10:00;1,22;236,22
07/03/2019 10:00;1,22;236,22
08/03/2019 10:00;1,21;236,21
09/03/2019 10:00;1,22;236,22
10/03/2019 10:00;1,22;236,22
11/03/2019 10:00;1,22;236,22
12/03/2019 10:00;1,22;236,22
13/03/2019 10:00;1,22;236,22
14/03/2019 10:00;1,22;236,22
15/03/2019 10:00;1,22;236,22
16/03/2019 10:00;1,22;236,22
17/03/2019 10:00;1,22;236,22
18/03/2019 10:00;1,22;236,22
19/03/2019 10:00;1,22;236,22
20/03/2019 10:00;1,22;236,22
21/03/2019 10:00;1,24;236,24
22/03/2019 10:00;1,24;236,24
23/03/2019 10:00;1,24;236,24
24/03/2019 10:00;1,26;236,26
25/03/2019 10:00;1,26;236,26
26/03/2019 10:00;1,26;236,26
27/03/2019 10:00;1,26;236,26
28/03/2019 10:00;1,24;236,24
29/03/2019 10:00;1,24;236,24
30/03/2019 10:00;1,24;236,24
31/03/2019 10:00;1,24;236,24
01/04/2019 10:00;1,24;236,24
02/04/2019 10:00;1,24;236,24
03/04/2019 10:00;1,2;236,2
04/04/2019 10:00;1,2;236,2
05/04/2019 10:00;1,2;236,2
06/04/2019 10:00;1,2;236,2
07/04/2019 10:00;1,2;236,2
08/04/2019 10:00;1,22;236,22
09/04/2019 10:00;1,22;236,22
10/04/2019 10:00;1,2;236,2
11/04/2019 10:00;1,2;236,2
12/04/2019 10:00;1,22;236,22
13/04/2019 10:00;1,22;236,22
14/04/2019 10:00;1,22;236,22
15/04/2019 10:00;1,21;236,21
16/04/2019 10:00;1,2;236,2
17/04/2019 10:00;1,24;236,24
18/04/2019 10:00;1,23;236,23
19/04/2019 10:00;1,23;236,23
20/04/2019 10:00;1,24;236,24
21/04/2019 10:00;1,24;236,24
22/04/2019 10:00;1,24;236,24
23/04/2019 10:00;1,24;236,24
24/04/2019 10:00;1,24;236,24
25/04/2019 10:00;1,24;236,24
26/04/2019 10:00;1,24;236,24
27/04/2019 10:00;1,24;236,24
28/04/2019 10:00;1,24;236,24
29/04/2019 10:00;1,24;236,24
30/04/2019 10:00;1,24;236,24
01/05/2019 10:00;1,25;236,25
02/05/2019 10:00;1,25;236,25
03/05/2019 10:00;1,2;236,2
04/05/2019 10:00;1,2;236,2
05/05/2019 10:00;1,18;236,18
06/05/2019 10:00;1,14;236,14
07/05/2019 10:00;1,12;236,12
08/05/2019 10:00;1,12;236,12
09/05/2019 10:00;1,12;236,12
10/05/2019 10:00;1,12;236,12
11/05/2019 10:00;1,14;236,14
12/05/2019 10:00;1,16;236,16
13/05/2019 10:00;1,16;236,16
14/05/2019 10:00;1,14;236,14
15/05/2019 10:00;1,14;236,14
16/05/2019 10:00;1,12;236,12
17/05/2019 10:00;1,1;236,1
18/05/2019 10:00;1,1;236,1
19/05/2019 10:00;1,08;236,08
20/05/2019 10:00;1,08;236,08
21/05/2019 10:00;1,08;236,08
22/05/2019 10:00;1,08;236,08
23/05/2019 10:00;1,09;236,09
24/05/2019 10:00;1,18;236,18
25/05/2019 10:00;1,18;236,18
26/05/2019 10:00;1,18;236,18
27/05/2019 10:00;1,18;236,18
28/05/2019 10:00;1,18;236,18
29/05/2019 10:00;1,06;236,06
30/05/2019 10:00;1,06;236,06
31/05/2019 10:00;1,06;236,06
01/06/2019 10:00;1,07;236,07
02/06/2019 10:00;1,07;236,07
03/06/2019 10:00;1,07;236,07
04/06/2019 10:00;1,07;236,07
05/06/2019 10:00;1,07;236,07
06/06/2019 10:00;1,07;236,07
07/06/2019 10:00;1,05;236,05
08/06/2019 10:00;1,05;236,05
09/06/2019 10:00;1,05;236,05
10/06/2019 10:00;1,05;236,05
11/06/2019 10:00;1,05;236,05
12/06/2019 10:00;1,05;236,05
13/06/2019 10:00;1,05;236,05
14/06/2019 10:00;1,06;236,06
15/06/2019 10:00;1,06;236,06
16/06/2019 10:00;1,06;236,06
17/06/2019 10:00;1,06;236,06
18/06/2019 10:00;1,06;236,06
19/06/2019 10:00;1,06;236,06
20/06/2019 10:00;1,06;236,06
21/06/2019 10:00;1,06;236,06
22/06/2019 10:00;1,06;236,06
23/06/2019 10:00;1,06;236,06
24/06/2019 10:00;1,2;236,2
25/06/2019 10:00;1,22;236,22
26/06/2019 10:00;1,22;236,22
27/06/2019 10:00;1,72;236,72
28/06/2019 10:00;1,72;236,72
29/06/2019 10:00;2,08;237,08
30/06/2019 10:00;2,18;237,18
01/07/2019 10:00;2,3;237,3
02/07/2019 10:00;2,32;237,32
03/07/2019 10:00;2,36;237,36
04/07/2019 10:00;2,36;237,36
05/07/2019 10:00;2,36;237,36
06/07/2019 10:00;2,36;237,36
07/07/2019 10:00;2,36;237,36
08/07/2019 10:00;2,36;237,36
09/07/2019 10:00;2,36;237,36
10/07/2019 10:00;2,36;237,36
11/07/2019 10:00;2,36;237,36
12/07/2019 10:00;2,36;237,36
13/07/2019 10:00;2,36;237,36
14/07/2019 10:00;1,84;236,84
15/07/2019 10:00;1,82;236,82
16/07/2019 10:00;1,8;236,8
17/07/2019 10:00;1,8;236,8
18/07/2019 10:00;1,8;236,8
19/07/2019 10:00;1,82;236,82
20/07/2019 10:00;1,82;236,82
21/07/2019 10:00;1,84;236,84
22/07/2019 10:00;1,84;236,84
23/07/2019 10:00;1,84;236,84
24/07/2019 10:00;1,84;236,84
25/07/2019 10:00;1,82;236,82
26/07/2019 10:00;1,82;236,82
27/07/2019 10:00;1,82;236,82
28/07/2019 10:00;1,8;236,8
29/07/2019 10:00;1,74;236,74
30/07/2019 10:00;1,7;236,7
31/07/2019 10:00;1,7;236,7
01/08/2019 10:00;1,38;236,38
02/08/2019 10:00;1,24;236,24
03/08/2019 10:00;1,24;236,24
04/08/2019 10:00;1,14;236,14
05/08/2019 10:00;1,14;236,14
06/08/2019 10:00;1,14;236,14
07/08/2019 10:00;1,14;236,14
08/08/2019 10:00;1,14;236,14
09/08/2019 10:00;1,12;236,12
10/08/2019 10:00;1,12;236,12
11/08/2019 10:00;1,1;236,1
12/08/2019 10:00;1,1;236,1
13/08/2019 10:00;1,1;236,1
14/08/2019 10:00;1,1;236,1
15/08/2019 10:00;1,11;236,11
16/08/2019 10:00;1,11;236,11
17/08/2019 10:00;1,1;236,1
18/08/2019 10:00;1,1;236,1
19/08/2019 10:00;1,09;236,09
20/08/2019 10:00;1,06;236,06
21/08/2019 10:00;1,06;236,06
22/08/2019 10:00;1,08;236,08
23/08/2019 10:00;1,08;236,08
24/08/2019 10:00;1,08;236,08
25/08/2019 10:00;1,07;236,07
26/08/2019 10:00;1,07;236,07
27/08/2019 10:00;1,06;236,06
28/08/2019 10:00;1,04;236,04
29/08/2019 10:00;1,04;236,04
30/08/2019 10:00;1,05;236,05
31/08/2019 10:00;1,3;236,3
01/09/2019 10:00;1,31;236,31
02/09/2019 10:00;1,74;236,74
03/09/2019 10:00;2,02;237,02
04/09/2019 10:00;2,2;237,2
05/09/2019 10:00;2,24;237,24
06/09/2019 10:00;2,24;237,24
07/09/2019 10:00;2,24;237,24
08/09/2019 10:00;2,25;237,25
09/09/2019 10:00;2,27;237,27
10/09/2019 10:00;2,27;237,27
11/09/2019 10:00;2,27;237,27
12/09/2019 10:00;2,27;237,27
13/09/2019 10:00;2,27;237,27
14/09/2019 10:00;2,25;237,25
15/09/2019 10:00;1,86;236,86
16/09/2019 10:00;1,86;236,86
17/09/2019 10:00;1,7;236,7
18/09/2019 10:00;1,7;236,7
19/09/2019 10:00;1,48;236,48
20/09/2019 10:00;1,4;236,4
21/09/2019 10:00;1,14;236,14
22/09/2019 10:00;1,14;236,14
23/09/2019 10:00;1,14;236,14
24/09/2019 10:00;1,14;236,14
25/09/2019 10:00;1,14;236,14
26/09/2019 10:00;1,14;236,14
27/09/2019 10:00;1,14;236,14
28/09/2019 10:00;1,14;236,14
29/09/2019 10:00;1,14;236,14
30/09/2019 10:00;1,14;236,14
01/10/2019 10:00;1,14;236,14
02/10/2019 10:00;1,14;236,14
03/10/2019 10:00;1,14;236,14
04/10/2019 10:00;1,14;236,14
05/10/2019 10:00;1,14;236,14
06/10/2019 10:00;1,14;236,14
07/10/2019 10:00;1,14;236,14
08/10/2019 10:00;1,14;236,14
09/10/2019 10:00;1,14;236,14
10/10/2019 10:00;1,15;236,15
11/10/2019 10:00;1,15;236,15
12/10/2019 10:00;1,15;236,15
13/10/2019 10:00;1,16;236,16
14/10/2019 10:00;1,18;236,18
15/10/2019 10:00;1,18;236,18
16/10/2019 10:00;1,21;236,21
17/10/2019 10:00;1,62;236,62
18/10/2019 10:00;1,7;236,7
19/10/2019 10:00;1,7;236,7
20/10/2019 10:00;1,71;236,71
21/10/2019 10:00;1,7;236,7
22/10/2019 10:00;1,5;236,5
23/10/2019 10:00;1,37;236,37
24/10/2019 10:00;1,24;236,24
25/10/2019 10:00;1,2;236,2
26/10/2019 10:00;1,21;236,21
27/10/2019 10:00;1,14;236,14
28/10/2019 10:00;1,14;236,14
29/10/2019 10:00;1,13;236,13
30/10/2019 10:00;1,13;236,13
31/10/2019 10:00;1,14;236,14
01/11/2019 10:00;1,14;236,14
02/11/2019 10:00;1,14;236,14
03/11/2019 10:00;1,14;236,14
04/11/2019 10:00;1,14;236,14
05/11/2019 10:00;1,12;236,12
06/11/2019 10:00;1,12;236,12
07/11/2019 10:00;1,14;236,14
08/11/2019 10:00;1,14;236,14
09/11/2019 10:00;1,14;236,14
10/11/2019 10:00;1,14;236,14
11/11/2019 10:00;1,14;236,14
12/11/2019 10:00;1,14;236,14
13/11/2019 10:00;1,24;236,24
14/11/2019 10:00;1,18;236,18
15/11/2019 10:00;1,16;236,16
16/11/2019 10:00;1,16;236,16
17/11/2019 10:00;1,16;236,16
18/11/2019 10:00;1,16;236,16
19/11/2019 10:00;1,14;236,14
20/11/2019 10:00;1,14;236,14
21/11/2019 10:00;1,14;236,14
22/11/2019 10:00;1,12;236,12
23/11/2019 10:00;1,12;236,12
24/11/2019 10:00;1,22;236,22
25/11/2019 10:00;1,24;236,24
26/11/2019 10:00;1,24;236,24
27/11/2019 10:00;1,24;236,24
28/11/2019 10:00;1,2;236,2
29/11/2019 10:00;1,2;236,2
30/11/2019 10:00;1,2;236,2
01/12/2019 10:00;1,2;236,2
02/12/2019 10:00;1,2;236,2
03/12/2019 10:00;1,2;236,2
04/12/2019 10:00;1,2;236,2
05/12/2019 10:00;1,2;236,2
06/12/2019 10:00;1,2;236,2
07/12/2019 10:00;1,2;236,2
08/12/2019 10:00;1,2;236,2
09/12/2019 10:00;1,2;236,2
10/12/2019 10:00;1,2;236,2
11/12/2019 10:00;1,2;236,2
12/12/2019 10:00;1,16;236,16
13/12/2019 10:00;1,16;236,16
14/12/2019 10:00;1,19;236,19
15/12/2019 10:00;1,19;236,19
16/12/2019 10:00;1,19;236,19
17/12/2019 10:00;1,18;236,18
18/12/2019 10:00;1,18;236,18
19/12/2019 10:00;1,18;236,18
20/12/2019 10:00;1,18;236,18
21/12/2019 10:00;1,18;236,18
22/12/2019 10:00;1,18;236,18
23/12/2019 10:00;1,2;236,2
24/12/2019 10:00;1,2;236,2
25/12/2019 10:00;1,24;236,24
26/12/2019 10:00;1,24;236,24
27/12/2019 10:00;1,25;236,25
28/12/2019 10:00;1,25;236,25
29/12/2019 10:00;1,25;236,25
30/12/2019 10:00;1,28;236,28
31/12/2019 10:00;1,29;236,29
01/01/2020 10:00;1,25;236,25
02/01/2020 10:00;1,23;236,23
03/01/2020 10:00;1,26;236,26
04/01/2020 10:00;1,32;236,32
05/01/2020 10:00;1,32;236,32
06/01/2020 10:00;1,32;236,32
07/01/2020 10:00;1,32;236,32
08/01/2020 10:00;1,3;236,3
09/01/2020 10:00;1,3;236,3
10/01/2020 10:00;1,31;236,31
11/01/2020 10:00;1,31;236,31
12/01/2020 10:00;1,32;236,32
13/01/2020 10:00;1,34;236,34
14/01/2020 10:00;1,34;236,34
15/01/2020 10:00;1,34;236,34
16/01/2020 10:00;1,35;236,35
17/01/2020 10:00;1,4;236,4
18/01/2020 10:00;1,4;236,4
19/01/2020 10:00;1,44;236,44
20/01/2020 10:00;1,48;236,48
21/01/2020 10:00;1,48;236,48
22/01/2020 10:00;1,58;236,58
23/01/2020 10:00;1,71;236,71
24/01/2020 10:00;1,71;236,71
25/01/2020 10:00;1,7;236,7
26/01/2020 10:00;1,72;236,72
27/01/2020 10:00;1,74;236,74
28/01/2020 10:00;1,74;236,74
29/01/2020 10:00;1,75;236,75
30/01/2020 10:00;1,72;236,72
31/01/2020 10:00;1,56;236,56
01/02/2020 00:00;1,5;236,5
01/02/2020 01:00;1,5;236,5
01/02/2020 02:00;1,49;236,49
01/02/2020 03:00;1,49;236,49
01/02/2020 04:00;1,49;236,49
01/02/2020 05:00;1,49;236,49
01/02/2020 06:00;1,49;236,49
01/02/2020 07:00;1,48;236,48
01/02/2020 08:00;1,48;236,48
01/02/2020 09:00;1,48;236,48
01/02/2020 10:00;1,48;236,48
01/02/2020 11:00;1,48;236,48
01/02/2020 12:00;1,48;236,48
01/02/2020 13:00;1,49;236,49
01/02/2020 14:00;1,49;236,49
01/02/2020 15:00;1,49;236,49
01/02/2020 16:00;1,5;236,5
01/02/2020 17:00;1,5;236,5
01/02/2020 18:00;1,5;236,5
01/02/2020 19:00;1,49;236,49
01/02/2020 20:00;1,49;236,49
01/02/2020 21:00;1,49;236,49
01/02/2020 22:00;1,48;236,48
01/02/2020 23:00;1,48;236,48
02/02/2020 00:00;1,48;236,48
02/02/2020 01:00;1,48;236,48
02/02/2020 02:00;1,48;236,48
02/02/2020 03:00;1,48;236,48
02/02/2020 04:00;1,48;236,48
02/02/2020 05:00;1,47;236,47
02/02/2020 06:00;1,47;236,47
02/02/2020 07:00;1,46;236,46
02/02/2020 08:00;1,46;236,46
02/02/2020 09:00;1,46;236,46
02/02/2020 10:00;1,45;236,45
02/02/2020 11:00;1,45;236,45
02/02/2020 12:00;1,45;236,45
02/02/2020 13:00;1,46;236,46
02/02/2020 14:00;1,47;236,47
02/02/2020 15:00;1,47;236,47
02/02/2020 16:00;1,47;236,47
02/02/2020 17:00;1,47;236,47
02/02/2020 18:00;1,47;236,47
02/02/2020 19:00;1,47;236,47
02/02/2020 20:00;1,47;236,47
02/02/2020 21:00;1,47;236,47
02/02/2020 22:00;1,47;236,47
02/02/2020 23:00;1,47;236,47
03/02/2020 00:00;1,47;236,47
03/02/2020 01:00;1,47;236,47
03/02/2020 02:00;1,46;236,46
03/02/2020 03:00;1,46;236,46
03/02/2020 04:00;1,47;236,47
03/02/2020 05:00;1,47;236,47
03/02/2020 06:00;1,48;236,48
03/02/2020 07:00;1,48;236,48
03/02/2020 08:00;1,49;236,49
03/02/2020 09:00;1,49;236,49
03/02/2020 10:00;1,49;236,49
03/02/2020 11:00;1,49;236,49
03/02/2020 12:00;1,49;236,49
03/02/2020 13:00;1,49;236,49
03/02/2020 14:00;1,49;236,49
03/02/2020 15:00;1,49;236,49
03/02/2020 16:00;1,49;236,49
03/02/2020 17:00;1,48;236,48
03/02/2020 18:00;1,48;236,48
03/02/2020 19:00;1,48;236,48
03/02/2020 20:00;1,47;236,47
03/02/2020 21:00;1,47;236,47
03/02/2020 22:00;1,47;236,47
03/02/2020 23:00;1,47;236,47
04/02/2020 00:00;1,47;236,47
04/02/2020 01:00;1,47;236,47
04/02/2020 02:00;1,47;236,47
04/02/2020 03:00;1,47;236,47
04/02/2020 04:00;1,46;236,46
04/02/2020 05:00;1,46;236,46
04/02/2020 06:00;1,45;236,45
04/02/2020 07:00;1,45;236,45
04/02/2020 08:00;1,45;236,45
04/02/2020 09:00;1,45;236,45
04/02/2020 10:00;1,45;236,45
04/02/2020 11:00;1,45;236,45
04/02/2020 12:00;1,46;236,46
04/02/2020 13:00;1,46;236,46
04/02/2020 14:00;1,47;236,47
04/02/2020 15:00;1,47;236,47
04/02/2020 16:00;1,47;236,47
04/02/2020 17:00;1,47;236,47
04/02/2020 18:00;1,47;236,47
04/02/2020 19:00;1,47;236,47
04/02/2020 20:00;1,47;236,47
04/02/2020 21:00;1,47;236,47
04/02/2020 22:00;1,47;236,47
04/02/2020 23:00;1,46;236,46
05/02/2020 00:00;1,46;236,46
05/02/2020 01:00;1,45;236,45
05/02/2020 02:00;1,45;236,45
05/02/2020 03:00;1,44;236,44
05/02/2020 04:00;1,44;236,44
05/02/2020 05:00;1,45;236,45
05/02/2020 06:00;1,45;236,45
05/02/2020 07:00;1,45;236,45
05/02/2020 08:00;1,45;236,45
05/02/2020 09:00;1,45;236,45
05/02/2020 10:00;1,45;236,45
05/02/2020 11:00;1,45;236,45
05/02/2020 12:00;1,46;236,46
05/02/2020 13:00;1,47;236,47
05/02/2020 14:00;1,47;236,47
05/02/2020 15:00;1,47;236,47
05/02/2020 16:00;1,47;236,47
05/02/2020 17:00;1,47;236,47
05/02/2020 18:00;1,47;236,47
05/02/2020 19:00;1,47;236,47
05/02/2020 20:00;1,47;236,47
05/02/2020 21:00;1,47;236,47
05/02/2020 22:00;1,47;236,47
05/02/2020 23:00;1,47;236,47
06/02/2020 00:00;1,47;236,47
06/02/2020 01:00;1,47;236,47
06/02/2020 02:00;1,47;236,47
06/02/2020 03:00;1,47;236,47
06/02/2020 04:00;1,46;236,46
06/02/2020 05:00;1,46;236,46
06/02/2020 06:00;1,45;236,45
06/02/2020 07:00;1,45;236,45
06/02/2020 08:00;1,44;236,44
06/02/2020 09:00;1,44;236,44
06/02/2020 10:00;1,44;236,44
06/02/2020 11:00;1,45;236,45
06/02/2020 12:00;1,45;236,45
06/02/2020 13:00;1,46;236,46
06/02/2020 14:00;1,46;236,46
06/02/2020 15:00;1,46;236,46
06/02/2020 16:00;1,46;236,46
06/02/2020 17:00;1,46;236,46
06/02/2020 18:00;1,46;236,46
06/02/2020 19:00;1,46;236,46
06/02/2020 20:00;1,47;236,47
06/02/2020 21:00;1,47;236,47
06/02/2020 22:00;1,47;236,47
06/02/2020 23:00;1,47;236,47
07/02/2020 00:01;1,47;236,47
07/02/2020 01:00;1,46;236,46
07/02/2020 02:00;1,46;236,46
07/02/2020 03:00;1,47;236,47
07/02/2020 04:00;1,47;236,47
07/02/2020 05:00;1,47;236,47
07/02/2020 06:01;1,47;236,47
07/02/2020 07:01;1,47;236,47
07/02/2020 08:01;1,47;236,47
07/02/2020 09:01;1,47;236,47
07/02/2020 10:01;1,46;236,46
07/02/2020 11:01;1,47;236,47
07/02/2020 12:01;1,47;236,47
07/02/2020 13:01;1,48;236,48
07/02/2020 14:01;1,48;236,48
07/02/2020 15:01;1,49;236,49
07/02/2020 16:01;1,5;236,5
07/02/2020 17:01;1,5;236,5
07/02/2020 18:01;1,5;236,5
07/02/2020 19:01;1,49;236,49
07/02/2020 20:01;1,49;236,49
07/02/2020 21:01;1,48;236,48
07/02/2020 22:01;1,48;236,48
07/02/2020 23:01;1,47;236,47
08/02/2020 00:01;1,47;236,47
08/02/2020 01:01;1,48;236,48
08/02/2020 02:01;1,48;236,48
08/02/2020 03:01;1,48;236,48
08/02/2020 04:01;1,48;236,48
08/02/2020 05:01;1,48;236,48
08/02/2020 06:01;1,47;236,47
08/02/2020 07:01;1,47;236,47
08/02/2020 08:01;1,47;236,47
08/02/2020 09:01;1,47;236,47
08/02/2020 10:01;1,47;236,47
08/02/2020 11:01;1,47;236,47
08/02/2020 12:01;1,47;236,47
08/02/2020 13:01;1,47;236,47
08/02/2020 14:01;1,47;236,47
08/02/2020 15:00;1,47;236,47
08/02/2020 16:00;1,47;236,47
08/02/2020 17:00;1,47;236,47
08/02/2020 18:00;1,47;236,47
08/02/2020 19:00;1,47;236,47
08/02/2020 20:00;1,47;236,47
08/02/2020 21:00;1,47;236,47
08/02/2020 22:00;1,48;236,48
08/02/2020 23:00;1,48;236,48
09/02/2020 00:00;1,48;236,48
09/02/2020 01:00;1,48;236,48
09/02/2020 02:00;1,48;236,48
09/02/2020 03:00;1,48;236,48
09/02/2020 04:00;1,48;236,48
09/02/2020 05:00;1,48;236,48
09/02/2020 06:00;1,49;236,49
09/02/2020 07:00;1,49;236,49
09/02/2020 08:00;1,5;236,5
09/02/2020 09:00;1,5;236,5
09/02/2020 10:00;1,51;236,51
09/02/2020 11:00;1,51;236,51
09/02/2020 12:00;1,5;236,5
09/02/2020 13:00;1,5;236,5
09/02/2020 14:00;1,51;236,51
09/02/2020 15:00;1,51;236,51
09/02/2020 16:00;1,51;236,51
09/02/2020 17:00;1,52;236,52
09/02/2020 18:00;1,52;236,52
09/02/2020 19:00;1,51;236,51
09/02/2020 20:00;1,49;236,49
09/02/2020 21:00;1,47;236,47
09/02/2020 22:00;1,44;236,44
09/02/2020 23:00;1,42;236,42
10/02/2020 00:00;1,39;236,39
10/02/2020 01:00;1,38;236,38
10/02/2020 02:00;1,37;236,37
10/02/2020 03:00;1,36;236,36
10/02/2020 04:00;1,35;236,35
10/02/2020 05:00;1,35;236,35
10/02/2020 06:00;1,35;236,35
10/02/2020 07:00;1,35;236,35
10/02/2020 08:00;1,35;236,35
10/02/2020 09:00;1,35;236,35
10/02/2020 10:00;1,35;236,35
10/02/2020 11:00;1,35;236,35
10/02/2020 12:00;1,35;236,35
10/02/2020 13:00;1,35;236,35
10/02/2020 14:00;1,35;236,35
10/02/2020 15:00;1,35;236,35
10/02/2020 16:00;1,35;236,35
10/02/2020 17:00;1,35;236,35
10/02/2020 18:00;1,35;236,35
10/02/2020 19:00;1,35;236,35
10/02/2020 20:00;1,35;236,35
10/02/2020 21:00;1,35;236,35
10/02/2020 22:00;1,35;236,35
10/02/2020 23:00;1,35;236,35
11/02/2020 00:00;1,35;236,35
11/02/2020 01:00;1,35;236,35
11/02/2020 02:00;1,35;236,35
11/02/2020 03:00;1,34;236,34
11/02/2020 04:00;1,34;236,34
11/02/2020 05:00;1,34;236,34
11/02/2020 06:00;1,34;236,34
11/02/2020 07:00;1,34;236,34
11/02/2020 08:00;1,34;236,34
11/02/2020 09:00;1,34;236,34
11/02/2020 10:00;1,34;236,34
11/02/2020 11:00;1,34;236,34
11/02/2020 12:00;1,35;236,35
11/02/2020 13:00;1,35;236,35
11/02/2020 14:00;1,36;236,36
11/02/2020 15:00;1,36;236,36
11/02/2020 16:00;1,36;236,36
11/02/2020 17:00;1,36;236,36
11/02/2020 18:00;1,36;236,36
11/02/2020 19:00;1,35;236,35
11/02/2020 20:00;1,35;236,35
11/02/2020 21:00;1,35;236,35
11/02/2020 22:00;1,35;236,35
11/02/2020 23:00;1,34;236,34
12/02/2020 00:00;1,34;236,34
12/02/2020 01:00;1,34;236,34
12/02/2020 02:00;1,34;236,34
12/02/2020 03:00;1,33;236,33
12/02/2020 04:00;1,33;236,33
12/02/2020 05:00;1,33;236,33
12/02/2020 06:00;1,33;236,33
12/02/2020 07:00;1,34;236,34
12/02/2020 08:00;1,34;236,34
12/02/2020 09:00;1,35;236,35
12/02/2020 10:00;1,35;236,35
12/02/2020 11:00;1,35;236,35
12/02/2020 12:00;1,34;236,34
12/02/2020 13:00;1,34;236,34
12/02/2020 14:00;1,34;236,34
12/02/2020 15:00;1,34;236,34
12/02/2020 16:00;1,34;236,34
12/02/2020 17:00;1,34;236,34
12/02/2020 18:00;1,34;236,34
12/02/2020 19:00;1,34;236,34
12/02/2020 20:00;1,34;236,34
12/02/2020 21:00;1,34;236,34
12/02/2020 22:00;1,34;236,34
12/02/2020 23:00;1,34;236,34
13/02/2020 00:00;1,34;236,34
13/02/2020 01:00;1,34;236,34
13/02/2020 02:00;1,34;236,34
13/02/2020 03:00;1,34;236,34
13/02/2020 04:00;1,34;236,34
13/02/2020 05:00;1,34;236,34
13/02/2020 06:00;1,35;236,35
13/02/2020 07:00;1,35;236,35
13/02/2020 08:00;1,35;236,35
13/02/2020 09:00;1,35;236,35
13/02/2020 10:00;1,35;236,35
13/02/2020 11:00;1,35;236,35
13/02/2020 12:00;1,36;236,36
13/02/2020 13:00;1,36;236,36
13/02/2020 14:00;1,37;236,37
13/02/2020 15:00;1,37;236,37
13/02/2020 16:00;1,37;236,37
13/02/2020 17:00;1,37;236,37
13/02/2020 18:00;1,37;236,37
13/02/2020 19:00;1,37;236,37
13/02/2020 20:00;1,37;236,37
13/02/2020 21:00;1,36;236,36
13/02/2020 22:00;1,36;236,36
13/02/2020 23:00;1,36;236,36
14/02/2020 00:00;1,37;236,37
14/02/2020 01:00;1,37;236,37
14/02/2020 02:00;1,36;236,36
14/02/2020 03:00;1,36;236,36
14/02/2020 04:00;1,36;236,36
14/02/2020 05:00;1,35;236,35
14/02/2020 06:00;1,35;236,35
14/02/2020 07:00;1,35;236,35
14/02/2020 08:00;1,35;236,35
14/02/2020 09:00;1,35;236,35
14/02/2020 10:00;1,36;236,36
14/02/2020 11:00;1,36;236,36
14/02/2020 12:00;1,36;236,36
14/02/2020 13:00;1,37;236,37
14/02/2020 14:00;1,37;236,37
14/02/2020 15:00;1,37;236,37
14/02/2020 16:00;1,38;236,38
14/02/2020 17:00;1,38;236,38
14/02/2020 18:00;1,38;236,38
14/02/2020 19:00;1,38;236,38
14/02/2020 20:00;1,38;236,38
14/02/2020 21:00;1,38;236,38
14/02/2020 22:00;1,38;236,38
14/02/2020 23:00;1,38;236,38
15/02/2020 00:00;1,38;236,38
15/02/2020 01:00;1,38;236,38
15/02/2020 02:00;1,37;236,37
15/02/2020 03:00;1,37;236,37
15/02/2020 04:00;1,37;236,37
15/02/2020 05:00;1,37;236,37
15/02/2020 06:00;1,37;236,37
15/02/2020 07:00;1,37;236,37
15/02/2020 08:00;1,37;236,37
15/02/2020 09:00;1,37;236,37
15/02/2020 10:00;1,37;236,37
15/02/2020 11:00;1,36;236,36
15/02/2020 12:00;1,36;236,36
15/02/2020 13:00;1,37;236,37
15/02/2020 14:00;1,37;236,37
15/02/2020 15:00;1,37;236,37
15/02/2020 16:00;1,37;236,37
15/02/2020 17:00;1,37;236,37
15/02/2020 18:00;1,36;236,36
15/02/2020 19:00;1,36;236,36
15/02/2020 20:00;1,37;236,37
15/02/2020 21:00;1,37;236,37
15/02/2020 22:00;1,37;236,37
15/02/2020 23:00;1,37;236,37
16/02/2020 00:00;1,37;236,37
16/02/2020 01:00;1,37;236,37
16/02/2020 02:00;1,37;236,37
16/02/2020 03:00;1,37;236,37
16/02/2020 04:00;1,36;236,36
16/02/2020 05:00;1,36;236,36
16/02/2020 06:00;1,36;236,36
16/02/2020 07:00;1,36;236,36
16/02/2020 08:00;1,35;236,35
16/02/2020 09:00;1,35;236,35
16/02/2020 10:00;1,35;236,35
16/02/2020 11:00;1,36;236,36
16/02/2020 12:00;1,36;236,36
16/02/2020 13:00;1,36;236,36
16/02/2020 14:00;1,37;236,37
16/02/2020 15:00;1,37;236,37
16/02/2020 16:00;1,37;236,37
16/02/2020 17:00;1,37;236,37
16/02/2020 18:01;1,37;236,37
16/02/2020 19:01;1,37;236,37
16/02/2020 20:01;1,37;236,37
16/02/2020 21:01;1,37;236,37
16/02/2020 22:01;1,37;236,37
16/02/2020 23:01;1,37;236,37
17/02/2020 00:01;1,36;236,36
17/02/2020 01:01;1,36;236,36
17/02/2020 02:01;1,36;236,36
17/02/2020 03:01;1,36;236,36
17/02/2020 04:01;1,36;236,36
17/02/2020 05:01;1,36;236,36
17/02/2020 06:01;1,36;236,36
17/02/2020 07:01;1,37;236,37
17/02/2020 08:01;1,37;236,37
17/02/2020 09:01;1,37;236,37
17/02/2020 10:01;1,37;236,37
17/02/2020 11:01;1,37;236,37
17/02/2020 12:01;1,37;236,37
17/02/2020 13:01;1,38;236,38
17/02/2020 14:01;1,38;236,38
17/02/2020 15:01;1,38;236,38
17/02/2020 16:01;1,38;236,38
17/02/2020 17:01;1,37;236,37
17/02/2020 18:01;1,37;236,37
17/02/2020 19:01;1,37;236,37
17/02/2020 20:01;1,37;236,37
17/02/2020 21:01;1,38;236,38
17/02/2020 22:01;1,38;236,38
17/02/2020 23:01;1,38;236,38
18/02/2020 00:01;1,37;236,37
18/02/2020 01:01;1,37;236,37
18/02/2020 02:01;1,36;236,36
18/02/2020 03:01;1,36;236,36
18/02/2020 04:00;1,36;236,36
18/02/2020 05:00;1,36;236,36
18/02/2020 06:00;1,36;236,36
18/02/2020 07:00;1,36;236,36
18/02/2020 08:00;1,36;236,36
18/02/2020 09:00;1,37;236,37
18/02/2020 10:00;1,37;236,37
18/02/2020 11:00;1,37;236,37
18/02/2020 12:00;1,38;236,38
18/02/2020 13:00;1,38;236,38
18/02/2020 14:00;1,38;236,38
18/02/2020 15:00;1,38;236,38
18/02/2020 16:00;1,38;236,38
18/02/2020 17:00;1,37;236,37
18/02/2020 18:00;1,36;236,36
18/02/2020 19:00;1,36;236,36
18/02/2020 20:00;1,35;236,35
18/02/2020 21:00;1,35;236,35
18/02/2020 22:00;1,35;236,35
18/02/2020 23:00;1,35;236,35
19/02/2020 00:00;1,36;236,36
19/02/2020 01:00;1,35;236,35
19/02/2020 02:00;1,35;236,35
19/02/2020 03:00;1,35;236,35
19/02/2020 04:00;1,34;236,34
19/02/2020 05:00;1,34;236,34
19/02/2020 06:00;1,34;236,34
19/02/2020 07:00;1,34;236,34
19/02/2020 08:00;1,34;236,34
19/02/2020 09:00;1,35;236,35
19/02/2020 10:00;1,35;236,35
19/02/2020 11:00;1,35;236,35
19/02/2020 12:00;1,35;236,35
19/02/2020 13:00;1,35;236,35
19/02/2020 14:00;1,35;236,35
19/02/2020 15:00;1,36;236,36
19/02/2020 16:00;1,36;236,36
19/02/2020 17:00;1,36;236,36
19/02/2020 18:00;1,37;236,37
19/02/2020 19:00;1,37;236,37
19/02/2020 20:00;1,37;236,37
19/02/2020 21:00;1,37;236,37
19/02/2020 22:00;1,36;236,36
20/02/2020 00:00;1,36;236,36
20/02/2020 01:00;1,36;236,36
20/02/2020 02:00;1,36;236,36
20/02/2020 03:00;1,35;236,35
20/02/2020 04:00;1,35;236,35
21/02/2020 01:00;1,34;236,34
22/02/2020 01:00;1,34;236,34
23/02/2020 01:00;1,34;236,34
24/02/2020 01:00;1,32;236,32
25/02/2020 01:00;1,32;236,32
26/02/2020 01:00;1,34;236,34
27/02/2020 01:00;1,34;236,34
28/02/2020 10:00;1,34;236,34
29/02/2020 10:00;1,34;236,34
01/03/2020 10:00;1,42;236,42
02/03/2020 10:00;1,42;236,42
03/03/2020 10:00;1,54;236,54
04/03/2020 10:00;1,54;236,54
05/03/2020 10:00;1,54;236,54
06/03/2020 10:00;1,54;236,54
07/03/2020 10:00;1,55;236,55
08/03/2020 10:00;1,55;236,55
09/03/2020 10:00;1,82;236,82
10/03/2020 10:00;1,82;236,82
11/03/2020 10:00;1,44;236,44
12/03/2020 10:00;1,44;236,44
13/03/2020 10:00;1,43;236,43
14/03/2020 10:00;1,43;236,43
15/03/2020 10:00;1,34;236,34
16/03/2020 10:00;1,34;236,34
17/03/2020 10:00;1,3;236,3
18/03/2020 10:00;1,3;236,3
19/03/2020 10:00;1,3;236,3
20/03/2020 10:00;1,3;236,3
21/03/2020 10:00;1,3;236,3
22/03/2020 10:00;1,32;236,32
23/03/2020 10:00;1,32;236,32
24/03/2020 10:00;1,34;236,34
25/03/2020 10:00;1,34;236,34
26/03/2020 10:00;1,34;236,34
27/03/2020 10:00;1,34;236,34
28/03/2020 10:00;1,34;236,34
29/03/2020 10:00;1,34;236,34
30/03/2020 10:00;1,34;236,34
31/03/2020 10:00;1,34;236,34
01/04/2020 10:00;1,33;236,33
02/04/2020 10:00;1,32;236,32
03/04/2020 10:00;1,3;236,3
04/04/2020 10:00;1,3;236,3
05/04/2020 10:00;1,3;236,3
06/04/2020 10:00;1,3;236,3
07/04/2020 10:00;1,3;236,3
07/04/2020 14:00;1,28;236,28
07/04/2020 15:00;1,28;236,28
07/04/2020 16:00;1,28;236,28
07/04/2020 17:00;1,29;236,29
07/04/2020 18:00;1,29;236,29
07/04/2020 19:00;1,3;236,3
07/04/2020 20:00;1,3;236,3
07/04/2020 21:00;1,3;236,3
07/04/2020 22:00;1,3;236,3
07/04/2020 23:00;1,3;236,3
08/04/2020 00:00;1,3;236,3
08/04/2020 01:00;1,3;236,3
08/04/2020 02:00;1,3;236,3
08/04/2020 03:00;1,29;236,29
08/04/2020 04:00;1,29;236,29
08/04/2020 05:00;1,29;236,29
08/04/2020 06:00;1,29;236,29
08/04/2020 07:00;1,29;236,29
08/04/2020 08:00;1,29;236,29
08/04/2020 09:00;1,29;236,29
08/04/2020 10:00;1,29;236,29
08/04/2020 11:00;1,29;236,29
08/04/2020 12:00;1,28;236,28
08/04/2020 13:00;1,28;236,28
08/04/2020 14:00;1,28;236,28
08/04/2020 15:00;1,28;236,28
08/04/2020 16:00;1,28;236,28
08/04/2020 17:00;1,28;236,28
08/04/2020 18:00;1,29;236,29
08/04/2020 19:00;1,29;236,29
08/04/2020 20:00;1,29;236,29
08/04/2020 21:00;1,29;236,29
08/04/2020 22:00;1,3;236,3
08/04/2020 23:00;1,3;236,3
09/04/2020 00:00;1,3;236,3
09/04/2020 01:00;1,3;236,3
09/04/2020 02:00;1,29;236,29
09/04/2020 03:00;1,29;236,29
09/04/2020 04:00;1,29;236,29
09/04/2020 05:00;1,29;236,29
09/04/2020 06:00;1,29;236,29
09/04/2020 07:00;1,29;236,29
09/04/2020 08:00;1,29;236,29
09/04/2020 09:00;1,29;236,29
09/04/2020 10:00;1,29;236,29
09/04/2020 11:00;1,29;236,29
09/04/2020 12:00;1,29;236,29
09/04/2020 13:00;1,29;236,29
09/04/2020 14:00;1,29;236,29
09/04/2020 15:00;1,29;236,29
09/04/2020 16:00;1,29;236,29
09/04/2020 17:00;1,3;236,3
09/04/2020 18:00;1,3;236,3
09/04/2020 19:00;1,3;236,3
09/04/2020 20:00;1,3;236,3
09/04/2020 21:00;1,31;236,31
09/04/2020 22:00;1,3;236,3
09/04/2020 23:00;1,3;236,3
10/04/2020 00:00;1,3;236,3
10/04/2020 01:00;1,3;236,3
10/04/2020 02:00;1,29;236,29
10/04/2020 03:00;1,29;236,29
10/04/2020 04:00;1,29;236,29
10/04/2020 05:00;1,29;236,29
10/04/2020 06:00;1,29;236,29
10/04/2020 07:00;1,29;236,29
10/04/2020 08:00;1,3;236,3
10/04/2020 09:00;1,3;236,3
10/04/2020 10:00;1,29;236,29
10/04/2020 11:00;1,29;236,29
10/04/2020 12:00;1,28;236,28
10/04/2020 13:00;1,28;236,28
10/04/2020 14:00;1,28;236,28
10/04/2020 15:00;1,29;236,29
10/04/2020 16:00;1,29;236,29
10/04/2020 17:00;1,29;236,29
10/04/2020 18:00;1,3;236,3
10/04/2020 19:00;1,3;236,3
10/04/2020 20:00;1,3;236,3
10/04/2020 21:00;1,3;236,3
10/04/2020 22:00;1,3;236,3
10/04/2020 23:00;1,3;236,3
11/04/2020 00:00;1,3;236,3
11/04/2020 01:00;1,3;236,3
11/04/2020 02:00;1,3;236,3
11/04/2020 03:00;1,3;236,3
11/04/2020 04:00;1,3;236,3
11/04/2020 05:00;1,3;236,3
11/04/2020 06:00;1,3;236,3
11/04/2020 07:00;1,3;236,3
11/04/2020 08:00;1,3;236,3
11/04/2020 09:00;1,3;236,3
11/04/2020 10:00;1,3;236,3
11/04/2020 11:00;1,29;236,29
11/04/2020 12:00;1,29;236,29
11/04/2020 13:00;1,29;236,29
11/04/2020 14:00;1,28;236,28
11/04/2020 15:00;1,28;236,28
11/04/2020 16:00;1,28;236,28
11/04/2020 17:00;1,28;236,28
11/04/2020 18:00;1,29;236,29
11/04/2020 19:00;1,29;236,29
11/04/2020 20:00;1,3;236,3
11/04/2020 21:00;1,3;236,3
11/04/2020 22:00;1,3;236,3
11/04/2020 23:00;1,31;236,31
12/04/2020 00:00;1,31;236,31
12/04/2020 01:00;1,31;236,31
12/04/2020 02:00;1,31;236,31
12/04/2020 03:00;1,31;236,31
12/04/2020 04:00;1,3;236,3
12/04/2020 05:00;1,29;236,29
12/04/2020 06:00;1,29;236,29
12/04/2020 07:00;1,29;236,29
12/04/2020 08:00;1,29;236,29
12/04/2020 09:00;1,29;236,29
12/04/2020 10:00;1,29;236,29
12/04/2020 11:00;1,29;236,29
12/04/2020 12:00;1,28;236,28
12/04/2020 13:00;1,28;236,28
12/04/2020 14:00;1,28;236,28
12/04/2020 15:00;1,28;236,28
12/04/2020 16:00;1,28;236,28
12/04/2020 17:00;1,29;236,29
12/04/2020 18:00;1,29;236,29
12/04/2020 19:00;1,3;236,3
12/04/2020 20:00;1,3;236,3
12/04/2020 21:00;1,3;236,3
12/04/2020 22:00;1,31;236,31
12/04/2020 23:00;1,3;236,3
13/04/2020 00:00;1,3;236,3
13/04/2020 01:00;1,3;236,3
13/04/2020 02:00;1,3;236,3
13/04/2020 03:00;1,3;236,3
13/04/2020 04:00;1,3;236,3
13/04/2020 05:00;1,29;236,29
13/04/2020 06:00;1,29;236,29
13/04/2020 07:00;1,29;236,29
13/04/2020 08:00;1,29;236,29
13/04/2020 09:00;1,29;236,29
13/04/2020 10:00;1,29;236,29
13/04/2020 11:00;1,29;236,29
13/04/2020 12:00;1,29;236,29
13/04/2020 13:00;1,29;236,29
13/04/2020 14:00;1,29;236,29
13/04/2020 15:00;1,29;236,29
13/04/2020 16:00;1,29;236,29
13/04/2020 17:00;1,29;236,29
13/04/2020 18:00;1,29;236,29
13/04/2020 19:00;1,3;236,3
13/04/2020 20:00;1,3;236,3
13/04/2020 21:00;1,31;236,31
13/04/2020 22:00;1,31;236,31
13/04/2020 23:00;1,31;236,31
14/04/2020 00:00;1,32;236,32
14/04/2020 01:00;1,32;236,32
14/04/2020 02:00;1,31;236,31
14/04/2020 03:00;1,31;236,31
14/04/2020 04:00;1,3;236,3
14/04/2020 05:00;1,3;236,3
14/04/2020 06:00;1,3;236,3
14/04/2020 07:00;1,3;236,3
14/04/2020 08:00;1,3;236,3
14/04/2020 09:00;1,29;236,29
14/04/2020 10:00;1,29;236,29
14/04/2020 11:00;1,29;236,29
14/04/2020 12:00;1,28;236,28
14/04/2020 13:00;1,29;236,29
14/04/2020 14:00;1,29;236,29
14/04/2020 15:00;1,29;236,29
14/04/2020 16:00;1,29;236,29
14/04/2020 17:00;1,29;236,29
14/04/2020 18:00;1,3;236,3
14/04/2020 19:00;1,3;236,3
14/04/2020 20:00;1,3;236,3
14/04/2020 21:00;1,31;236,31
14/04/2020 22:00;1,31;236,31
14/04/2020 23:00;1,31;236,31
15/04/2020 00:00;1,31;236,31
15/04/2020 01:00;1,31;236,31
15/04/2020 02:00;1,31;236,31
15/04/2020 03:00;1,31;236,31
15/04/2020 04:00;1,3;236,3
15/04/2020 05:00;1,3;236,3
15/04/2020 06:00;1,3;236,3
15/04/2020 07:00;1,3;236,3
15/04/2020 08:00;1,3;236,3
15/04/2020 09:00;1,3;236,3
15/04/2020 10:00;1,3;236,3
15/04/2020 11:00;1,3;236,3
15/04/2020 12:00;1,3;236,3
15/04/2020 13:00;1,3;236,3
15/04/2020 14:00;1,29;236,29
15/04/2020 15:00;1,29;236,29
15/04/2020 16:00;1,3;236,3
15/04/2020 17:00;1,3;236,3
15/04/2020 18:00;1,31;236,31
15/04/2020 19:00;1,31;236,31
15/04/2020 20:01;1,31;236,31
15/04/2020 21:01;1,31;236,31
15/04/2020 22:01;1,31;236,31
15/04/2020 23:01;1,31;236,31
16/04/2020 00:01;1,31;236,31
16/04/2020 01:01;1,31;236,31
16/04/2020 02:01;1,31;236,31
16/04/2020 03:01;1,31;236,31
16/04/2020 04:01;1,32;236,32
16/04/2020 05:01;1,31;236,31
16/04/2020 06:01;1,31;236,31
16/04/2020 07:01;1,31;236,31
16/04/2020 08:01;1,31;236,31
16/04/2020 09:01;1,3;236,3
16/04/2020 10:00;1,3;236,3
16/04/2020 10:01;1,3;236,3
16/04/2020 11:01;1,29;236,29
16/04/2020 12:01;1,28;236,28
16/04/2020 13:01;1,27;236,27
16/04/2020 14:01;1,27;236,27
16/04/2020 15:01;1,27;236,27
16/04/2020 16:01;1,28;236,28
16/04/2020 17:01;1,28;236,28
16/04/2020 18:01;1,29;236,29
16/04/2020 19:01;1,29;236,29
16/04/2020 20:01;1,29;236,29
16/04/2020 21:01;1,29;236,29
16/04/2020 22:01;1,29;236,29
16/04/2020 23:01;1,3;236,3
17/04/2020 00:01;1,3;236,3
17/04/2020 01:01;1,3;236,3
17/04/2020 02:01;1,3;236,3
17/04/2020 03:01;1,29;236,29
17/04/2020 04:01;1,29;236,29
17/04/2020 05:01;1,29;236,29
17/04/2020 06:00;1,29;236,29
17/04/2020 07:00;1,28;236,28
17/04/2020 08:00;1,28;236,28
17/04/2020 09:00;1,28;236,28
17/04/2020 10:00;1,28;236,28
17/04/2020 11:00;1,28;236,28
17/04/2020 12:00;1,29;236,29
17/04/2020 13:00;1,29;236,29
17/04/2020 14:00;1,3;236,3
17/04/2020 15:00;1,3;236,3
17/04/2020 16:00;1,3;236,3
17/04/2020 17:00;1,3;236,3
17/04/2020 18:00;1,3;236,3
17/04/2020 19:00;1,3;236,3
17/04/2020 20:00;1,3;236,3
17/04/2020 21:00;1,3;236,3
17/04/2020 22:00;1,3;236,3
17/04/2020 23:00;1,3;236,3
18/04/2020 00:00;1,3;236,3
18/04/2020 01:00;1,29;236,29
18/04/2020 02:00;1,29;236,29
18/04/2020 03:00;1,29;236,29
18/04/2020 04:00;1,29;236,29
18/04/2020 05:00;1,29;236,29
18/04/2020 06:00;1,29;236,29
18/04/2020 07:00;1,29;236,29
18/04/2020 08:00;1,3;236,3
18/04/2020 09:00;1,3;236,3
18/04/2020 10:00;1,29;236,29
18/04/2020 11:00;1,29;236,29
18/04/2020 12:00;1,29;236,29
18/04/2020 13:00;1,29;236,29
18/04/2020 14:00;1,29;236,29
18/04/2020 15:00;1,29;236,29
18/04/2020 16:00;1,3;236,3
18/04/2020 17:00;1,3;236,3
18/04/2020 18:00;1,3;236,3
18/04/2020 19:00;1,3;236,3
18/04/2020 20:00;1,3;236,3
18/04/2020 21:00;1,3;236,3
18/04/2020 22:00;1,3;236,3
18/04/2020 23:00;1,29;236,29
19/04/2020 00:00;1,29;236,29
19/04/2020 01:00;1,29;236,29
19/04/2020 02:00;1,29;236,29
19/04/2020 03:00;1,29;236,29
19/04/2020 04:00;1,29;236,29
19/04/2020 05:00;1,3;236,3
19/04/2020 06:00;1,3;236,3
19/04/2020 07:00;1,3;236,3
19/04/2020 08:00;1,3;236,3
19/04/2020 09:00;1,3;236,3
19/04/2020 10:00;1,3;236,3
19/04/2020 11:00;1,3;236,3
19/04/2020 12:00;1,29;236,29
19/04/2020 13:00;1,29;236,29
19/04/2020 14:00;1,28;236,28
19/04/2020 15:00;1,27;236,27
19/04/2020 16:00;1,27;236,27
19/04/2020 17:00;1,28;236,28
19/04/2020 18:00;1,28;236,28
19/04/2020 19:00;1,28;236,28
19/04/2020 20:00;1,29;236,29
19/04/2020 21:00;1,29;236,29
19/04/2020 22:00;1,29;236,29
19/04/2020 23:00;1,3;236,3
20/04/2020 00:00;1,3;236,3
20/04/2020 01:00;1,31;236,31
20/04/2020 02:00;1,31;236,31
20/04/2020 03:00;1,32;236,32
20/04/2020 04:00;1,32;236,32
20/04/2020 05:00;1,32;236,32
20/04/2020 06:00;1,32;236,32
20/04/2020 07:00;1,33;236,33
20/04/2020 08:00;1,33;236,33
20/04/2020 09:00;1,33;236,33
20/04/2020 10:00;1,32;236,32
20/04/2020 11:00;1,32;236,32
20/04/2020 12:00;1,32;236,32
20/04/2020 13:00;1,31;236,31
20/04/2020 14:00;1,31;236,31
20/04/2020 15:00;1,3;236,3
20/04/2020 16:00;1,3;236,3
20/04/2020 17:00;1,3;236,3
20/04/2020 18:00;1,3;236,3
20/04/2020 19:00;1,31;236,31
20/04/2020 20:00;1,31;236,31
20/04/2020 21:00;1,31;236,31
20/04/2020 22:00;1,31;236,31
20/04/2020 23:00;1,31;236,31
21/04/2020 00:00;1,31;236,31
21/04/2020 01:00;1,32;236,32
21/04/2020 02:00;1,32;236,32
21/04/2020 03:00;1,32;236,32
21/04/2020 04:00;1,32;236,32
21/04/2020 05:00;1,32;236,32
21/04/2020 06:00;1,33;236,33
21/04/2020 07:00;1,33;236,33
21/04/2020 08:00;1,33;236,33
21/04/2020 09:00;1,33;236,33
21/04/2020 10:00;1,33;236,33
21/04/2020 11:00;1,32;236,32
21/04/2020 12:00;1,32;236,32
21/04/2020 13:00;1,32;236,32
21/04/2020 14:00;1,32;236,32
21/04/2020 15:00;1,32;236,32
21/04/2020 16:00;1,33;236,33
21/04/2020 17:00;1,33;236,33
21/04/2020 18:00;1,34;236,34
21/04/2020 19:00;1,34;236,34
21/04/2020 20:00;1,34;236,34
21/04/2020 21:00;1,34;236,34
21/04/2020 22:00;1,34;236,34
21/04/2020 23:00;1,34;236,34
22/04/2020 00:00;1,34;236,34
22/04/2020 01:00;1,33;236,33
22/04/2020 02:00;1,33;236,33
22/04/2020 03:00;1,33;236,33
22/04/2020 04:00;1,32;236,32
22/04/2020 05:00;1,31;236,31
22/04/2020 06:00;1,31;236,31
22/04/2020 07:00;1,3;236,3
22/04/2020 08:00;1,3;236,3
22/04/2020 09:00;1,3;236,3
22/04/2020 10:00;1,3;236,3
22/04/2020 11:00;1,3;236,3
22/04/2020 12:00;1,3;236,3
22/04/2020 13:00;1,31;236,31
22/04/2020 14:00;1,31;236,31
22/04/2020 15:00;1,31;236,31
22/04/2020 16:00;1,32;236,32
22/04/2020 17:00;1,32;236,32
22/04/2020 18:00;1,32;236,32
22/04/2020 19:00;1,32;236,32
22/04/2020 20:00;1,31;236,31
22/04/2020 21:00;1,3;236,3
22/04/2020 22:00;1,28;236,28
22/04/2020 23:00;1,26;236,26
23/04/2020 00:00;1,24;236,24
23/04/2020 01:00;1,22;236,22
23/04/2020 02:00;1,2;236,2
23/04/2020 03:00;1,19;236,19
23/04/2020 04:00;1,18;236,18
23/04/2020 05:00;1,18;236,18
23/04/2020 06:00;1,18;236,18
23/04/2020 07:00;1,17;236,17
23/04/2020 08:00;1,17;236,17
23/04/2020 09:00;1,17;236,17
23/04/2020 10:00;1,17;236,17
23/04/2020 11:00;1,17;236,17
23/04/2020 12:00;1,17;236,17
23/04/2020 13:00;1,17;236,17
23/04/2020 14:00;1,16;236,16
23/04/2020 15:00;1,17;236,17
23/04/2020 16:00;1,17;236,17
23/04/2020 17:00;1,18;236,18
23/04/2020 18:00;1,18;236,18
23/04/2020 19:00;1,18;236,18
23/04/2020 20:00;1,18;236,18
23/04/2020 21:00;1,18;236,18
23/04/2020 22:00;1,18;236,18
23/04/2020 23:00;1,18;236,18
24/04/2020 00:00;1,17;236,17
24/04/2020 01:00;1,17;236,17
24/04/2020 02:00;1,17;236,17
24/04/2020 03:00;1,17;236,17
24/04/2020 04:00;1,17;236,17
24/04/2020 05:00;1,17;236,17
24/04/2020 06:00;1,17;236,17
24/04/2020 07:00;1,17;236,17
24/04/2020 08:00;1,17;236,17
24/04/2020 09:00;1,17;236,17
24/04/2020 10:00;1,17;236,17
24/04/2020 11:00;1,16;236,16
24/04/2020 12:00;1,16;236,16
24/04/2020 13:00;1,16;236,16
24/04/2020 14:00;1,16;236,16
24/04/2020 15:00;1,16;236,16
24/04/2020 16:00;1,17;236,17
24/04/2020 17:00;1,17;236,17
24/04/2020 18:00;1,17;236,17
24/04/2020 19:00;1,17;236,17
24/04/2020 20:00;1,18;236,18
24/04/2020 21:00;1,18;236,18
24/04/2020 22:00;1,18;236,18
24/04/2020 23:00;1,18;236,18
25/04/2020 00:00;1,18;236,18
25/04/2020 01:00;1,18;236,18
25/04/2020 02:00;1,18;236,18
25/04/2020 03:00;1,17;236,17
25/04/2020 04:00;1,17;236,17
25/04/2020 05:00;1,17;236,17
25/04/2020 06:00;1,17;236,17
25/04/2020 07:00;1,17;236,17
25/04/2020 08:00;1,17;236,17
25/04/2020 09:00;1,17;236,17
25/04/2020 10:00;1,17;236,17
25/04/2020 10:01;1,17;236,17
25/04/2020 11:01;1,16;236,16
25/04/2020 12:01;1,16;236,16
25/04/2020 13:01;1,16;236,16
25/04/2020 14:01;1,16;236,16
25/04/2020 15:01;1,17;236,17
25/04/2020 16:01;1,17;236,17
25/04/2020 17:01;1,18;236,18
25/04/2020 18:01;1,19;236,19
25/04/2020 19:01;1,19;236,19
25/04/2020 20:01;1,19;236,19
25/04/2020 21:01;1,19;236,19
25/04/2020 22:01;1,19;236,19
25/04/2020 23:01;1,19;236,19
26/04/2020 00:01;1,19;236,19
26/04/2020 01:01;1,19;236,19
26/04/2020 02:01;1,19;236,19
26/04/2020 03:01;1,19;236,19
26/04/2020 04:01;1,19;236,19
26/04/2020 05:01;1,19;236,19
26/04/2020 06:01;1,18;236,18
26/04/2020 07:01;1,18;236,18
26/04/2020 08:01;1,17;236,17
26/04/2020 09:01;1,17;236,17
26/04/2020 10:00;1,17;236,17
26/04/2020 10:01;1,17;236,17
26/04/2020 11:01;1,17;236,17
26/04/2020 12:01;1,17;236,17
26/04/2020 13:01;1,17;236,17
26/04/2020 14:01;1,17;236,17
26/04/2020 15:01;1,17;236,17
26/04/2020 16:01;1,17;236,17
26/04/2020 17:01;1,17;236,17
26/04/2020 18:01;1,18;236,18
26/04/2020 19:01;1,18;236,18
26/04/2020 20:00;1,18;236,18
26/04/2020 21:00;1,18;236,18
26/04/2020 22:00;1,18;236,18
26/04/2020 23:00;1,18;236,18
27/04/2020 00:00;1,18;236,18
27/04/2020 01:00;1,18;236,18
27/04/2020 02:00;1,17;236,17
27/04/2020 03:00;1,17;236,17
27/04/2020 04:00;1,17;236,17
27/04/2020 05:00;1,17;236,17
27/04/2020 06:00;1,17;236,17
27/04/2020 07:00;1,17;236,17
27/04/2020 08:00;1,17;236,17
27/04/2020 09:00;1,17;236,17
27/04/2020 10:00;1,17;236,17
27/04/2020 11:00;1,17;236,17
27/04/2020 12:00;1,17;236,17
27/04/2020 13:00;1,17;236,17
27/04/2020 14:00;1,17;236,17
27/04/2020 15:00;1,17;236,17
27/04/2020 16:00;1,18;236,18
27/04/2020 17:00;1,18;236,18
27/04/2020 18:00;1,18;236,18
27/04/2020 19:00;1,18;236,18
27/04/2020 20:00;1,18;236,18
27/04/2020 21:00;1,18;236,18
27/04/2020 22:00;1,18;236,18
27/04/2020 23:00;1,19;236,19
28/04/2020 00:00;1,18;236,18
28/04/2020 01:00;1,18;236,18
28/04/2020 02:00;1,18;236,18
28/04/2020 03:00;1,18;236,18
28/04/2020 04:00;1,18;236,18
28/04/2020 05:00;1,17;236,17
28/04/2020 06:00;1,17;236,17
28/04/2020 07:00;1,17;236,17
28/04/2020 08:00;1,17;236,17
28/04/2020 09:00;1,17;236,17
28/04/2020 10:00;1,17;236,17
28/04/2020 11:00;1,18;236,18
28/04/2020 12:00;1,17;236,17
28/04/2020 13:00;1,17;236,17
28/04/2020 14:00;1,17;236,17
28/04/2020 15:00;1,16;236,16
28/04/2020 16:00;1,16;236,16
28/04/2020 17:00;1,16;236,16
28/04/2020 18:00;1,17;236,17
28/04/2020 19:00;1,17;236,17
28/04/2020 20:00;1,18;236,18
28/04/2020 21:00;1,18;236,18
28/04/2020 22:00;1,18;236,18
28/04/2020 23:00;1,18;236,18
29/04/2020 00:00;1,18;236,18
29/04/2020 01:00;1,18;236,18
29/04/2020 02:00;1,18;236,18
29/04/2020 03:00;1,18;236,18
29/04/2020 04:00;1,18;236,18
29/04/2020 05:00;1,18;236,18
29/04/2020 06:00;1,18;236,18
29/04/2020 07:00;1,18;236,18
29/04/2020 08:00;1,18;236,18
29/04/2020 09:00;1,18;236,18
29/04/2020 10:00;1,18;236,18
29/04/2020 11:00;1,17;236,17
29/04/2020 12:00;1,17;236,17
29/04/2020 13:00;1,17;236,17
29/04/2020 14:00;1,17;236,17
29/04/2020 15:00;1,17;236,17
29/04/2020 16:00;1,17;236,17
29/04/2020 17:00;1,17;236,17
29/04/2020 18:00;1,17;236,17
29/04/2020 19:00;1,18;236,18
29/04/2020 20:00;1,18;236,18
29/04/2020 21:00;1,18;236,18
29/04/2020 22:00;1,18;236,18
29/04/2020 23:00;1,18;236,18
30/04/2020 00:00;1,18;236,18
30/04/2020 01:00;1,18;236,18
30/04/2020 02:00;1,18;236,18
01/05/2020 10:00;1,2;236,2
02/05/2020 10:00;1,2;236,2
03/05/2020 10:00;1,29;236,29
04/05/2020 10:00;1,3;236,3
05/05/2020 10:00;1,28;236,28
06/05/2020 10:00;1,2;236,2
07/05/2020 10:00;1,2;236,2
08/05/2020 10:00;1,2;236,2
09/05/2020 10:00;1,18;236,18
10/05/2020 10:00;1,18;236,18
11/05/2020 10:00;1,19;236,19
12/05/2020 10:00;1,18;236,18
13/05/2020 03:00;1,18;236,18
13/05/2020 10:00;1,14;236,14
14/05/2020 10:00;1,14;236,14
14/05/2020 16:00;1,12;236,12
14/05/2020 17:00;1,12;236,12
14/05/2020 18:00;1,12;236,12
14/05/2020 19:00;1,12;236,12
14/05/2020 20:00;1,13;236,13
14/05/2020 21:00;1,12;236,12
14/05/2020 22:00;1,12;236,12
14/05/2020 23:00;1,12;236,12
15/05/2020 00:00;1,12;236,12
15/05/2020 01:00;1,12;236,12
15/05/2020 02:00;1,13;236,13
15/05/2020 03:00;1,12;236,12
15/05/2020 04:00;1,12;236,12
15/05/2020 05:00;1,12;236,12
15/05/2020 06:00;1,12;236,12
15/05/2020 07:00;1,12;236,12
15/05/2020 08:00;1,12;236,12
15/05/2020 09:00;1,12;236,12
15/05/2020 10:00;1,12;236,12
15/05/2020 11:00;1,11;236,11
15/05/2020 12:00;1,11;236,11
15/05/2020 13:00;1,11;236,11
15/05/2020 14:00;1,1;236,1
15/05/2020 15:00;1,1;236,1
15/05/2020 16:00;1,1;236,1
15/05/2020 17:00;1,1;236,1
15/05/2020 18:00;1,1;236,1
15/05/2020 19:00;1,11;236,11
15/05/2020 20:00;1,11;236,11
15/05/2020 21:00;1,11;236,11
15/05/2020 22:00;1,11;236,11
15/05/2020 23:00;1,11;236,11
16/05/2020 00:00;1,11;236,11
16/05/2020 01:00;1,11;236,11
16/05/2020 02:00;1,11;236,11
16/05/2020 03:00;1,11;236,11
16/05/2020 04:00;1,12;236,12
16/05/2020 05:00;1,12;236,12
16/05/2020 06:00;1,13;236,13
16/05/2020 07:00;1,13;236,13
16/05/2020 08:00;1,13;236,13
16/05/2020 09:00;1,13;236,13
16/05/2020 10:00;1,13;236,13
16/05/2020 11:00;1,12;236,12
16/05/2020 12:00;1,12;236,12
16/05/2020 13:00;1,11;236,11
16/05/2020 14:00;1,11;236,11
16/05/2020 15:00;1,1;236,1
16/05/2020 16:00;1,1;236,1
16/05/2020 17:00;1,1;236,1
16/05/2020 18:00;1,1;236,1
16/05/2020 19:00;1,1;236,1
16/05/2020 20:00;1,1;236,1
16/05/2020 21:00;1,11;236,11
16/05/2020 22:00;1,11;236,11
16/05/2020 23:00;1,11;236,11
17/05/2020 00:00;1,11;236,11
17/05/2020 01:00;1,11;236,11
17/05/2020 02:00;1,11;236,11
17/05/2020 03:00;1,11;236,11
17/05/2020 04:00;1,1;236,1
17/05/2020 05:00;1,1;236,1
17/05/2020 06:00;1,1;236,1
17/05/2020 07:00;1,1;236,1
17/05/2020 08:00;1,11;236,11
17/05/2020 09:00;1,11;236,11
17/05/2020 10:00;1,11;236,11
17/05/2020 11:00;1,1;236,1
17/05/2020 12:00;1,1;236,1
17/05/2020 13:00;1,1;236,1
17/05/2020 14:00;1,1;236,1
17/05/2020 15:00;1,1;236,1
17/05/2020 16:00;1,1;236,1
17/05/2020 17:00;1,1;236,1
17/05/2020 18:00;1,1;236,1
17/05/2020 19:00;1,1;236,1
17/05/2020 20:00;1,1;236,1
17/05/2020 21:00;1,1;236,1
17/05/2020 22:00;1,1;236,1
17/05/2020 23:00;1,09;236,09
18/05/2020 00:00;1,1;236,1
18/05/2020 01:00;1,1;236,1
18/05/2020 02:00;1,1;236,1
18/05/2020 03:00;1,1;236,1
18/05/2020 04:00;1,1;236,1
18/05/2020 05:00;1,1;236,1
18/05/2020 06:00;1,1;236,1
18/05/2020 07:00;1,1;236,1
18/05/2020 08:00;1,1;236,1
18/05/2020 09:00;1,11;236,11
18/05/2020 10:00;1,11;236,11
18/05/2020 11:00;1,11;236,11
18/05/2020 12:00;1,11;236,11
18/05/2020 13:00;1,11;236,11
18/05/2020 14:00;1,1;236,1
18/05/2020 15:00;1,1;236,1
18/05/2020 16:00;1,1;236,1
18/05/2020 17:00;1,1;236,1
18/05/2020 18:00;1,1;236,1
18/05/2020 19:00;1,1;236,1
18/05/2020 20:00;1,1;236,1
18/05/2020 21:00;1,1;236,1
18/05/2020 22:00;1,1;236,1
18/05/2020 23:00;1,1;236,1
19/05/2020 00:00;1,1;236,1
19/05/2020 01:00;1,1;236,1
19/05/2020 02:00;1,1;236,1
19/05/2020 03:00;1,1;236,1
19/05/2020 04:00;1,1;236,1
19/05/2020 05:00;1,1;236,1
19/05/2020 06:00;1,1;236,1
19/05/2020 07:00;1,1;236,1
19/05/2020 08:00;1,11;236,11
19/05/2020 09:00;1,11;236,11
19/05/2020 10:00;1,11;236,11
19/05/2020 11:00;1,11;236,11
19/05/2020 12:00;1,11;236,11
19/05/2020 13:00;1,11;236,11
19/05/2020 14:00;1,11;236,11
19/05/2020 15:00;1,11;236,11
19/05/2020 16:00;1,11;236,11
19/05/2020 17:00;1,11;236,11
19/05/2020 18:00;1,12;236,12
19/05/2020 19:00;1,12;236,12
19/05/2020 20:00;1,12;236,12
19/05/2020 21:00;1,12;236,12
19/05/2020 22:00;1,12;236,12
19/05/2020 23:00;1,11;236,11
20/05/2020 00:00;1,12;236,12
20/05/2020 01:00;1,11;236,11
20/05/2020 02:00;1,12;236,12
20/05/2020 03:00;1,12;236,12
20/05/2020 04:00;1,11;236,11
20/05/2020 05:00;1,12;236,12
20/05/2020 06:00;1,11;236,11
20/05/2020 07:00;1,11;236,11
20/05/2020 08:00;1,11;236,11
20/05/2020 09:00;1,11;236,11
20/05/2020 10:00;1,12;236,12
20/05/2020 11:00;1,12;236,12
20/05/2020 12:00;1,12;236,12
20/05/2020 13:00;1,12;236,12
20/05/2020 14:00;1,12;236,12
20/05/2020 15:00;1,12;236,12
20/05/2020 16:00;1,12;236,12
20/05/2020 17:00;1,12;236,12
20/05/2020 18:00;1,13;236,13
20/05/2020 19:00;1,14;236,14
20/05/2020 20:00;1,14;236,14
20/05/2020 21:00;1,14;236,14
20/05/2020 22:00;1,14;236,14
20/05/2020 23:00;1,14;236,14
21/05/2020 00:00;1,14;236,14
21/05/2020 01:00;1,13;236,13
21/05/2020 02:00;1,13;236,13
21/05/2020 03:00;1,13;236,13
21/05/2020 04:00;1,12;236,12
21/05/2020 05:00;1,12;236,12
21/05/2020 06:00;1,11;236,11
21/05/2020 07:00;1,11;236,11
21/05/2020 08:00;1,11;236,11
21/05/2020 09:00;1,1;236,1
21/05/2020 10:00;1,1;236,1
21/05/2020 11:00;1,11;236,11
21/05/2020 12:00;1,11;236,11
21/05/2020 13:00;1,11;236,11
21/05/2020 14:00;1,11;236,11
21/05/2020 15:00;1,11;236,11
21/05/2020 16:00;1,11;236,11
21/05/2020 17:00;1,12;236,12
21/05/2020 18:00;1,12;236,12
21/05/2020 19:00;1,13;236,13
21/05/2020 20:00;1,13;236,13
21/05/2020 21:00;1,13;236,13
21/05/2020 22:00;1,13;236,13
21/05/2020 23:00;1,13;236,13
22/05/2020 00:00;1,12;236,12
22/05/2020 01:00;1,12;236,12
22/05/2020 02:00;1,12;236,12
22/05/2020 03:00;1,12;236,12
22/05/2020 04:00;1,12;236,12
22/05/2020 05:00;1,12;236,12
22/05/2020 06:00;1,12;236,12
22/05/2020 07:00;1,12;236,12
22/05/2020 08:00;1,11;236,11
22/05/2020 09:00;1,11;236,11
22/05/2020 10:00;1,11;236,11
22/05/2020 11:00;1,1;236,1
22/05/2020 12:00;1,1;236,1
22/05/2020 13:01;1,1;236,1
22/05/2020 14:01;1,1;236,1
22/05/2020 15:01;1,1;236,1
22/05/2020 16:01;1,1;236,1
22/05/2020 17:01;1,11;236,11
22/05/2020 18:01;1,11;236,11
22/05/2020 19:01;1,12;236,12
22/05/2020 20:01;1,12;236,12
22/05/2020 21:01;1,12;236,12
22/05/2020 22:01;1,11;236,11
22/05/2020 23:01;1,11;236,11
23/05/2020 00:01;1,11;236,11
23/05/2020 01:01;1,11;236,11
23/05/2020 02:01;1,11;236,11
23/05/2020 03:01;1,11;236,11
23/05/2020 04:01;1,11;236,11
23/05/2020 05:01;1,11;236,11
23/05/2020 06:01;1,11;236,11
23/05/2020 07:01;1,11;236,11
23/05/2020 08:01;1,11;236,11
23/05/2020 09:01;1,11;236,11
23/05/2020 10:00;1,11;236,11
23/05/2020 10:01;1,11;236,11
23/05/2020 11:01;1,11;236,11
23/05/2020 12:01;1,11;236,11
23/05/2020 13:01;1,11;236,11
23/05/2020 14:01;1,11;236,11
23/05/2020 15:01;1,12;236,12
23/05/2020 16:01;1,12;236,12
23/05/2020 17:01;1,12;236,12
23/05/2020 18:01;1,12;236,12
23/05/2020 19:01;1,12;236,12
23/05/2020 20:01;1,12;236,12
23/05/2020 21:01;1,12;236,12
23/05/2020 22:01;1,12;236,12
23/05/2020 23:00;1,13;236,13
24/05/2020 00:00;1,12;236,12
24/05/2020 01:00;1,12;236,12
24/05/2020 02:00;1,11;236,11
24/05/2020 03:00;1,11;236,11
24/05/2020 04:00;1,11;236,11
24/05/2020 05:00;1,11;236,11
24/05/2020 06:00;1,11;236,11
24/05/2020 07:00;1,11;236,11
24/05/2020 08:00;1,11;236,11
24/05/2020 09:00;1,1;236,1
24/05/2020 10:00;1,1;236,1
24/05/2020 11:00;1,1;236,1
24/05/2020 12:00;1,1;236,1
24/05/2020 13:00;1,1;236,1
24/05/2020 14:00;1,1;236,1
24/05/2020 15:00;1,1;236,1
24/05/2020 16:00;1,1;236,1
24/05/2020 17:00;1,1;236,1
24/05/2020 18:00;1,1;236,1
24/05/2020 19:00;1,1;236,1
24/05/2020 20:00;1,11;236,11
24/05/2020 21:00;1,11;236,11
24/05/2020 22:00;1,11;236,11
24/05/2020 23:00;1,12;236,12
25/05/2020 00:00;1,11;236,11
25/05/2020 01:00;1,11;236,11
25/05/2020 02:00;1,11;236,11
25/05/2020 03:00;1,11;236,11
25/05/2020 04:00;1,1;236,1
25/05/2020 05:00;1,1;236,1
25/05/2020 06:00;1,1;236,1
25/05/2020 07:00;1,1;236,1
25/05/2020 08:00;1,1;236,1
25/05/2020 09:00;1,1;236,1
25/05/2020 10:00;1,1;236,1
25/05/2020 11:00;1,1;236,1
25/05/2020 12:00;1,1;236,1
25/05/2020 13:00;1,1;236,1
25/05/2020 14:00;1,1;236,1
25/05/2020 15:00;1,11;236,11
25/05/2020 16:00;1,11;236,11
25/05/2020 17:00;1,11;236,11
25/05/2020 18:00;1,12;236,12
25/05/2020 19:00;1,14;236,14
25/05/2020 20:00;1,15;236,15
25/05/2020 21:00;1,16;236,16
25/05/2020 22:00;1,16;236,16
25/05/2020 23:00;1,15;236,15
26/05/2020 00:00;1,15;236,15
26/05/2020 01:00;1,15;236,15
26/05/2020 02:00;1,14;236,14
26/05/2020 03:00;1,14;236,14
26/05/2020 04:00;1,14;236,14
26/05/2020 05:00;1,13;236,13
26/05/2020 06:00;1,14;236,14
26/05/2020 07:00;1,14;236,14
26/05/2020 08:00;1,14;236,14
26/05/2020 09:00;1,14;236,14
26/05/2020 10:00;1,14;236,14
26/05/2020 11:00;1,14;236,14
26/05/2020 12:00;1,14;236,14
26/05/2020 13:00;1,14;236,14
26/05/2020 14:00;1,14;236,14
26/05/2020 15:00;1,14;236,14
26/05/2020 16:00;1,14;236,14
26/05/2020 17:00;1,14;236,14
26/05/2020 18:00;1,14;236,14
26/05/2020 19:00;1,14;236,14
26/05/2020 20:00;1,14;236,14
26/05/2020 21:00;1,15;236,15
26/05/2020 22:00;1,15;236,15
26/05/2020 23:00;1,14;236,14
27/05/2020 00:00;1,14;236,14
27/05/2020 01:00;1,14;236,14
27/05/2020 02:00;1,14;236,14
27/05/2020 03:00;1,14;236,14
27/05/2020 04:00;1,14;236,14
27/05/2020 05:00;1,13;236,13
27/05/2020 06:00;1,13;236,13
27/05/2020 07:00;1,13;236,13
27/05/2020 08:00;1,12;236,12
27/05/2020 09:00;1,11;236,11
27/05/2020 10:00;1,1;236,1
27/05/2020 11:00;1,1;236,1
27/05/2020 12:00;1,09;236,09
27/05/2020 13:00;1,09;236,09
27/05/2020 14:00;1,09;236,09
27/05/2020 15:00;1,09;236,09
27/05/2020 16:00;1,09;236,09
27/05/2020 17:00;1,09;236,09
27/05/2020 18:00;1,09;236,09
27/05/2020 19:00;1,09;236,09
27/05/2020 20:00;1,09;236,09
27/05/2020 21:00;1,09;236,09
27/05/2020 22:00;1,09;236,09
27/05/2020 23:00;1,09;236,09
28/05/2020 00:00;1,09;236,09
28/05/2020 01:00;1,08;236,08
28/05/2020 02:00;1,08;236,08
28/05/2020 03:00;1,09;236,09
28/05/2020 04:00;1,08;236,08
28/05/2020 05:00;1,08;236,08
28/05/2020 06:00;1,08;236,08
28/05/2020 07:00;1,08;236,08
28/05/2020 08:00;1,08;236,08
28/05/2020 09:00;1,08;236,08
28/05/2020 10:00;1,08;236,08
28/05/2020 11:00;1,08;236,08
28/05/2020 12:00;1,08;236,08
28/05/2020 13:00;1,08;236,08
28/05/2020 14:00;1,08;236,08
28/05/2020 15:00;1,07;236,07
28/05/2020 16:00;1,07;236,07
28/05/2020 17:00;1,07;236,07
28/05/2020 18:00;1,07;236,07
28/05/2020 19:00;1,07;236,07
28/05/2020 20:00;1,07;236,07
28/05/2020 21:00;1,07;236,07
28/05/2020 22:00;1,07;236,07
28/05/2020 23:00;1,07;236,07
29/05/2020 00:00;1,07;236,07
29/05/2020 01:00;1,07;236,07
29/05/2020 02:00;1,07;236,07
29/05/2020 03:00;1,07;236,07
29/05/2020 04:00;1,07;236,07
29/05/2020 05:00;1,08;236,08
29/05/2020 06:00;1,08;236,08
29/05/2020 07:00;1,08;236,08
29/05/2020 08:00;1,09;236,09
29/05/2020 09:00;1,09;236,09
29/05/2020 10:00;1,1;236,1
29/05/2020 11:00;1,1;236,1
29/05/2020 12:00;1,11;236,11
29/05/2020 13:00;1,11;236,11
29/05/2020 14:00;1,11;236,11
29/05/2020 15:00;1,11;236,11
29/05/2020 16:00;1,11;236,11
29/05/2020 17:00;1,12;236,12
29/05/2020 18:00;1,12;236,12
29/05/2020 19:00;1,13;236,13
29/05/2020 20:00;1,14;236,14
29/05/2020 21:00;1,15;236,15
29/05/2020 22:00;1,18;236,18
30/05/2020 12:00;1,45;236,45
31/05/2020 12:00;1,62;236,62
01/06/2020 10:00;1,7;236,7
02/06/2020 10:00;1,9;236,9
03/06/2020 10:00;2,14;237,14
04/06/2020 10:00;2,24;237,24
05/06/2020 10:00;2,27;237,27
06/06/2020 10:00;2,29;237,29
07/06/2020 10:00;2,04;237,04
08/06/2020 10:00;1,81;236,81
09/06/2020 10:00;1,72;236,72
10/06/2020 10:00;1,52;236,52
11/06/2020 10:00;1,41;236,41
12/06/2020 10:00;1,31;236,31
13/06/2020 10:00;1,3;236,3
14/06/2020 10:00;1,28;236,28
15/06/2020 10:00;1,3;236,3
16/06/2020 10:00;1,38;236,38
17/06/2020 10:00;1,28;236,28
18/06/2020 10:00;1,27;236,27
19/06/2020 10:00;1,25;236,25
20/06/2020 10:00;1,25;236,25
21/06/2020 10:00;1,24;236,24
22/06/2020 10:00;1,24;236,24
23/06/2020 10:00;1,24;236,24
24/06/2020 10:00;1,8;236,8
25/06/2020 10:00;1,84;236,84
26/06/2020 10:00;2,04;237,04
27/06/2020 10:00;2,08;237,08
28/06/2020 10:00;2,24;237,24
29/06/2020 10:00;2,28;237,28
30/06/2020 10:00;2,26;237,26
01/07/2020 00:00;2,24;237,24
01/07/2020 01:00;2,24;237,24
01/07/2020 02:00;2,24;237,24
01/07/2020 03:00;2,24;237,24
01/07/2020 04:00;2,24;237,24
01/07/2020 05:00;2,24;237,24
01/07/2020 06:00;2,24;237,24
01/07/2020 07:00;2,24;237,24
01/07/2020 08:00;2,24;237,24
01/07/2020 09:00;2,23;237,23
01/07/2020 10:00;2,23;237,23
01/07/2020 11:00;2,23;237,23
01/07/2020 12:00;2,23;237,23
01/07/2020 13:00;2,23;237,23
01/07/2020 14:00;2,23;237,23
01/07/2020 15:00;2,23;237,23
01/07/2020 16:00;2,23;237,23
01/07/2020 17:00;2,24;237,24
01/07/2020 18:00;2,24;237,24
01/07/2020 19:00;2,24;237,24
01/07/2020 20:00;2,24;237,24
01/07/2020 21:00;2,24;237,24
01/07/2020 22:00;2,24;237,24
01/07/2020 23:00;2,24;237,24
02/07/2020 00:00;2,24;237,24
02/07/2020 01:00;2,24;237,24
02/07/2020 02:00;2,24;237,24
02/07/2020 03:00;2,23;237,23
02/07/2020 04:00;2,23;237,23
02/07/2020 05:00;2,23;237,23
02/07/2020 06:00;2,23;237,23
02/07/2020 07:00;2,23;237,23
02/07/2020 08:00;2,23;237,23
02/07/2020 09:00;2,23;237,23
02/07/2020 10:00;2,23;237,23
02/07/2020 11:00;2,23;237,23
02/07/2020 12:00;2,23;237,23
02/07/2020 13:00;2,23;237,23
02/07/2020 14:00;2,22;237,22
02/07/2020 15:00;2,22;237,22
02/07/2020 16:00;2,22;237,22
02/07/2020 17:00;2,23;237,23
02/07/2020 18:00;2,23;237,23
02/07/2020 19:00;2,23;237,23
02/07/2020 20:00;2,23;237,23
02/07/2020 21:00;2,24;237,24
02/07/2020 22:00;2,25;237,25
02/07/2020 23:00;2,27;237,27
03/07/2020 00:00;2,29;237,29
03/07/2020 01:00;2,32;237,32
03/07/2020 02:00;2,34;237,34
03/07/2020 03:00;2,36;237,36
03/07/2020 04:00;2,39;237,39
03/07/2020 05:00;2,41;237,41
03/07/2020 06:00;2,43;237,43
03/07/2020 07:00;2,46;237,46
03/07/2020 08:00;2,47;237,47
03/07/2020 09:00;2,49;237,49
03/07/2020 10:00;2,5;237,5
03/07/2020 11:00;2,52;237,52
03/07/2020 12:00;2,53;237,53
03/07/2020 13:00;2,54;237,54
03/07/2020 14:00;2,55;237,55
03/07/2020 15:00;2,56;237,56
03/07/2020 16:00;2,56;237,56
03/07/2020 17:00;2,57;237,57
03/07/2020 18:00;2,58;237,58
03/07/2020 19:00;2,58;237,58
03/07/2020 20:00;2,59;237,59
03/07/2020 21:00;2,59;237,59
03/07/2020 22:00;2,59;237,59
03/07/2020 23:00;2,6;237,6
04/07/2020 00:00;2,61;237,61
04/07/2020 01:00;2,61;237,61
04/07/2020 02:00;2,62;237,62
04/07/2020 03:00;2,63;237,63
04/07/2020 04:00;2,64;237,64
04/07/2020 05:00;2,65;237,65
04/07/2020 06:00;2,66;237,66
04/07/2020 07:00;2,67;237,67
04/07/2020 08:00;2,68;237,68
04/07/2020 09:00;2,69;237,69
04/07/2020 10:00;2,7;237,7
04/07/2020 11:00;2,7;237,7
04/07/2020 12:00;2,71;237,71
04/07/2020 13:00;2,71;237,71
04/07/2020 14:00;2,72;237,72
04/07/2020 15:00;2,73;237,73
04/07/2020 16:00;2,73;237,73
04/07/2020 17:00;2,73;237,73
04/07/2020 18:00;2,73;237,73
04/07/2020 19:00;2,73;237,73
04/07/2020 20:00;2,74;237,74
04/07/2020 21:00;2,74;237,74
04/07/2020 22:00;2,74;237,74
04/07/2020 23:00;2,73;237,73
05/07/2020 00:00;2,73;237,73
05/07/2020 01:00;2,73;237,73
05/07/2020 02:00;2,73;237,73
05/07/2020 03:00;2,72;237,72
05/07/2020 04:00;2,72;237,72
05/07/2020 05:00;2,72;237,72
05/07/2020 06:00;2,71;237,71
05/07/2020 07:00;2,71;237,71
05/07/2020 08:00;2,71;237,71
05/07/2020 09:00;2,71;237,71
05/07/2020 10:00;2,7;237,7
05/07/2020 11:00;2,7;237,7
05/07/2020 12:00;2,7;237,7
05/07/2020 13:00;2,71;237,71
05/07/2020 14:00;2,71;237,71
05/07/2020 15:00;2,71;237,71
05/07/2020 16:00;2,71;237,71
05/07/2020 17:00;2,71;237,71
05/07/2020 18:00;2,71;237,71
05/07/2020 19:00;2,71;237,71
05/07/2020 20:00;2,71;237,71
05/07/2020 21:00;2,72;237,72
05/07/2020 22:00;2,72;237,72
05/07/2020 23:00;2,72;237,72
06/07/2020 00:00;2,72;237,72
06/07/2020 01:00;2,72;237,72
06/07/2020 02:00;2,72;237,72
06/07/2020 03:00;2,72;237,72
06/07/2020 04:00;2,72;237,72
06/07/2020 05:00;2,72;237,72
06/07/2020 06:00;2,72;237,72
06/07/2020 07:00;2,72;237,72
06/07/2020 08:00;2,72;237,72
06/07/2020 09:00;2,72;237,72
06/07/2020 10:00;2,72;237,72
06/07/2020 11:00;2,72;237,72
06/07/2020 12:00;2,73;237,73
06/07/2020 13:00;2,72;237,72
06/07/2020 14:00;2,72;237,72
06/07/2020 15:00;2,73;237,73
06/07/2020 16:00;2,72;237,72
06/07/2020 17:00;2,73;237,73
06/07/2020 18:00;2,72;237,72
06/07/2020 19:00;2,73;237,73
06/07/2020 20:00;2,73;237,73
06/07/2020 21:00;2,73;237,73
06/07/2020 22:00;2,73;237,73
06/07/2020 23:00;2,73;237,73
07/07/2020 00:00;2,73;237,73
07/07/2020 01:00;2,73;237,73
07/07/2020 02:00;2,73;237,73
07/07/2020 03:00;2,73;237,73
07/07/2020 04:00;2,73;237,73
07/07/2020 05:00;2,73;237,73
07/07/2020 06:00;2,73;237,73
07/07/2020 07:00;2,74;237,74
07/07/2020 08:00;2,74;237,74
07/07/2020 09:00;2,74;237,74
07/07/2020 10:00;2,74;237,74
07/07/2020 11:00;2,75;237,75
07/07/2020 12:00;2,75;237,75
07/07/2020 13:00;2,75;237,75
07/07/2020 14:00;2,75;237,75
07/07/2020 15:00;2,75;237,75
07/07/2020 16:01;2,75;237,75
07/07/2020 17:01;2,76;237,76
07/07/2020 18:01;2,76;237,76
07/07/2020 19:01;2,76;237,76
07/07/2020 20:01;2,76;237,76
07/07/2020 21:01;2,76;237,76
07/07/2020 22:01;2,76;237,76
07/07/2020 23:01;2,76;237,76
08/07/2020 00:01;2,76;237,76
08/07/2020 01:01;2,76;237,76
08/07/2020 02:01;2,75;237,75
08/07/2020 03:01;2,75;237,75
08/07/2020 04:01;2,75;237,75
08/07/2020 05:01;2,75;237,75
08/07/2020 06:01;2,75;237,75
08/07/2020 07:01;2,74;237,74
08/07/2020 08:01;2,74;237,74
08/07/2020 09:01;2,74;237,74
08/07/2020 10:01;2,74;237,74
08/07/2020 11:01;2,74;237,74
08/07/2020 12:01;2,74;237,74
08/07/2020 13:01;2,74;237,74
08/07/2020 14:01;2,74;237,74
08/07/2020 15:01;2,75;237,75
08/07/2020 16:01;2,75;237,75
08/07/2020 17:01;2,75;237,75
08/07/2020 18:01;2,76;237,76
08/07/2020 19:01;2,76;237,76
08/07/2020 20:01;2,76;237,76
08/07/2020 21:01;2,76;237,76
08/07/2020 22:01;2,76;237,76
08/07/2020 23:01;2,75;237,75
09/07/2020 00:00;2,75;237,75
09/07/2020 01:00;2,73;237,73
09/07/2020 02:00;2,71;237,71
09/07/2020 03:00;2,69;237,69
09/07/2020 04:00;2,66;237,66
09/07/2020 05:00;2,63;237,63
09/07/2020 06:00;2,6;237,6
09/07/2020 07:00;2,58;237,58
09/07/2020 08:00;2,56;237,56
09/07/2020 09:00;2,54;237,54
09/07/2020 10:00;2,53;237,53
09/07/2020 11:00;2,51;237,51
09/07/2020 12:00;2,5;237,5
09/07/2020 13:00;2,5;237,5
09/07/2020 14:00;2,49;237,49
09/07/2020 15:00;2,48;237,48
09/07/2020 16:00;2,48;237,48
09/07/2020 17:00;2,47;237,47
09/07/2020 18:00;2,46;237,46
09/07/2020 19:00;2,46;237,46
09/07/2020 20:00;2,45;237,45
09/07/2020 21:00;2,45;237,45
09/07/2020 22:00;2,44;237,44
09/07/2020 23:00;2,43;237,43
10/07/2020 00:00;2,42;237,42
10/07/2020 01:00;2,41;237,41
10/07/2020 02:00;2,39;237,39
10/07/2020 03:00;2,38;237,38
10/07/2020 04:00;2,36;237,36
10/07/2020 05:00;2,34;237,34
10/07/2020 06:00;2,33;237,33
10/07/2020 07:00;2,32;237,32
10/07/2020 08:00;2,31;237,31
10/07/2020 09:00;2,31;237,31
10/07/2020 10:00;2,31;237,31
10/07/2020 11:00;2,3;237,3
10/07/2020 12:00;2,3;237,3
10/07/2020 13:00;2,3;237,3
10/07/2020 14:00;2,3;237,3
10/07/2020 15:00;2,29;237,29
10/07/2020 16:00;2,29;237,29
10/07/2020 17:00;2,29;237,29
10/07/2020 18:00;2,29;237,29
10/07/2020 19:00;2,29;237,29
10/07/2020 20:00;2,29;237,29
10/07/2020 21:00;2,29;237,29
10/07/2020 22:00;2,29;237,29
10/07/2020 23:00;2,29;237,29
11/07/2020 00:00;2,29;237,29
11/07/2020 01:00;2,29;237,29
11/07/2020 02:00;2,29;237,29
11/07/2020 03:00;2,29;237,29
11/07/2020 04:00;2,29;237,29
11/07/2020 05:00;2,29;237,29
11/07/2020 06:00;2,29;237,29
11/07/2020 07:00;2,28;237,28
11/07/2020 08:00;2,28;237,28
11/07/2020 09:00;2,28;237,28
11/07/2020 10:00;2,28;237,28
11/07/2020 11:00;2,28;237,28
11/07/2020 12:00;2,28;237,28
11/07/2020 13:00;2,28;237,28
11/07/2020 14:00;2,28;237,28
11/07/2020 15:00;2,27;237,27
11/07/2020 16:00;2,27;237,27
11/07/2020 17:00;2,27;237,27
11/07/2020 18:00;2,27;237,27
11/07/2020 19:00;2,27;237,27
11/07/2020 20:00;2,27;237,27
11/07/2020 21:00;2,27;237,27
11/07/2020 22:00;2,28;237,28
11/07/2020 23:00;2,28;237,28
12/07/2020 00:00;2,28;237,28
12/07/2020 01:00;2,28;237,28
12/07/2020 02:00;2,28;237,28
12/07/2020 03:00;2,27;237,27
12/07/2020 04:00;2,27;237,27
12/07/2020 05:00;2,27;237,27
12/07/2020 06:00;2,27;237,27
12/07/2020 07:00;2,27;237,27
12/07/2020 08:00;2,27;237,27
12/07/2020 09:00;2,27;237,27
12/07/2020 10:00;2,27;237,27
12/07/2020 11:00;2,27;237,27
12/07/2020 12:00;2,27;237,27
12/07/2020 13:00;2,27;237,27
12/07/2020 14:00;2,27;237,27
12/07/2020 15:00;2,27;237,27
12/07/2020 16:00;2,27;237,27
12/07/2020 17:00;2,27;237,27
12/07/2020 18:00;2,27;237,27
12/07/2020 19:00;2,27;237,27
12/07/2020 20:00;2,26;237,26
12/07/2020 21:00;2,26;237,26
12/07/2020 22:00;2,27;237,27
12/07/2020 23:00;2,26;237,26
13/07/2020 00:00;2,27;237,27
13/07/2020 01:00;2,27;237,27
13/07/2020 02:00;2,26;237,26
13/07/2020 03:00;2,26;237,26
13/07/2020 04:00;2,26;237,26
13/07/2020 05:00;2,26;237,26
13/07/2020 06:00;2,26;237,26
13/07/2020 07:00;2,26;237,26
13/07/2020 08:00;2,26;237,26
13/07/2020 09:00;2,27;237,27
13/07/2020 10:00;2,27;237,27
13/07/2020 11:00;2,26;237,26
13/07/2020 12:00;2,26;237,26
13/07/2020 13:00;2,26;237,26
13/07/2020 14:00;2,26;237,26
13/07/2020 15:00;2,26;237,26
13/07/2020 16:00;2,26;237,26
13/07/2020 17:00;2,26;237,26
13/07/2020 18:00;2,26;237,26
13/07/2020 19:00;2,26;237,26
13/07/2020 20:00;2,26;237,26
13/07/2020 21:00;2,26;237,26
13/07/2020 22:00;2,26;237,26
13/07/2020 23:00;2,26;237,26
14/07/2020 00:00;2,27;237,27
14/07/2020 01:00;2,27;237,27
14/07/2020 02:00;2,27;237,27
14/07/2020 03:00;2,27;237,27
14/07/2020 04:00;2,27;237,27
14/07/2020 05:00;2,27;237,27
14/07/2020 06:00;2,27;237,27
14/07/2020 07:00;2,27;237,27
14/07/2020 08:00;2,27;237,27
14/07/2020 09:00;2,27;237,27
14/07/2020 10:00;2,27;237,27
14/07/2020 11:00;2,27;237,27
14/07/2020 12:00;2,27;237,27
14/07/2020 13:00;2,27;237,27
14/07/2020 14:00;2,27;237,27
14/07/2020 15:00;2,27;237,27
14/07/2020 16:00;2,26;237,26
14/07/2020 17:00;2,27;237,27
14/07/2020 18:00;2,27;237,27
14/07/2020 19:00;2,26;237,26
14/07/2020 20:00;2,27;237,27
14/07/2020 21:00;2,27;237,27
14/07/2020 22:00;2,27;237,27
14/07/2020 23:00;2,27;237,27
15/07/2020 00:00;2,27;237,27
15/07/2020 01:00;2,27;237,27
15/07/2020 02:00;2,27;237,27
15/07/2020 03:00;2,27;237,27
15/07/2020 04:00;2,27;237,27
15/07/2020 05:00;2,27;237,27
15/07/2020 06:00;2,27;237,27
15/07/2020 07:00;2,27;237,27
15/07/2020 08:00;2,27;237,27
15/07/2020 09:00;2,27;237,27
15/07/2020 10:00;2,27;237,27
15/07/2020 11:00;2,27;237,27
15/07/2020 12:00;2,27;237,27
15/07/2020 13:00;2,27;237,27
15/07/2020 14:00;2,27;237,27
15/07/2020 15:00;2,27;237,27
15/07/2020 16:00;2,26;237,26
15/07/2020 17:00;2,26;237,26
15/07/2020 18:00;2,26;237,26
15/07/2020 19:00;2,27;237,27
15/07/2020 20:00;2,27;237,27
15/07/2020 21:00;2,27;237,27
15/07/2020 22:00;2,27;237,27
15/07/2020 23:00;2,27;237,27
16/07/2020 00:00;2,27;237,27
16/07/2020 01:00;2,27;237,27
16/07/2020 02:00;2,27;237,27
16/07/2020 03:00;2,27;237,27
16/07/2020 04:00;2,27;237,27
16/07/2020 05:00;2,27;237,27
16/07/2020 06:00;2,27;237,27
16/07/2020 07:00;2,27;237,27
16/07/2020 08:00;2,27;237,27
16/07/2020 09:00;2,26;237,26
16/07/2020 10:00;2,26;237,26
16/07/2020 11:00;2,26;237,26
16/07/2020 12:00;2,26;237,26
16/07/2020 13:00;2,25;237,25
16/07/2020 14:00;2,25;237,25
16/07/2020 15:00;2,25;237,25
16/07/2020 16:00;2,26;237,26
16/07/2020 17:00;2,26;237,26
16/07/2020 18:00;2,26;237,26
16/07/2020 19:01;2,26;237,26
16/07/2020 20:01;2,26;237,26
16/07/2020 21:01;2,27;237,27
16/07/2020 22:01;2,27;237,27
16/07/2020 23:01;2,27;237,27
17/07/2020 00:01;2,27;237,27
17/07/2020 01:01;2,27;237,27
17/07/2020 02:01;2,27;237,27
17/07/2020 03:01;2,27;237,27
17/07/2020 04:01;2,26;237,26
17/07/2020 05:01;2,26;237,26
17/07/2020 06:01;2,26;237,26
17/07/2020 07:01;2,26;237,26
17/07/2020 08:01;2,26;237,26
17/07/2020 09:01;2,25;237,25
17/07/2020 10:01;2,25;237,25
17/07/2020 11:01;2,25;237,25
17/07/2020 12:01;2,25;237,25
17/07/2020 13:01;2,25;237,25
17/07/2020 14:01;2,26;237,26
17/07/2020 15:01;2,25;237,25
17/07/2020 16:01;2,25;237,25
17/07/2020 17:01;2,25;237,25
17/07/2020 18:01;2,26;237,26
17/07/2020 19:01;2,26;237,26
17/07/2020 20:01;2,26;237,26
17/07/2020 21:01;2,26;237,26
17/07/2020 22:01;2,26;237,26
17/07/2020 23:01;2,26;237,26
18/07/2020 00:01;2,26;237,26
18/07/2020 01:01;2,26;237,26
18/07/2020 02:01;2,26;237,26
18/07/2020 03:01;2,26;237,26
18/07/2020 04:00;2,27;237,27
18/07/2020 05:00;2,27;237,27
18/07/2020 06:00;2,27;237,27
18/07/2020 07:00;2,27;237,27
18/07/2020 08:00;2,27;237,27
18/07/2020 09:00;2,27;237,27
18/07/2020 10:00;2,26;237,26
18/07/2020 11:00;2,26;237,26
18/07/2020 12:00;2,26;237,26
18/07/2020 13:00;2,26;237,26
18/07/2020 14:00;2,26;237,26
18/07/2020 15:00;2,26;237,26
18/07/2020 16:00;2,26;237,26
18/07/2020 17:00;2,26;237,26
18/07/2020 18:00;2,26;237,26
18/07/2020 19:00;2,26;237,26
18/07/2020 20:00;2,26;237,26
18/07/2020 21:00;2,26;237,26
18/07/2020 22:00;2,26;237,26
18/07/2020 23:00;2,26;237,26
19/07/2020 00:00;2,26;237,26
19/07/2020 01:00;2,27;237,27
19/07/2020 02:00;2,27;237,27
19/07/2020 03:00;2,27;237,27
19/07/2020 04:00;2,27;237,27
19/07/2020 05:00;2,27;237,27
19/07/2020 06:00;2,27;237,27
19/07/2020 07:00;2,27;237,27
19/07/2020 08:00;2,26;237,26
19/07/2020 09:00;2,27;237,27
19/07/2020 10:00;2,27;237,27
19/07/2020 11:00;2,26;237,26
19/07/2020 12:00;2,26;237,26
19/07/2020 13:00;2,26;237,26
19/07/2020 14:00;2,26;237,26
19/07/2020 15:00;2,26;237,26
19/07/2020 16:00;2,26;237,26
19/07/2020 17:00;2,26;237,26
19/07/2020 18:00;2,26;237,26
19/07/2020 19:00;2,26;237,26
19/07/2020 20:00;2,26;237,26
19/07/2020 21:00;2,26;237,26
19/07/2020 22:00;2,26;237,26
19/07/2020 23:00;2,26;237,26
20/07/2020 00:00;2,26;237,26
20/07/2020 01:00;2,27;237,27
20/07/2020 02:00;2,27;237,27
20/07/2020 03:00;2,27;237,27
20/07/2020 04:00;2,27;237,27
20/07/2020 05:00;2,28;237,28
20/07/2020 06:00;2,28;237,28
20/07/2020 07:00;2,28;237,28
20/07/2020 08:00;2,29;237,29
20/07/2020 09:00;2,29;237,29
20/07/2020 10:00;2,29;237,29
20/07/2020 11:00;2,29;237,29
20/07/2020 12:00;2,28;237,28
20/07/2020 13:00;2,28;237,28
20/07/2020 14:00;2,27;237,27
20/07/2020 15:00;2,27;237,27
20/07/2020 16:00;2,27;237,27
20/07/2020 17:00;2,26;237,26
20/07/2020 18:00;2,26;237,26
20/07/2020 19:00;2,26;237,26
20/07/2020 20:00;2,26;237,26
20/07/2020 21:00;2,25;237,25
20/07/2020 22:00;2,25;237,25
20/07/2020 23:00;2,26;237,26
21/07/2020 00:00;2,26;237,26
21/07/2020 01:00;2,26;237,26
21/07/2020 02:00;2,27;237,27
21/07/2020 03:00;2,27;237,27
21/07/2020 04:00;2,28;237,28
21/07/2020 05:00;2,28;237,28
21/07/2020 06:00;2,29;237,29
21/07/2020 07:00;2,29;237,29
21/07/2020 08:00;2,29;237,29
21/07/2020 09:00;2,3;237,3
21/07/2020 10:00;2,3;237,3
21/07/2020 11:00;2,31;237,31
21/07/2020 12:00;2,31;237,31
21/07/2020 13:00;2,32;237,32
21/07/2020 14:00;2,33;237,33
21/07/2020 15:00;2,33;237,33
21/07/2020 16:00;2,34;237,34
21/07/2020 17:00;2,34;237,34
21/07/2020 18:00;2,35;237,35
21/07/2020 19:00;2,36;237,36
21/07/2020 20:00;2,37;237,37
21/07/2020 21:00;2,37;237,37
21/07/2020 22:00;2,37;237,37
21/07/2020 23:00;2,37;237,37
22/07/2020 00:00;2,37;237,37
22/07/2020 01:00;2,37;237,37
22/07/2020 02:00;2,37;237,37
22/07/2020 03:00;2,37;237,37
22/07/2020 04:00;2,37;237,37
22/07/2020 05:00;2,37;237,37
22/07/2020 06:00;2,37;237,37
22/07/2020 07:00;2,37;237,37
22/07/2020 08:00;2,37;237,37
22/07/2020 09:00;2,37;237,37
22/07/2020 10:00;2,37;237,37
22/07/2020 11:00;2,37;237,37
22/07/2020 12:00;2,37;237,37
22/07/2020 13:00;2,37;237,37
22/07/2020 14:00;2,37;237,37
22/07/2020 15:00;2,37;237,37
22/07/2020 16:00;2,37;237,37
22/07/2020 17:00;2,36;237,36
22/07/2020 18:00;2,36;237,36
22/07/2020 19:00;2,36;237,36
22/07/2020 20:00;2,36;237,36
22/07/2020 21:00;2,36;237,36
22/07/2020 22:00;2,36;237,36
22/07/2020 23:00;2,35;237,35
23/07/2020 00:00;2,35;237,35
23/07/2020 01:00;2,35;237,35
23/07/2020 02:00;2,35;237,35
23/07/2020 03:00;2,34;237,34
23/07/2020 04:00;2,35;237,35
23/07/2020 05:00;2,35;237,35
23/07/2020 06:00;2,35;237,35
23/07/2020 07:00;2,35;237,35
23/07/2020 08:00;2,35;237,35
23/07/2020 09:00;2,35;237,35
23/07/2020 10:00;2,35;237,35
23/07/2020 11:00;2,35;237,35
23/07/2020 12:00;2,36;237,36
23/07/2020 13:00;2,35;237,35
23/07/2020 14:00;2,35;237,35
23/07/2020 15:00;2,36;237,36
23/07/2020 16:00;2,35;237,35
23/07/2020 17:00;2,36;237,36
23/07/2020 18:00;2,36;237,36
23/07/2020 19:00;2,36;237,36
23/07/2020 20:00;2,36;237,36
23/07/2020 21:00;2,36;237,36
23/07/2020 22:00;2,36;237,36
23/07/2020 23:00;2,36;237,36
24/07/2020 00:00;2,36;237,36
24/07/2020 01:00;2,36;237,36
24/07/2020 02:00;2,36;237,36
24/07/2020 03:00;2,38;237,38
24/07/2020 04:00;2,4;237,4
24/07/2020 05:00;2,42;237,42
24/07/2020 06:00;2,45;237,45
24/07/2020 07:00;2,48;237,48
24/07/2020 08:00;2,5;237,5
24/07/2020 09:00;2,53;237,53
24/07/2020 10:00;2,56;237,56
24/07/2020 11:00;2,57;237,57
24/07/2020 12:00;2,59;237,59
24/07/2020 13:00;2,6;237,6
24/07/2020 14:00;2,62;237,62
24/07/2020 15:00;2,63;237,63
24/07/2020 16:00;2,64;237,64
24/07/2020 17:00;2,65;237,65
24/07/2020 18:00;2,66;237,66
24/07/2020 19:00;2,66;237,66
24/07/2020 20:00;2,67;237,67
24/07/2020 21:00;2,68;237,68
24/07/2020 22:00;2,68;237,68
24/07/2020 23:00;2,69;237,69
25/07/2020 00:00;2,7;237,7
25/07/2020 01:00;2,7;237,7
25/07/2020 02:00;2,71;237,71
25/07/2020 03:00;2,72;237,72
25/07/2020 04:00;2,73;237,73
25/07/2020 05:00;2,74;237,74
25/07/2020 06:00;2,75;237,75
25/07/2020 07:00;2,76;237,76
25/07/2020 08:00;2,77;237,77
25/07/2020 09:00;2,78;237,78
25/07/2020 10:00;2,79;237,79
25/07/2020 11:00;2,8;237,8
25/07/2020 12:00;2,81;237,81
25/07/2020 13:00;2,81;237,81
25/07/2020 14:00;2,82;237,82
25/07/2020 15:00;2,83;237,83
25/07/2020 16:00;2,83;237,83
25/07/2020 17:00;2,84;237,84
25/07/2020 18:00;2,84;237,84
25/07/2020 19:00;2,85;237,85
25/07/2020 20:01;2,85;237,85
25/07/2020 21:01;2,86;237,86
25/07/2020 22:01;2,86;237,86
25/07/2020 23:01;2,86;237,86
26/07/2020 00:01;2,86;237,86
26/07/2020 01:01;2,87;237,87
26/07/2020 02:01;2,87;237,87
26/07/2020 03:01;2,87;237,87
26/07/2020 04:01;2,87;237,87
26/07/2020 05:01;2,87;237,87
26/07/2020 06:01;2,88;237,88
26/07/2020 07:01;2,88;237,88
26/07/2020 08:01;2,88;237,88
26/07/2020 09:01;2,88;237,88
26/07/2020 10:01;2,88;237,88
26/07/2020 11:01;2,88;237,88
26/07/2020 12:01;2,88;237,88
26/07/2020 13:01;2,88;237,88
26/07/2020 14:01;2,88;237,88
26/07/2020 15:01;2,88;237,88
26/07/2020 16:01;2,88;237,88
26/07/2020 17:01;2,88;237,88
26/07/2020 18:01;2,88;237,88
26/07/2020 19:01;2,88;237,88
26/07/2020 20:01;2,88;237,88
26/07/2020 21:01;2,88;237,88
26/07/2020 22:01;2,88;237,88
26/07/2020 23:01;2,88;237,88
27/07/2020 00:01;2,88;237,88
27/07/2020 01:01;2,88;237,88
27/07/2020 02:01;2,88;237,88
27/07/2020 03:01;2,88;237,88
27/07/2020 04:01;2,88;237,88
27/07/2020 05:00;2,88;237,88
27/07/2020 06:00;2,88;237,88
27/07/2020 07:00;2,88;237,88
27/07/2020 08:00;2,89;237,89
27/07/2020 09:00;2,89;237,89
27/07/2020 10:00;2,9;237,9
27/07/2020 11:00;2,9;237,9
27/07/2020 12:00;2,9;237,9
27/07/2020 13:00;2,91;237,91
27/07/2020 14:00;2,91;237,91
27/07/2020 15:00;2,92;237,92
27/07/2020 16:00;2,92;237,92
27/07/2020 17:00;2,92;237,92
27/07/2020 18:00;2,92;237,92
27/07/2020 19:00;2,93;237,93
27/07/2020 20:00;2,93;237,93
27/07/2020 21:00;2,93;237,93
27/07/2020 22:00;2,93;237,93
27/07/2020 23:00;2,93;237,93
28/07/2020 00:00;2,93;237,93
28/07/2020 01:00;2,93;237,93
28/07/2020 02:00;2,93;237,93
28/07/2020 03:00;2,93;237,93
28/07/2020 04:00;2,93;237,93
28/07/2020 05:00;2,93;237,93
28/07/2020 06:00;2,94;237,94
28/07/2020 07:00;2,94;237,94
28/07/2020 08:00;2,94;237,94
28/07/2020 09:00;2,94;237,94
28/07/2020 10:00;2,94;237,94
28/07/2020 11:00;2,94;237,94
28/07/2020 12:00;2,95;237,95
28/07/2020 13:00;2,95;237,95
28/07/2020 14:00;2,95;237,95
28/07/2020 15:00;2,96;237,96
28/07/2020 16:00;2,96;237,96
28/07/2020 17:00;2,97;237,97
28/07/2020 18:00;2,97;237,97
28/07/2020 19:00;2,97;237,97
28/07/2020 20:00;2,98;237,98
28/07/2020 21:00;2,98;237,98
28/07/2020 22:00;2,98;237,98
28/07/2020 23:00;2,99;237,99
29/07/2020 00:00;2,99;237,99
29/07/2020 01:00;2,98;237,98
29/07/2020 02:00;2,98;237,98
29/07/2020 03:00;2,98;237,98
29/07/2020 04:00;2,98;237,98
29/07/2020 05:00;2,98;237,98
29/07/2020 06:00;2,98;237,98
29/07/2020 07:00;2,99;237,99
29/07/2020 08:00;2,99;237,99
29/07/2020 09:00;3;238
29/07/2020 10:00;3;238
29/07/2020 11:00;3;238
29/07/2020 12:00;3,01;238,01
29/07/2020 13:00;3,01;238,01
29/07/2020 14:00;3,01;238,01
29/07/2020 15:00;3,01;238,01
29/07/2020 16:00;3,01;238,01
29/07/2020 17:00;3,01;238,01
29/07/2020 18:00;3,02;238,02
29/07/2020 19:00;3,02;238,02
29/07/2020 20:00;3,02;238,02
29/07/2020 21:00;3,02;238,02
29/07/2020 22:00;3,02;238,02
29/07/2020 23:00;3,02;238,02
30/07/2020 00:00;3,02;238,02
30/07/2020 01:00;3,02;238,02
30/07/2020 02:00;3,02;238,02
30/07/2020 03:00;3,02;238,02
30/07/2020 04:00;3,02;238,02
30/07/2020 05:00;3,02;238,02
30/07/2020 06:00;3,02;238,02
30/07/2020 07:00;3,03;238,03
30/07/2020 08:00;3,04;238,04
30/07/2020 09:00;3,04;238,04
30/07/2020 10:00;3,05;238,05
30/07/2020 11:00;3,06;238,06
30/07/2020 12:00;3,07;238,07
30/07/2020 13:00;3,07;238,07
30/07/2020 14:00;3,08;238,08
30/07/2020 15:00;3,08;238,08
30/07/2020 16:00;3,09;238,09
30/07/2020 17:00;3,09;238,09
30/07/2020 18:00;3,09;238,09
30/07/2020 19:00;3,09;238,09
30/07/2020 20:00;3,1;238,1
30/07/2020 21:00;3,1;238,1
30/07/2020 22:00;3,1;238,1
30/07/2020 23:00;3,1;238,1
31/07/2020 00:00;3,1;238,1
31/07/2020 01:00;3,1;238,1
31/07/2020 02:00;3,1;238,1
31/07/2020 03:00;3,09;238,09
31/07/2020 04:00;3,09;238,09
31/07/2020 05:00;3,09;238,09
31/07/2020 06:00;3,09;238,09
31/07/2020 07:00;3,1;238,1
31/07/2020 08:00;3,1;238,1
31/07/2020 09:00;3,1;238,1
31/07/2020 10:00;3,11;238,11
31/07/2020 11:00;3,11;238,11
31/07/2020 12:00;3,11;238,11
31/07/2020 13:00;3,11;238,11
31/07/2020 14:00;3,11;238,11
31/07/2020 15:00;3,12;238,12
31/07/2020 16:00;3,12;238,12
31/07/2020 17:00;3,12;238,12
31/07/2020 18:00;3,12;238,12
31/07/2020 19:00;3,12;238,12
31/07/2020 20:00;3,12;238,12
31/07/2020 21:00;3,13;238,13
31/07/2020 22:00;3,13;238,13
31/07/2020 23:00;3,12;238,12
01/08/2020 00:00;3,12;238,12
01/08/2020 01:00;3,12;238,12
01/08/2020 02:00;3,12;238,12
01/08/2020 03:00;3,12;238,12
01/08/2020 04:00;3,11;238,11
01/08/2020 05:00;3,11;238,11
01/08/2020 06:00;3,11;238,11
01/08/2020 07:00;3,1;238,1
01/08/2020 08:00;3,1;238,1
01/08/2020 09:00;3,1;238,1
01/08/2020 10:00;3,1;238,1
01/08/2020 11:00;3,1;238,1
01/08/2020 12:00;3,1;238,1
01/08/2020 13:00;3,1;238,1
01/08/2020 14:00;3,1;238,1
01/08/2020 15:00;3,1;238,1
01/08/2020 16:00;3,1;238,1
01/08/2020 17:00;3,1;238,1
01/08/2020 18:00;3,1;238,1
01/08/2020 19:00;3,09;238,09
01/08/2020 20:00;3,09;238,09
01/08/2020 21:00;3,08;238,08
01/08/2020 22:00;3,07;238,07
01/08/2020 23:00;3,06;238,06
02/08/2020 00:00;3,04;238,04
02/08/2020 01:00;3,02;238,02
02/08/2020 02:00;3;238
02/08/2020 03:00;2,98;237,98
02/08/2020 04:00;2,96;237,96
02/08/2020 05:00;2,93;237,93
02/08/2020 06:00;2,92;237,92
02/08/2020 07:00;2,9;237,9
02/08/2020 08:00;2,88;237,88
02/08/2020 09:00;2,86;237,86
02/08/2020 10:00;2,85;237,85
02/08/2020 11:00;2,83;237,83
02/08/2020 12:00;2,82;237,82
02/08/2020 13:00;2,8;237,8
02/08/2020 14:00;2,79;237,79
02/08/2020 15:00;2,79;237,79
02/08/2020 16:00;2,78;237,78
02/08/2020 17:00;2,78;237,78
02/08/2020 18:00;2,77;237,77
02/08/2020 19:00;2,76;237,76
02/08/2020 20:00;2,75;237,75
02/08/2020 21:00;2,74;237,74
02/08/2020 22:00;2,73;237,73
02/08/2020 23:00;2,72;237,72
03/08/2020 00:00;2,71;237,71
03/08/2020 01:00;2,7;237,7
03/08/2020 02:00;2,69;237,69
03/08/2020 03:00;2,68;237,68
03/08/2020 04:00;2,66;237,66
03/08/2020 05:00;2,65;237,65
03/08/2020 06:00;2,64;237,64
03/08/2020 07:00;2,63;237,63
03/08/2020 08:00;2,62;237,62
03/08/2020 09:00;2,61;237,61
03/08/2020 10:00;2,6;237,6
03/08/2020 11:00;2,59;237,59
03/08/2020 12:00;2,59;237,59
03/08/2020 13:00;2,58;237,58
03/08/2020 14:00;2,58;237,58
03/08/2020 15:00;2,57;237,57
03/08/2020 16:00;2,57;237,57
03/08/2020 17:00;2,57;237,57
03/08/2020 18:00;2,57;237,57
03/08/2020 19:00;2,57;237,57
03/08/2020 20:00;2,57;237,57
03/08/2020 21:00;2,57;237,57
03/08/2020 22:00;2,56;237,56
03/08/2020 23:00;2,54;237,54
04/08/2020 00:01;2,51;237,51
04/08/2020 01:00;2,48;237,48
04/08/2020 02:00;2,45;237,45
04/08/2020 03:01;2,42;237,42
04/08/2020 04:01;2,4;237,4
04/08/2020 05:01;2,37;237,37
04/08/2020 06:01;2,35;237,35
04/08/2020 07:01;2,33;237,33
04/08/2020 08:01;2,32;237,32
04/08/2020 09:01;2,3;237,3
04/08/2020 10:01;2,29;237,29
04/08/2020 11:01;2,27;237,27
04/08/2020 12:01;2,27;237,27
04/08/2020 13:01;2,26;237,26
04/08/2020 14:01;2,25;237,25
04/08/2020 15:01;2,25;237,25
04/08/2020 16:01;2,25;237,25
04/08/2020 17:01;2,25;237,25
04/08/2020 18:01;2,25;237,25
04/08/2020 19:01;2,25;237,25
04/08/2020 20:01;2,24;237,24
04/08/2020 21:01;2,23;237,23
04/08/2020 22:01;2,21;237,21
04/08/2020 23:01;2,19;237,19
05/08/2020 00:01;2,17;237,17
05/08/2020 01:01;2,15;237,15
05/08/2020 02:01;2,14;237,14
05/08/2020 03:01;2,12;237,12
05/08/2020 04:01;2,11;237,11
05/08/2020 05:01;2,1;237,1
05/08/2020 06:01;2,1;237,1
05/08/2020 07:01;2,09;237,09
05/08/2020 08:01;2,09;237,09
05/08/2020 09:01;2,09;237,09
05/08/2020 10:01;2,08;237,08
05/08/2020 11:01;2,08;237,08
05/08/2020 12:00;2,08;237,08
05/08/2020 13:00;2,08;237,08
05/08/2020 14:00;2,08;237,08
05/08/2020 15:00;2,07;237,07
05/08/2020 16:00;2,07;237,07
05/08/2020 17:00;2,07;237,07
05/08/2020 18:00;2,07;237,07
05/08/2020 19:00;2,07;237,07
05/08/2020 20:00;2,06;237,06
05/08/2020 21:00;2,06;237,06
05/08/2020 22:00;2,04;237,04
05/08/2020 23:00;2,03;237,03
06/08/2020 00:00;2,01;237,01
06/08/2020 01:00;1,99;236,99
06/08/2020 02:00;1,97;236,97
06/08/2020 03:00;1,95;236,95
06/08/2020 04:00;1,93;236,93
06/08/2020 05:00;1,92;236,92
06/08/2020 06:00;1,91;236,91
06/08/2020 07:00;1,91;236,91
06/08/2020 08:00;1,91;236,91
06/08/2020 09:00;1,9;236,9
06/08/2020 10:00;1,9;236,9
06/08/2020 11:00;1,89;236,89
06/08/2020 12:00;1,89;236,89
06/08/2020 13:00;1,89;236,89
06/08/2020 14:00;1,88;236,88
06/08/2020 15:00;1,88;236,88
06/08/2020 16:00;1,88;236,88
06/08/2020 17:00;1,88;236,88
06/08/2020 18:00;1,88;236,88
06/08/2020 19:00;1,88;236,88
06/08/2020 20:00;1,88;236,88
06/08/2020 21:00;1,88;236,88
06/08/2020 22:00;1,88;236,88
06/08/2020 23:00;1,88;236,88
07/08/2020 00:00;1,88;236,88
07/08/2020 01:00;1,87;236,87
07/08/2020 02:00;1,87;236,87
07/08/2020 03:00;1,87;236,87
07/08/2020 04:00;1,87;236,87
07/08/2020 05:00;1,86;236,86
07/08/2020 06:00;1,86;236,86
07/08/2020 07:00;1,86;236,86
07/08/2020 08:00;1,86;236,86
07/08/2020 09:00;1,86;236,86
07/08/2020 10:00;1,86;236,86
07/08/2020 11:00;1,85;236,85
07/08/2020 12:00;1,85;236,85
07/08/2020 13:00;1,85;236,85
07/08/2020 14:00;1,85;236,85
07/08/2020 15:00;1,85;236,85
07/08/2020 16:00;1,86;236,86
07/08/2020 17:00;1,86;236,86
07/08/2020 18:00;1,86;236,86
07/08/2020 19:00;1,86;236,86
07/08/2020 20:00;1,86;236,86
07/08/2020 21:00;1,86;236,86
07/08/2020 22:00;1,86;236,86
07/08/2020 23:00;1,85;236,85
08/08/2020 00:00;1,85;236,85
08/08/2020 01:00;1,85;236,85
08/08/2020 02:00;1,85;236,85
08/08/2020 03:00;1,85;236,85
08/08/2020 04:00;1,86;236,86
08/08/2020 05:00;1,87;236,87
08/08/2020 06:00;1,88;236,88
08/08/2020 07:00;1,89;236,89
08/08/2020 08:00;1,89;236,89
08/08/2020 09:00;1,9;236,9
08/08/2020 10:00;1,9;236,9
08/08/2020 11:00;1,9;236,9
08/08/2020 12:00;1,91;236,91
08/08/2020 13:00;1,91;236,91
08/08/2020 14:00;1,91;236,91
08/08/2020 15:00;1,9;236,9
08/08/2020 16:00;1,91;236,91
08/08/2020 17:00;1,9;236,9
08/08/2020 18:00;1,9;236,9
08/08/2020 19:00;1,9;236,9
08/08/2020 20:00;1,9;236,9
08/08/2020 21:00;1,9;236,9
08/08/2020 22:00;1,9;236,9
08/08/2020 23:00;1,9;236,9
09/08/2020 00:00;1,9;236,9
09/08/2020 01:00;1,9;236,9
09/08/2020 02:00;1,9;236,9
09/08/2020 03:00;1,89;236,89
09/08/2020 04:00;1,88;236,88
09/08/2020 05:00;1,87;236,87
09/08/2020 06:00;1,86;236,86
09/08/2020 07:00;1,85;236,85
09/08/2020 08:00;1,85;236,85
09/08/2020 09:00;1,84;236,84
09/08/2020 10:00;1,84;236,84
09/08/2020 11:00;1,84;236,84
09/08/2020 12:00;1,83;236,83
09/08/2020 13:00;1,83;236,83
09/08/2020 14:00;1,83;236,83
09/08/2020 15:00;1,83;236,83
09/08/2020 16:00;1,84;236,84
09/08/2020 17:00;1,84;236,84
09/08/2020 18:00;1,84;236,84
09/08/2020 19:00;1,84;236,84
09/08/2020 20:00;1,84;236,84
09/08/2020 21:00;1,84;236,84
09/08/2020 22:00;1,84;236,84
09/08/2020 23:00;1,84;236,84
10/08/2020 00:00;1,84;236,84
10/08/2020 01:00;1,83;236,83
10/08/2020 02:00;1,83;236,83
10/08/2020 03:00;1,83;236,83
10/08/2020 04:00;1,83;236,83
10/08/2020 05:00;1,83;236,83
10/08/2020 06:00;1,83;236,83
10/08/2020 07:00;1,83;236,83
10/08/2020 08:00;1,83;236,83
10/08/2020 09:00;1,83;236,83
10/08/2020 10:00;1,83;236,83
10/08/2020 11:00;1,82;236,82
10/08/2020 12:00;1,82;236,82
10/08/2020 13:00;1,82;236,82
10/08/2020 14:00;1,81;236,81
10/08/2020 15:00;1,81;236,81
10/08/2020 16:00;1,81;236,81
10/08/2020 17:00;1,81;236,81
10/08/2020 18:00;1,81;236,81
10/08/2020 19:00;1,82;236,82
10/08/2020 20:00;1,82;236,82
10/08/2020 21:00;1,82;236,82
10/08/2020 22:00;1,83;236,83
10/08/2020 23:00;1,84;236,84
11/08/2020 00:00;1,87;236,87
11/08/2020 01:00;1,9;236,9
11/08/2020 02:00;1,93;236,93
11/08/2020 03:00;1,96;236,96
11/08/2020 04:00;1,98;236,98
11/08/2020 05:00;2;237
11/08/2020 06:00;2,01;237,01
11/08/2020 07:00;2,03;237,03
11/08/2020 08:00;2,03;237,03
11/08/2020 09:00;2,04;237,04
11/08/2020 10:00;2,04;237,04
11/08/2020 11:00;2,04;237,04
11/08/2020 12:00;2,04;237,04
11/08/2020 13:00;2,05;237,05
11/08/2020 14:00;2,05;237,05
11/08/2020 15:00;2,05;237,05
11/08/2020 16:00;2,05;237,05
11/08/2020 17:00;2,06;237,06
11/08/2020 18:00;2,06;237,06
11/08/2020 19:00;2,07;237,07
11/08/2020 20:00;2,08;237,08
11/08/2020 21:00;2,09;237,09
11/08/2020 22:00;2,11;237,11
11/08/2020 23:00;2,12;237,12
12/08/2020 00:00;2,14;237,14
12/08/2020 01:00;2,16;237,16
12/08/2020 02:00;2,17;237,17
12/08/2020 03:00;2,19;237,19
12/08/2020 04:00;2,2;237,2
12/08/2020 05:00;2,21;237,21
12/08/2020 06:00;2,22;237,22
12/08/2020 07:00;2,23;237,23
12/08/2020 08:00;2,24;237,24
12/08/2020 09:00;2,24;237,24
12/08/2020 10:00;2,24;237,24
12/08/2020 11:00;2,24;237,24
12/08/2020 12:00;2,25;237,25
12/08/2020 13:00;2,24;237,24
12/08/2020 14:00;2,25;237,25
12/08/2020 15:00;2,25;237,25
12/08/2020 16:00;2,25;237,25
12/08/2020 17:00;2,25;237,25
12/08/2020 18:00;2,26;237,26
12/08/2020 19:00;2,27;237,27
12/08/2020 20:00;2,28;237,28
12/08/2020 21:00;2,28;237,28
12/08/2020 22:00;2,3;237,3
12/08/2020 23:00;2,31;237,31
13/08/2020 00:00;2,33;237,33
13/08/2020 01:00;2,34;237,34
13/08/2020 02:00;2,36;237,36
13/08/2020 03:00;2,37;237,37
13/08/2020 04:00;2,38;237,38
13/08/2020 05:00;2,38;237,38
13/08/2020 06:00;2,39;237,39
13/08/2020 07:00;2,39;237,39
13/08/2020 08:00;2,4;237,4
13/08/2020 09:00;2,4;237,4
13/08/2020 10:00;2,4;237,4
13/08/2020 11:00;2,4;237,4
13/08/2020 12:00;2,4;237,4
13/08/2020 13:00;2,4;237,4
13/08/2020 14:01;2,4;237,4
13/08/2020 15:01;2,41;237,41
13/08/2020 16:01;2,41;237,41
13/08/2020 17:01;2,41;237,41
13/08/2020 18:01;2,42;237,42
13/08/2020 19:01;2,42;237,42
13/08/2020 20:01;2,43;237,43
13/08/2020 21:01;2,43;237,43
13/08/2020 22:01;2,44;237,44
13/08/2020 23:01;2,44;237,44
14/08/2020 00:01;2,44;237,44
14/08/2020 01:01;2,44;237,44
14/08/2020 02:01;2,44;237,44
14/08/2020 03:01;2,43;237,43
14/08/2020 04:01;2,43;237,43
14/08/2020 05:01;2,42;237,42
14/08/2020 06:01;2,42;237,42
14/08/2020 07:01;2,41;237,41
14/08/2020 08:01;2,41;237,41
14/08/2020 09:01;2,41;237,41
14/08/2020 10:01;2,4;237,4
14/08/2020 11:01;2,4;237,4
14/08/2020 12:01;2,4;237,4
14/08/2020 13:01;2,4;237,4
14/08/2020 14:01;2,4;237,4
14/08/2020 15:01;2,4;237,4
14/08/2020 16:01;2,4;237,4
14/08/2020 17:01;2,4;237,4
14/08/2020 18:01;2,4;237,4
14/08/2020 19:01;2,4;237,4
14/08/2020 20:01;2,4;237,4
14/08/2020 21:01;2,4;237,4
14/08/2020 22:01;2,41;237,41
14/08/2020 23:01;2,41;237,41
15/08/2020 00:00;2,41;237,41
15/08/2020 01:00;2,41;237,41
15/08/2020 02:00;2,41;237,41
15/08/2020 03:00;2,41;237,41
15/08/2020 04:00;2,41;237,41
15/08/2020 05:00;2,42;237,42
15/08/2020 06:00;2,42;237,42
15/08/2020 07:00;2,43;237,43
15/08/2020 08:00;2,43;237,43
15/08/2020 09:00;2,43;237,43
15/08/2020 10:00;2,44;237,44
15/08/2020 11:00;2,44;237,44
15/08/2020 12:00;2,44;237,44
15/08/2020 13:00;2,44;237,44
15/08/2020 14:00;2,44;237,44
15/08/2020 15:00;2,44;237,44
15/08/2020 16:00;2,44;237,44
15/08/2020 17:00;2,44;237,44
15/08/2020 18:00;2,44;237,44
15/08/2020 19:00;2,44;237,44
15/08/2020 20:00;2,44;237,44
15/08/2020 21:00;2,44;237,44
15/08/2020 22:00;2,44;237,44
15/08/2020 23:00;2,44;237,44
16/08/2020 00:00;2,44;237,44
16/08/2020 01:00;2,44;237,44
16/08/2020 02:00;2,44;237,44
16/08/2020 03:00;2,43;237,43
16/08/2020 04:00;2,41;237,41
16/08/2020 05:00;2,39;237,39
16/08/2020 06:00;2,36;237,36
16/08/2020 07:00;2,33;237,33
16/08/2020 08:00;2,29;237,29
16/08/2020 09:00;2,26;237,26
16/08/2020 10:00;2,23;237,23
16/08/2020 11:00;2,21;237,21
16/08/2020 12:00;2,19;237,19
16/08/2020 13:00;2,17;237,17
16/08/2020 14:00;2,16;237,16
16/08/2020 15:00;2,16;237,16
16/08/2020 16:00;2,16;237,16
16/08/2020 17:00;2,16;237,16
16/08/2020 18:00;2,16;237,16
16/08/2020 19:00;2,15;237,15
16/08/2020 20:00;2,14;237,14
16/08/2020 21:00;2,13;237,13
16/08/2020 22:00;2,12;237,12
16/08/2020 23:00;2,11;237,11
17/08/2020 00:00;2,1;237,1
17/08/2020 01:00;2,09;237,09
17/08/2020 02:00;2,08;237,08
17/08/2020 03:00;2,07;237,07
17/08/2020 04:00;2,06;237,06
17/08/2020 05:00;2,06;237,06
17/08/2020 06:00;2,05;237,05
17/08/2020 07:00;2,05;237,05
17/08/2020 08:00;2,04;237,04
17/08/2020 09:00;2,04;237,04
17/08/2020 10:00;2,04;237,04
17/08/2020 11:00;2,04;237,04
17/08/2020 12:00;2,03;237,03
17/08/2020 13:00;2,03;237,03
17/08/2020 14:00;2,03;237,03
17/08/2020 15:00;2,03;237,03
17/08/2020 16:00;2,03;237,03
17/08/2020 17:00;2,03;237,03
17/08/2020 18:00;2,03;237,03
17/08/2020 19:00;2,03;237,03
17/08/2020 20:00;2,03;237,03
17/08/2020 21:00;2,03;237,03
17/08/2020 22:00;2,03;237,03
17/08/2020 23:00;2,03;237,03
18/08/2020 00:00;2,03;237,03
18/08/2020 01:00;2,03;237,03
18/08/2020 02:00;2,03;237,03
18/08/2020 03:00;2,04;237,04
18/08/2020 04:00;2,03;237,03
18/08/2020 05:00;2,03;237,03
18/08/2020 06:00;2,03;237,03
18/08/2020 07:00;2,02;237,02
18/08/2020 08:00;2,02;237,02
18/08/2020 09:00;2,02;237,02
18/08/2020 10:00;2,02;237,02
18/08/2020 11:00;2,02;237,02
18/08/2020 12:00;2,02;237,02
18/08/2020 13:00;2,02;237,02
18/08/2020 14:00;2,02;237,02
18/08/2020 15:00;2,02;237,02
18/08/2020 16:00;2,02;237,02
18/08/2020 17:00;2,02;237,02
18/08/2020 18:00;2,02;237,02
18/08/2020 19:00;2,03;237,03
18/08/2020 20:00;2,04;237,04
18/08/2020 21:00;2,05;237,05
18/08/2020 22:00;2,07;237,07
18/08/2020 23:00;2,09;237,09
19/08/2020 00:00;2,12;237,12
19/08/2020 01:00;2,14;237,14
19/08/2020 02:00;2,16;237,16
19/08/2020 03:00;2,18;237,18
19/08/2020 04:00;2,2;237,2
19/08/2020 05:00;2,21;237,21
19/08/2020 06:00;2,23;237,23
19/08/2020 07:00;2,23;237,23
19/08/2020 08:00;2,25;237,25
19/08/2020 09:00;2,25;237,25
19/08/2020 10:00;2,27;237,27
19/08/2020 11:00;2,28;237,28
19/08/2020 12:00;2,29;237,29
19/08/2020 13:00;2,3;237,3
19/08/2020 14:00;2,31;237,31
19/08/2020 15:00;2,32;237,32
19/08/2020 16:00;2,33;237,33
19/08/2020 17:00;2,33;237,33
19/08/2020 18:00;2,33;237,33
19/08/2020 19:00;2,34;237,34
19/08/2020 20:00;2,34;237,34
19/08/2020 21:00;2,35;237,35
19/08/2020 22:00;2,35;237,35
19/08/2020 23:00;2,36;237,36
20/08/2020 00:00;2,36;237,36
20/08/2020 01:00;2,36;237,36
20/08/2020 02:00;2,35;237,35
20/08/2020 03:00;2,34;237,34
20/08/2020 04:00;2,32;237,32
20/08/2020 05:00;2,31;237,31
20/08/2020 06:00;2,3;237,3
20/08/2020 07:00;2,3;237,3
20/08/2020 08:00;2,31;237,31
20/08/2020 09:00;2,34;237,34
20/08/2020 10:00;2,36;237,36
20/08/2020 11:00;2,38;237,38
20/08/2020 12:00;2,4;237,4
20/08/2020 13:00;2,42;237,42
20/08/2020 14:00;2,43;237,43
20/08/2020 15:00;2,44;237,44
20/08/2020 16:00;2,45;237,45
20/08/2020 17:00;2,45;237,45
20/08/2020 18:00;2,46;237,46
20/08/2020 19:00;2,47;237,47
20/08/2020 20:00;2,47;237,47
20/08/2020 21:00;2,47;237,47
20/08/2020 22:00;2,47;237,47
20/08/2020 23:00;2,47;237,47
21/08/2020 00:00;2,47;237,47
21/08/2020 01:00;2,47;237,47
21/08/2020 02:00;2,47;237,47
21/08/2020 03:00;2,46;237,46
21/08/2020 04:00;2,46;237,46
21/08/2020 05:00;2,45;237,45
21/08/2020 06:00;2,44;237,44
21/08/2020 07:00;2,43;237,43
21/08/2020 08:00;2,42;237,42
21/08/2020 09:00;2,41;237,41
21/08/2020 10:00;2,4;237,4
21/08/2020 11:00;2,39;237,39
21/08/2020 12:00;2,39;237,39
21/08/2020 13:00;2,39;237,39
21/08/2020 14:00;2,38;237,38
21/08/2020 15:00;2,38;237,38
21/08/2020 16:00;2,39;237,39
21/08/2020 17:00;2,39;237,39
21/08/2020 18:00;2,39;237,39
21/08/2020 19:00;2,39;237,39
21/08/2020 20:00;2,39;237,39
21/08/2020 21:00;2,39;237,39
21/08/2020 22:00;2,39;237,39
21/08/2020 23:00;2,38;237,38
22/08/2020 00:00;2,38;237,38
22/08/2020 01:00;2,37;237,37
22/08/2020 02:00;2,37;237,37
22/08/2020 03:00;2,37;237,37
22/08/2020 04:00;2,38;237,38
22/08/2020 05:00;2,38;237,38
22/08/2020 06:00;2,38;237,38
22/08/2020 07:00;2,39;237,39
22/08/2020 08:00;2,39;237,39
22/08/2020 09:00;2,39;237,39
22/08/2020 10:00;2,39;237,39
22/08/2020 11:00;2,39;237,39
22/08/2020 12:00;2,39;237,39
22/08/2020 13:00;2,39;237,39
22/08/2020 14:00;2,39;237,39
22/08/2020 15:01;2,38;237,38
22/08/2020 16:01;2,38;237,38
22/08/2020 17:01;2,38;237,38
22/08/2020 18:01;2,38;237,38
22/08/2020 19:01;2,38;237,38
22/08/2020 20:01;2,38;237,38
22/08/2020 21:01;2,38;237,38
22/08/2020 22:01;2,39;237,39
22/08/2020 23:01;2,39;237,39
23/08/2020 00:01;2,4;237,4
23/08/2020 01:01;2,4;237,4
23/08/2020 02:01;2,4;237,4
23/08/2020 03:01;2,4;237,4
23/08/2020 04:01;2,4;237,4
23/08/2020 05:01;2,4;237,4
23/08/2020 06:01;2,39;237,39
23/08/2020 07:01;2,39;237,39
23/08/2020 08:01;2,39;237,39
23/08/2020 09:01;2,38;237,38
23/08/2020 10:01;2,38;237,38
23/08/2020 11:01;2,37;237,37
23/08/2020 12:01;2,37;237,37
23/08/2020 13:01;2,36;237,36
23/08/2020 14:01;2,36;237,36
23/08/2020 15:01;2,36;237,36
23/08/2020 16:01;2,35;237,35
23/08/2020 17:01;2,35;237,35
23/08/2020 18:01;2,35;237,35
23/08/2020 19:01;2,35;237,35
23/08/2020 20:01;2,35;237,35
23/08/2020 21:01;2,35;237,35
23/08/2020 22:00;2,34;237,34
23/08/2020 23:00;2,34;237,34
24/08/2020 00:00;2,33;237,33
24/08/2020 01:00;2,34;237,34
24/08/2020 02:00;2,34;237,34
24/08/2020 03:00;2,34;237,34
24/08/2020 04:00;2,34;237,34
24/08/2020 05:00;2,35;237,35
24/08/2020 06:00;2,35;237,35
24/08/2020 07:00;2,35;237,35
24/08/2020 08:00;2,34;237,34
24/08/2020 09:00;2,34;237,34
24/08/2020 10:00;2,34;237,34
24/08/2020 11:00;2,34;237,34
24/08/2020 12:00;2,34;237,34
24/08/2020 13:00;2,35;237,35
24/08/2020 14:00;2,35;237,35
24/08/2020 15:00;2,35;237,35
24/08/2020 16:00;2,35;237,35
24/08/2020 17:00;2,35;237,35
24/08/2020 18:00;2,35;237,35
24/08/2020 19:00;2,35;237,35
24/08/2020 20:00;2,35;237,35
24/08/2020 21:00;2,35;237,35
24/08/2020 22:00;2,35;237,35
24/08/2020 23:00;2,34;237,34
25/08/2020 00:00;2,34;237,34
25/08/2020 01:00;2,34;237,34
25/08/2020 02:00;2,34;237,34
25/08/2020 03:00;2,34;237,34
25/08/2020 04:00;2,34;237,34
25/08/2020 05:00;2,34;237,34
25/08/2020 06:00;2,34;237,34
25/08/2020 07:00;2,34;237,34
25/08/2020 08:00;2,34;237,34
25/08/2020 09:00;2,34;237,34
25/08/2020 10:00;2,34;237,34
25/08/2020 11:00;2,34;237,34
25/08/2020 12:00;2,34;237,34
25/08/2020 13:00;2,34;237,34
25/08/2020 14:00;2,34;237,34
25/08/2020 15:00;2,33;237,33
25/08/2020 16:00;2,34;237,34
25/08/2020 17:00;2,34;237,34
25/08/2020 18:00;2,34;237,34
25/08/2020 19:00;2,34;237,34
25/08/2020 20:00;2,34;237,34
25/08/2020 21:00;2,34;237,34
25/08/2020 22:00;2,34;237,34
25/08/2020 23:00;2,34;237,34
26/08/2020 00:00;2,34;237,34
26/08/2020 01:00;2,33;237,33
26/08/2020 02:00;2,31;237,31
26/08/2020 03:00;2,28;237,28
26/08/2020 04:00;2,25;237,25
26/08/2020 05:00;2,22;237,22
26/08/2020 06:00;2,18;237,18
26/08/2020 07:00;2,15;237,15
26/08/2020 08:00;2,13;237,13
26/08/2020 09:00;2,11;237,11
26/08/2020 10:00;2,09;237,09
26/08/2020 11:00;2,08;237,08
26/08/2020 12:00;2,07;237,07
26/08/2020 13:00;2,07;237,07
26/08/2020 14:00;2,06;237,06
26/08/2020 15:00;2,06;237,06
26/08/2020 16:00;2,06;237,06
26/08/2020 17:00;2,06;237,06
26/08/2020 19:00;2,05;237,05
26/08/2020 20:00;2,04;237,04
26/08/2020 21:00;2,03;237,03
26/08/2020 22:00;2,02;237,02
26/08/2020 23:00;2;237
27/08/2020 00:00;1,98;236,98
27/08/2020 01:00;1,96;236,96
27/08/2020 02:00;1,94;236,94
27/08/2020 03:00;1,93;236,93
27/08/2020 04:00;1,92;236,92
27/08/2020 05:00;1,92;236,92
27/08/2020 06:00;1,92;236,92
27/08/2020 07:00;1,92;236,92
27/08/2020 08:00;1,92;236,92
27/08/2020 09:00;1,91;236,91
27/08/2020 10:00;1,9;236,9
27/08/2020 11:00;1,9;236,9
27/08/2020 12:00;1,89;236,89
27/08/2020 13:00;1,89;236,89
27/08/2020 14:00;1,89;236,89
27/08/2020 15:00;1,89;236,89
27/08/2020 16:00;1,89;236,89
27/08/2020 17:00;1,89;236,89
27/08/2020 18:00;1,89;236,89
27/08/2020 19:00;1,89;236,89
27/08/2020 20:00;1,89;236,89
27/08/2020 21:00;1,88;236,88
27/08/2020 22:00;1,86;236,86
27/08/2020 23:00;1,84;236,84
28/08/2020 00:00;1,83;236,83
28/08/2020 01:00;1,81;236,81
28/08/2020 02:00;1,8;236,8
28/08/2020 03:00;1,79;236,79
28/08/2020 04:00;1,78;236,78
28/08/2020 05:00;1,77;236,77
28/08/2020 06:00;1,76;236,76
28/08/2020 07:00;1,75;236,75
28/08/2020 08:00;1,74;236,74
28/08/2020 09:00;1,74;236,74
28/08/2020 10:00;1,73;236,73
28/08/2020 11:00;1,73;236,73
28/08/2020 12:00;1,72;236,72
28/08/2020 13:00;1,72;236,72
28/08/2020 14:00;1,72;236,72
28/08/2020 15:00;1,72;236,72
28/08/2020 16:00;1,72;236,72
28/08/2020 17:00;1,72;236,72
28/08/2020 18:00;1,71;236,71
28/08/2020 19:00;1,71;236,71
28/08/2020 20:00;1,71;236,71
28/08/2020 21:00;1,72;236,72
28/08/2020 22:00;1,72;236,72
28/08/2020 23:00;1,72;236,72
29/08/2020 00:00;1,71;236,71
29/08/2020 01:00;1,71;236,71
29/08/2020 02:00;1,69;236,69
29/08/2020 03:00;1,67;236,67
29/08/2020 04:00;1,65;236,65
29/08/2020 05:00;1,63;236,63
29/08/2020 06:00;1,61;236,61
29/08/2020 07:00;1,59;236,59
29/08/2020 08:00;1,58;236,58
29/08/2020 09:00;1,58;236,58
29/08/2020 10:00;1,57;236,57
29/08/2020 11:00;1,57;236,57
29/08/2020 12:00;1,57;236,57
29/08/2020 13:00;1,57;236,57
29/08/2020 14:00;1,56;236,56
29/08/2020 15:00;1,56;236,56
29/08/2020 16:00;1,57;236,57
29/08/2020 17:00;1,57;236,57
29/08/2020 18:00;1,57;236,57
29/08/2020 19:00;1,57;236,57
29/08/2020 20:00;1,57;236,57
29/08/2020 21:00;1,57;236,57
29/08/2020 22:00;1,57;236,57
29/08/2020 23:00;1,57;236,57
30/08/2020 00:00;1,57;236,57
30/08/2020 01:00;1,56;236,56
30/08/2020 02:00;1,56;236,56
30/08/2020 03:00;1,56;236,56
30/08/2020 04:00;1,55;236,55
30/08/2020 05:00;1,55;236,55
30/08/2020 06:00;1,54;236,54
30/08/2020 07:00;1,54;236,54
30/08/2020 08:00;1,55;236,55
30/08/2020 09:00;1,54;236,54
30/08/2020 10:00;1,54;236,54
30/08/2020 11:00;1,54;236,54
30/08/2020 12:00;1,54;236,54
30/08/2020 13:00;1,54;236,54
30/08/2020 14:00;1,54;236,54
30/08/2020 15:00;1,55;236,55
30/08/2020 16:00;1,55;236,55
30/08/2020 17:00;1,55;236,55
30/08/2020 18:00;1,55;236,55
30/08/2020 19:00;1,55;236,55
30/08/2020 20:00;1,55;236,55
30/08/2020 21:00;1,54;236,54
30/08/2020 22:00;1,54;236,54
30/08/2020 23:00;1,54;236,54
31/08/2020 00:00;1,54;236,54
31/08/2020 01:00;1,54;236,54
31/08/2020 02:00;1,54;236,54
31/08/2020 03:00;1,55;236,55
31/08/2020 04:00;1,55;236,55
31/08/2020 05:00;1,55;236,55
31/08/2020 06:00;1,54;236,54
31/08/2020 07:00;1,54;236,54
31/08/2020 08:00;1,54;236,54
31/08/2020 09:00;1,54;236,54
31/08/2020 10:00;1,54;236,54
31/08/2020 11:00;1,53;236,53
31/08/2020 12:00;1,53;236,53
31/08/2020 13:00;1,53;236,53
31/08/2020 14:01;1,53;236,53
31/08/2020 15:01;1,53;236,53
31/08/2020 16:01;1,53;236,53
31/08/2020 17:01;1,53;236,53
31/08/2020 18:01;1,54;236,54
31/08/2020 19:01;1,55;236,55
31/08/2020 20:01;1,56;236,56
31/08/2020 21:01;1,58;236,58
31/08/2020 22:01;1,61;236,61
31/08/2020 23:01;1,63;236,63
01/09/2020 00:01;1,65;236,65
01/09/2020 01:01;1,67;236,67
01/09/2020 02:01;1,69;236,69
01/09/2020 03:01;1,7;236,7
01/09/2020 04:01;1,71;236,71
01/09/2020 05:01;1,72;236,72
01/09/2020 06:01;1,73;236,73
01/09/2020 07:01;1,74;236,74
01/09/2020 08:01;1,75;236,75
01/09/2020 09:01;1,76;236,76
01/09/2020 10:01;1,76;236,76
01/09/2020 11:01;1,77;236,77
01/09/2020 12:01;1,77;236,77
01/09/2020 13:01;1,77;236,77
01/09/2020 14:01;1,77;236,77
01/09/2020 15:01;1,77;236,77
01/09/2020 16:01;1,77;236,77
01/09/2020 17:01;1,77;236,77
01/09/2020 18:01;1,78;236,78
01/09/2020 19:01;1,79;236,79
01/09/2020 20:01;1,8;236,8
01/09/2020 21:00;1,82;236,82
01/09/2020 22:00;1,83;236,83
01/09/2020 23:00;1,85;236,85
02/09/2020 00:00;1,86;236,86
02/09/2020 01:00;1,88;236,88
02/09/2020 02:00;1,89;236,89
02/09/2020 03:00;1,9;236,9
02/09/2020 04:00;1,91;236,91
02/09/2020 05:00;1,92;236,92
02/09/2020 06:00;1,92;236,92
02/09/2020 07:00;1,93;236,93
02/09/2020 08:00;1,93;236,93
02/09/2020 09:00;1,94;236,94
02/09/2020 10:00;1,94;236,94
02/09/2020 11:00;1,95;236,95
02/09/2020 12:00;1,95;236,95
02/09/2020 13:00;1,95;236,95
02/09/2020 14:00;1,95;236,95
02/09/2020 15:00;1,95;236,95
02/09/2020 16:00;1,95;236,95
02/09/2020 17:00;1,95;236,95
02/09/2020 18:00;1,96;236,96
02/09/2020 19:00;1,96;236,96
02/09/2020 20:00;1,97;236,97
02/09/2020 21:00;1,99;236,99
02/09/2020 22:00;2,01;237,01
02/09/2020 23:00;2,03;237,03
03/09/2020 00:00;2,05;237,05
03/09/2020 01:00;2,08;237,08
03/09/2020 02:00;2,1;237,1
03/09/2020 03:00;2,12;237,12
03/09/2020 04:00;2,13;237,13
03/09/2020 05:00;2,14;237,14
03/09/2020 06:00;2,15;237,15
03/09/2020 07:00;2,16;237,16
03/09/2020 08:00;2,16;237,16
03/09/2020 09:00;2,17;237,17
03/09/2020 10:00;2,17;237,17
03/09/2020 11:00;2,17;237,17
03/09/2020 12:00;2,17;237,17
03/09/2020 13:00;2,18;237,18
03/09/2020 14:00;2,18;237,18
03/09/2020 15:00;2,18;237,18
03/09/2020 16:00;2,17;237,17
03/09/2020 17:00;2,17;237,17
03/09/2020 18:00;2,17;237,17
03/09/2020 19:00;2,17;237,17
03/09/2020 20:00;2,17;237,17
03/09/2020 21:00;2,18;237,18
03/09/2020 22:00;2,18;237,18
03/09/2020 23:00;2,18;237,18
04/09/2020 00:00;2,18;237,18
04/09/2020 01:00;2,18;237,18
04/09/2020 02:00;2,18;237,18
04/09/2020 03:00;2,19;237,19
04/09/2020 04:00;2,19;237,19
04/09/2020 05:00;2,2;237,2
04/09/2020 06:00;2,2;237,2
04/09/2020 07:00;2,2;237,2
04/09/2020 08:00;2,2;237,2
04/09/2020 09:00;2,19;237,19
04/09/2020 10:00;2,19;237,19
04/09/2020 11:00;2,19;237,19
04/09/2020 12:00;2,18;237,18
04/09/2020 13:00;2,18;237,18
04/09/2020 14:00;2,18;237,18
04/09/2020 15:00;2,18;237,18
04/09/2020 16:00;2,18;237,18
04/09/2020 17:00;2,18;237,18
04/09/2020 18:00;2,18;237,18
04/09/2020 19:00;2,18;237,18
04/09/2020 20:00;2,18;237,18
04/09/2020 21:00;2,18;237,18
04/09/2020 22:00;2,19;237,19
04/09/2020 23:00;2,19;237,19
05/09/2020 00:00;2,19;237,19
05/09/2020 01:00;2,19;237,19
05/09/2020 02:00;2,19;237,19
05/09/2020 03:00;2,18;237,18
05/09/2020 04:00;2,18;237,18
05/09/2020 05:00;2,18;237,18
05/09/2020 06:00;2,18;237,18
05/09/2020 07:00;2,18;237,18
05/09/2020 08:00;2,18;237,18
05/09/2020 09:00;2,18;237,18
05/09/2020 10:00;2,18;237,18
05/09/2020 11:00;2,19;237,19
05/09/2020 12:00;2,19;237,19
05/09/2020 13:00;2,19;237,19
05/09/2020 14:00;2,19;237,19
05/09/2020 15:00;2,19;237,19
05/09/2020 16:00;2,19;237,19
05/09/2020 17:00;2,19;237,19
05/09/2020 18:00;2,19;237,19
05/09/2020 19:00;2,18;237,18
05/09/2020 20:00;2,17;237,17
05/09/2020 21:00;2,15;237,15
05/09/2020 22:00;2,12;237,12
05/09/2020 23:00;2,09;237,09
06/09/2020 00:00;2,06;237,06
06/09/2020 01:00;2,03;237,03
06/09/2020 02:00;2,01;237,01
06/09/2020 03:00;2;237
06/09/2020 04:00;1,98;236,98
06/09/2020 05:00;1,98;236,98
06/09/2020 06:00;1,97;236,97
06/09/2020 07:00;1,97;236,97
06/09/2020 08:00;1,97;236,97
06/09/2020 09:00;1,97;236,97
06/09/2020 10:00;1,97;236,97
06/09/2020 11:00;1,97;236,97
06/09/2020 12:00;1,96;236,96
06/09/2020 13:00;1,96;236,96
06/09/2020 14:00;1,96;236,96
06/09/2020 15:00;1,96;236,96
06/09/2020 16:00;1,96;236,96
06/09/2020 17:00;1,96;236,96
06/09/2020 18:00;1,95;236,95
06/09/2020 19:00;1,95;236,95
06/09/2020 20:00;1,93;236,93
06/09/2020 21:00;1,92;236,92
06/09/2020 22:00;1,9;236,9
06/09/2020 23:00;1,88;236,88
07/09/2020 00:00;1,86;236,86
07/09/2020 01:00;1,84;236,84
07/09/2020 02:00;1,82;236,82
07/09/2020 03:00;1,81;236,81
07/09/2020 04:00;1,8;236,8
07/09/2020 05:00;1,79;236,79
07/09/2020 06:00;1,79;236,79
07/09/2020 07:00;1,79;236,79
07/09/2020 08:00;1,78;236,78
07/09/2020 09:00;1,78;236,78
07/09/2020 10:00;1,78;236,78
07/09/2020 11:00;1,77;236,77
07/09/2020 12:00;1,77;236,77
07/09/2020 13:00;1,77;236,77
07/09/2020 14:00;1,78;236,78
07/09/2020 15:00;1,78;236,78
07/09/2020 16:00;1,77;236,77
07/09/2020 17:00;1,77;236,77
07/09/2020 18:00;1,76;236,76
07/09/2020 19:00;1,75;236,75
07/09/2020 20:00;1,74;236,74
07/09/2020 21:00;1,73;236,73
07/09/2020 22:00;1,71;236,71
07/09/2020 23:00;1,7;236,7
08/09/2020 00:00;1,68;236,68
08/09/2020 01:00;1,67;236,67
08/09/2020 02:00;1,66;236,66
08/09/2020 03:00;1,65;236,65
08/09/2020 04:00;1,64;236,64
08/09/2020 05:00;1,64;236,64
08/09/2020 06:00;1,63;236,63
08/09/2020 07:00;1,61;236,61
08/09/2020 08:00;1,6;236,6
08/09/2020 09:00;1,6;236,6
08/09/2020 10:00;1,59;236,59
08/09/2020 11:00;1,58;236,58
08/09/2020 12:00;1,58;236,58
08/09/2020 13:00;1,57;236,57
08/09/2020 14:00;1,56;236,56
08/09/2020 15:00;1,56;236,56
08/09/2020 16:00;1,56;236,56
08/09/2020 17:00;1,56;236,56
08/09/2020 18:00;1,56;236,56
08/09/2020 19:00;1,55;236,55
08/09/2020 20:00;1,54;236,54
08/09/2020 21:00;1,53;236,53
08/09/2020 22:00;1,51;236,51
08/09/2020 23:00;1,5;236,5
09/09/2020 00:00;1,49;236,49
09/09/2020 01:00;1,49;236,49
09/09/2020 02:00;1,48;236,48
09/09/2020 03:00;1,48;236,48
09/09/2020 04:00;1,47;236,47
09/09/2020 05:00;1,47;236,47
09/09/2020 06:00;1,47;236,47
09/09/2020 07:00;1,46;236,46
09/09/2020 08:00;1,46;236,46
09/09/2020 09:00;1,47;236,47
09/09/2020 10:00;1,46;236,46
09/09/2020 11:00;1,46;236,46
09/09/2020 12:00;1,46;236,46
09/09/2020 13:01;1,47;236,47
09/09/2020 14:01;1,47;236,47
09/09/2020 15:01;1,47;236,47
09/09/2020 16:01;1,47;236,47
09/09/2020 17:01;1,46;236,46
09/09/2020 18:01;1,44;236,44
09/09/2020 19:01;1,42;236,42
09/09/2020 20:01;1,4;236,4
09/09/2020 21:01;1,38;236,38
09/09/2020 22:01;1,35;236,35
09/09/2020 23:01;1,34;236,34
10/09/2020 00:01;1,33;236,33
10/09/2020 01:01;1,32;236,32
10/09/2020 02:01;1,32;236,32
10/09/2020 03:01;1,32;236,32
10/09/2020 04:01;1,32;236,32
10/09/2020 05:01;1,32;236,32
10/09/2020 06:01;1,32;236,32
10/09/2020 07:01;1,32;236,32
10/09/2020 08:01;1,34;236,34
10/09/2020 09:01;1,34;236,34
10/09/2020 10:01;1,35;236,35
10/09/2020 11:01;1,35;236,35
10/09/2020 12:01;1,35;236,35
10/09/2020 13:01;1,35;236,35
10/09/2020 14:01;1,35;236,35
10/09/2020 15:01;1,35;236,35
10/09/2020 16:01;1,36;236,36
10/09/2020 17:01;1,36;236,36
10/09/2020 18:01;1,37;236,37
10/09/2020 19:00;1,35;236,35
10/09/2020 20:00;1,34;236,34
10/09/2020 21:00;1,32;236,32
10/09/2020 22:00;1,3;236,3
10/09/2020 23:00;1,3;236,3
11/09/2020 00:00;1,29;236,29
11/09/2020 01:00;1,28;236,28
11/09/2020 02:00;1,28;236,28
11/09/2020 03:00;1,27;236,27
11/09/2020 04:00;1,27;236,27
11/09/2020 05:00;1,27;236,27
11/09/2020 06:00;1,26;236,26
11/09/2020 07:00;1,26;236,26
11/09/2020 08:00;1,26;236,26
11/09/2020 09:00;1,26;236,26
11/09/2020 10:00;1,26;236,26
11/09/2020 11:00;1,26;236,26
11/09/2020 12:00;1,26;236,26
11/09/2020 13:00;1,26;236,26
11/09/2020 14:00;1,26;236,26
11/09/2020 15:00;1,26;236,26
11/09/2020 16:00;1,27;236,27
11/09/2020 17:00;1,27;236,27
11/09/2020 18:00;1,27;236,27
11/09/2020 19:00;1,27;236,27
11/09/2020 20:00;1,26;236,26
11/09/2020 21:00;1,26;236,26
11/09/2020 22:00;1,26;236,26
11/09/2020 23:00;1,25;236,25
12/09/2020 00:00;1,26;236,26
12/09/2020 01:00;1,26;236,26
12/09/2020 02:00;1,27;236,27
12/09/2020 03:00;1,26;236,26
12/09/2020 04:00;1,27;236,27
12/09/2020 05:00;1,26;236,26
12/09/2020 06:00;1,26;236,26
12/09/2020 07:00;1,26;236,26
12/09/2020 08:00;1,26;236,26
12/09/2020 09:00;1,26;236,26
12/09/2020 10:00;1,27;236,27
12/09/2020 11:00;1,27;236,27
12/09/2020 12:00;1,27;236,27
12/09/2020 13:00;1,27;236,27
12/09/2020 14:00;1,27;236,27
12/09/2020 15:00;1,27;236,27
12/09/2020 16:00;1,27;236,27
12/09/2020 17:00;1,27;236,27
12/09/2020 18:00;1,26;236,26
12/09/2020 19:00;1,26;236,26
12/09/2020 20:00;1,26;236,26
12/09/2020 21:00;1,26;236,26
12/09/2020 22:00;1,26;236,26
12/09/2020 23:00;1,26;236,26
13/09/2020 00:00;1,25;236,25
13/09/2020 01:00;1,25;236,25
13/09/2020 02:00;1,25;236,25
13/09/2020 03:00;1,26;236,26
13/09/2020 04:00;1,25;236,25
13/09/2020 05:00;1,25;236,25
13/09/2020 06:00;1,25;236,25
13/09/2020 07:00;1,25;236,25
13/09/2020 08:00;1,25;236,25
13/09/2020 09:00;1,25;236,25
13/09/2020 10:00;1,25;236,25
13/09/2020 11:00;1,25;236,25
13/09/2020 12:00;1,25;236,25
13/09/2020 13:00;1,25;236,25
13/09/2020 14:00;1,25;236,25
13/09/2020 15:00;1,25;236,25
13/09/2020 16:00;1,25;236,25
13/09/2020 17:00;1,26;236,26
13/09/2020 18:00;1,26;236,26
13/09/2020 19:00;1,26;236,26
13/09/2020 20:00;1,26;236,26
13/09/2020 21:00;1,26;236,26
13/09/2020 22:00;1,26;236,26
13/09/2020 23:00;1,26;236,26
14/09/2020 00:00;1,26;236,26
14/09/2020 01:00;1,25;236,25
14/09/2020 02:00;1,25;236,25
14/09/2020 03:00;1,25;236,25
14/09/2020 04:00;1,25;236,25
14/09/2020 05:00;1,24;236,24
14/09/2020 06:00;1,24;236,24
14/09/2020 07:00;1,24;236,24
14/09/2020 08:00;1,24;236,24
14/09/2020 09:00;1,24;236,24
14/09/2020 10:00;1,24;236,24
14/09/2020 11:00;1,24;236,24
14/09/2020 12:00;1,24;236,24
14/09/2020 13:00;1,24;236,24
14/09/2020 14:00;1,24;236,24
14/09/2020 15:00;1,24;236,24
14/09/2020 16:00;1,24;236,24
14/09/2020 17:00;1,24;236,24
14/09/2020 18:00;1,24;236,24
14/09/2020 19:00;1,24;236,24
14/09/2020 20:00;1,24;236,24
14/09/2020 21:00;1,24;236,24
14/09/2020 22:00;1,24;236,24
14/09/2020 23:00;1,24;236,24
15/09/2020 00:00;1,24;236,24
15/09/2020 01:00;1,23;236,23
15/09/2020 02:00;1,24;236,24
15/09/2020 03:00;1,23;236,23
15/09/2020 04:00;1,23;236,23
15/09/2020 05:00;1,23;236,23
15/09/2020 06:00;1,23;236,23
15/09/2020 07:00;1,22;236,22
15/09/2020 08:00;1,22;236,22
15/09/2020 09:00;1,22;236,22
15/09/2020 10:00;1,22;236,22
15/09/2020 11:00;1,22;236,22
15/09/2020 12:00;1,23;236,23
15/09/2020 13:00;1,22;236,22
15/09/2020 14:00;1,22;236,22
15/09/2020 15:00;1,22;236,22
15/09/2020 16:00;1,22;236,22
15/09/2020 17:00;1,22;236,22
15/09/2020 18:00;1,22;236,22
15/09/2020 19:00;1,23;236,23
15/09/2020 20:00;1,23;236,23
15/09/2020 21:00;1,23;236,23
15/09/2020 22:00;1,23;236,23
15/09/2020 23:00;1,23;236,23
16/09/2020 00:00;1,23;236,23
16/09/2020 01:00;1,23;236,23
16/09/2020 02:00;1,23;236,23
16/09/2020 03:00;1,23;236,23
16/09/2020 04:00;1,23;236,23
16/09/2020 05:00;1,24;236,24
16/09/2020 06:00;1,24;236,24
16/09/2020 07:00;1,23;236,23
16/09/2020 08:00;1,25;236,25
16/09/2020 09:00;1,24;236,24
16/09/2020 10:00;1,24;236,24
16/09/2020 11:00;1,25;236,25
16/09/2020 12:00;1,24;236,24
16/09/2020 13:00;1,23;236,23
16/09/2020 14:00;1,23;236,23
16/09/2020 15:00;1,23;236,23
16/09/2020 16:00;1,23;236,23
16/09/2020 17:00;1,23;236,23
16/09/2020 18:00;1,23;236,23
16/09/2020 19:00;1,23;236,23
16/09/2020 20:00;1,23;236,23
16/09/2020 21:00;1,23;236,23
16/09/2020 22:00;1,23;236,23
16/09/2020 23:00;1,23;236,23
17/09/2020 00:00;1,23;236,23
17/09/2020 01:00;1,23;236,23
17/09/2020 02:00;1,23;236,23
17/09/2020 03:00;1,23;236,23
17/09/2020 04:00;1,23;236,23
17/09/2020 05:00;1,23;236,23
17/09/2020 06:00;1,23;236,23
17/09/2020 07:00;1,23;236,23
17/09/2020 08:00;1,23;236,23
17/09/2020 09:00;1,23;236,23
17/09/2020 10:00;1,23;236,23
17/09/2020 11:00;1,23;236,23
17/09/2020 12:00;1,23;236,23
17/09/2020 13:00;1,22;236,22
17/09/2020 14:00;1,23;236,23
17/09/2020 15:00;1,23;236,23
17/09/2020 16:00;1,23;236,23
17/09/2020 17:00;1,23;236,23
17/09/2020 18:00;1,22;236,22
17/09/2020 19:00;1,23;236,23
17/09/2020 20:00;1,22;236,22
17/09/2020 21:00;1,22;236,22
17/09/2020 22:00;1,23;236,23
17/09/2020 23:00;1,23;236,23
18/09/2020 00:00;1,22;236,22
18/09/2020 01:00;1,22;236,22
18/09/2020 02:00;1,22;236,22
18/09/2020 03:00;1,22;236,22
18/09/2020 04:00;1,21;236,21
18/09/2020 05:00;1,21;236,21
18/09/2020 06:00;1,22;236,22
18/09/2020 07:00;1,22;236,22
18/09/2020 08:00;1,22;236,22
18/09/2020 09:00;1,22;236,22
18/09/2020 10:00;1,22;236,22
18/09/2020 11:00;1,21;236,21
18/09/2020 12:00;1,21;236,21
18/09/2020 13:01;1,21;236,21
18/09/2020 14:01;1,21;236,21
18/09/2020 15:01;1,21;236,21
18/09/2020 16:01;1,21;236,21
18/09/2020 17:01;1,2;236,2
18/09/2020 18:01;1,2;236,2
18/09/2020 19:01;1,2;236,2
18/09/2020 20:01;1,2;236,2
18/09/2020 21:01;1,2;236,2
18/09/2020 22:01;1,2;236,2
18/09/2020 23:01;1,2;236,2
19/09/2020 00:01;1,2;236,2
19/09/2020 01:01;1,2;236,2
19/09/2020 02:01;1,2;236,2
19/09/2020 03:01;1,19;236,19
19/09/2020 04:01;1,19;236,19
19/09/2020 05:01;1,18;236,18
19/09/2020 06:01;1,18;236,18
19/09/2020 07:01;1,19;236,19
19/09/2020 08:01;1,2;236,2
19/09/2020 09:01;1,2;236,2
19/09/2020 10:01;1,2;236,2
19/09/2020 11:01;1,2;236,2
19/09/2020 12:01;1,2;236,2
19/09/2020 13:01;1,2;236,2
19/09/2020 14:01;1,2;236,2
19/09/2020 15:01;1,2;236,2
19/09/2020 16:01;1,2;236,2
19/09/2020 17:01;1,2;236,2
19/09/2020 18:01;1,2;236,2
19/09/2020 19:00;1,2;236,2
19/09/2020 20:00;1,2;236,2
19/09/2020 21:00;1,2;236,2
19/09/2020 22:00;1,2;236,2
20/09/2020 11:00;1,2;236,2
20/09/2020 12:00;1,2;236,2
20/09/2020 13:00;1,2;236,2
20/09/2020 14:00;1,2;236,2
20/09/2020 15:00;1,2;236,2
20/09/2020 16:00;1,2;236,2
20/09/2020 17:00;1,21;236,21
20/09/2020 18:00;1,21;236,21
20/09/2020 20:00;1,21;236,21
21/09/2020 01:00;1,21;236,21
21/09/2020 02:00;1,21;236,21
21/09/2020 03:00;1,21;236,21
21/09/2020 04:00;1,21;236,21
21/09/2020 05:00;1,22;236,22
21/09/2020 06:00;1,22;236,22
21/09/2020 07:00;1,22;236,22
21/09/2020 08:00;1,22;236,22
21/09/2020 09:00;1,22;236,22
21/09/2020 10:00;1,22;236,22
21/09/2020 11:00;1,22;236,22
21/09/2020 12:00;1,22;236,22
21/09/2020 13:00;1,21;236,21
21/09/2020 14:00;1,21;236,21
21/09/2020 15:00;1,21;236,21
21/09/2020 16:00;1,2;236,2
21/09/2020 17:00;1,2;236,2
21/09/2020 18:00;1,21;236,21
21/09/2020 19:00;1,21;236,21
21/09/2020 20:00;1,22;236,22
21/09/2020 21:00;1,22;236,22
21/09/2020 22:00;1,23;236,23
21/09/2020 23:00;1,23;236,23
22/09/2020 00:00;1,23;236,23
22/09/2020 01:00;1,23;236,23
22/09/2020 02:00;1,23;236,23
22/09/2020 03:00;1,22;236,22
22/09/2020 04:00;1,22;236,22
22/09/2020 05:00;1,22;236,22
22/09/2020 06:00;1,23;236,23
22/09/2020 07:00;1,22;236,22
22/09/2020 08:00;1,22;236,22
22/09/2020 09:00;1,21;236,21
22/09/2020 10:00;1,21;236,21
22/09/2020 11:00;1,21;236,21
22/09/2020 12:00;1,21;236,21
22/09/2020 13:00;1,21;236,21
22/09/2020 14:00;1,2;236,2
22/09/2020 15:00;1,2;236,2
22/09/2020 16:00;1,2;236,2
22/09/2020 17:00;1,2;236,2
22/09/2020 18:00;1,2;236,2
22/09/2020 19:00;1,2;236,2
22/09/2020 20:00;1,21;236,21
22/09/2020 21:00;1,21;236,21
22/09/2020 22:00;1,22;236,22
22/09/2020 23:00;1,22;236,22
23/09/2020 00:00;1,22;236,22
23/09/2020 01:00;1,21;236,21
23/09/2020 02:00;1,21;236,21
23/09/2020 03:00;1,21;236,21
23/09/2020 04:00;1,21;236,21
23/09/2020 05:00;1,21;236,21
23/09/2020 06:00;1,21;236,21
23/09/2020 07:00;1,21;236,21
23/09/2020 08:00;1,2;236,2
23/09/2020 09:00;1,2;236,2
23/09/2020 10:00;1,19;236,19
23/09/2020 11:00;1,19;236,19
23/09/2020 12:00;1,2;236,2
23/09/2020 13:00;1,2;236,2
23/09/2020 14:00;1,21;236,21
23/09/2020 15:00;1,21;236,21
23/09/2020 16:00;1,21;236,21
23/09/2020 17:00;1,21;236,21
23/09/2020 18:00;1,21;236,21
23/09/2020 19:00;1,21;236,21
23/09/2020 20:00;1,21;236,21
23/09/2020 21:00;1,22;236,22
23/09/2020 22:00;1,22;236,22
23/09/2020 23:00;1,22;236,22
24/09/2020 00:00;1,22;236,22
24/09/2020 01:00;1,23;236,23
24/09/2020 02:00;1,22;236,22
24/09/2020 03:00;1,22;236,22
24/09/2020 04:00;1,22;236,22
24/09/2020 05:00;1,21;236,21
24/09/2020 06:00;1,21;236,21
24/09/2020 07:00;1,21;236,21
24/09/2020 08:00;1,21;236,21
24/09/2020 09:00;1,2;236,2
24/09/2020 10:00;1,21;236,21
24/09/2020 11:00;1,2;236,2
24/09/2020 12:00;1,21;236,21
24/09/2020 13:00;1,2;236,2
24/09/2020 14:00;1,2;236,2
24/09/2020 15:00;1,21;236,21
24/09/2020 16:00;1,21;236,21
24/09/2020 17:00;1,21;236,21
24/09/2020 18:00;1,21;236,21
24/09/2020 19:00;1,21;236,21
24/09/2020 20:00;1,22;236,22
24/09/2020 21:00;1,22;236,22
24/09/2020 22:00;1,22;236,22
24/09/2020 23:00;1,22;236,22
25/09/2020 00:00;1,22;236,22
25/09/2020 01:00;1,22;236,22
25/09/2020 02:00;1,22;236,22
25/09/2020 03:00;1,21;236,21
25/09/2020 04:00;1,21;236,21
25/09/2020 05:00;1,21;236,21
25/09/2020 06:00;1,2;236,2
25/09/2020 07:00;1,2;236,2
25/09/2020 08:00;1,2;236,2
25/09/2020 09:00;1,2;236,2
25/09/2020 10:00;1,2;236,2
25/09/2020 11:00;1,21;236,21
25/09/2020 12:00;1,2;236,2
25/09/2020 13:00;1,21;236,21
25/09/2020 14:00;1,2;236,2
25/09/2020 15:00;1,21;236,21
25/09/2020 16:00;1,21;236,21
25/09/2020 17:00;1,21;236,21
25/09/2020 18:00;1,21;236,21
25/09/2020 19:00;1,21;236,21
25/09/2020 20:00;1,21;236,21
25/09/2020 21:00;1,2;236,2
25/09/2020 22:00;1,21;236,21
25/09/2020 23:00;1,21;236,21
26/09/2020 00:00;1,2;236,2
26/09/2020 01:00;1,2;236,2
26/09/2020 02:00;1,2;236,2
26/09/2020 03:00;1,2;236,2
26/09/2020 04:00;1,2;236,2
26/09/2020 05:00;1,2;236,2
26/09/2020 06:00;1,2;236,2
26/09/2020 07:00;1,21;236,21
26/09/2020 08:00;1,21;236,21
26/09/2020 09:00;1,21;236,21
26/09/2020 10:00;1,21;236,21
26/09/2020 11:00;1,21;236,21
26/09/2020 12:00;1,21;236,21
26/09/2020 13:00;1,21;236,21
26/09/2020 14:00;1,21;236,21
26/09/2020 15:00;1,21;236,21
26/09/2020 16:00;1,21;236,21
26/09/2020 17:00;1,21;236,21
26/09/2020 18:00;1,2;236,2
26/09/2020 19:00;1,2;236,2
26/09/2020 20:00;1,21;236,21
26/09/2020 21:00;1,21;236,21
26/09/2020 22:00;1,21;236,21
26/09/2020 23:00;1,21;236,21
27/09/2020 00:00;1,21;236,21
27/09/2020 01:00;1,2;236,2
27/09/2020 02:00;1,2;236,2
27/09/2020 03:00;1,19;236,19
27/09/2020 04:00;1,2;236,2
27/09/2020 05:00;1,2;236,2
27/09/2020 06:00;1,2;236,2
27/09/2020 07:00;1,21;236,21
27/09/2020 08:00;1,22;236,22
27/09/2020 09:00;1,22;236,22
27/09/2020 10:00;1,22;236,22
27/09/2020 11:00;1,22;236,22
27/09/2020 12:00;1,22;236,22
27/09/2020 13:00;1,22;236,22
27/09/2020 14:00;1,21;236,21
27/09/2020 15:00;1,21;236,21
27/09/2020 16:00;1,22;236,22
27/09/2020 17:01;1,22;236,22
27/09/2020 18:01;1,22;236,22
27/09/2020 19:01;1,23;236,23
27/09/2020 20:01;1,23;236,23
27/09/2020 21:01;1,24;236,24
27/09/2020 22:01;1,24;236,24
27/09/2020 23:01;1,24;236,24
28/09/2020 00:01;1,24;236,24
28/09/2020 01:01;1,24;236,24
28/09/2020 02:01;1,23;236,23
28/09/2020 03:01;1,23;236,23
28/09/2020 04:01;1,22;236,22
28/09/2020 05:01;1,22;236,22
28/09/2020 06:01;1,21;236,21
28/09/2020 07:01;1,21;236,21
28/09/2020 08:01;1,21;236,21
28/09/2020 09:01;1,2;236,2
28/09/2020 10:01;1,2;236,2
28/09/2020 11:01;1,2;236,2
28/09/2020 12:01;1,19;236,19
28/09/2020 13:01;1,19;236,19
28/09/2020 14:01;1,19;236,19
28/09/2020 15:01;1,19;236,19
28/09/2020 16:01;1,19;236,19
28/09/2020 17:01;1,2;236,2
28/09/2020 18:01;1,2;236,2
28/09/2020 19:01;1,2;236,2
28/09/2020 20:01;1,2;236,2
28/09/2020 21:01;1,2;236,2
28/09/2020 22:01;1,2;236,2
28/09/2020 23:01;1,2;236,2
29/09/2020 00:00;1,2;236,2
29/09/2020 01:00;1,2;236,2
29/09/2020 02:00;1,19;236,19
29/09/2020 03:00;1,19;236,19
29/09/2020 04:00;1,19;236,19
29/09/2020 05:00;1,19;236,19
29/09/2020 06:00;1,2;236,2
29/09/2020 07:00;1,2;236,2
29/09/2020 08:00;1,2;236,2
29/09/2020 09:00;1,2;236,2
29/09/2020 10:00;1,2;236,2
29/09/2020 11:00;1,2;236,2
29/09/2020 12:00;1,2;236,2
29/09/2020 13:00;1,19;236,19
29/09/2020 14:00;1,19;236,19
29/09/2020 15:00;1,2;236,2
29/09/2020 16:00;1,2;236,2
29/09/2020 17:00;1,2;236,2
29/09/2020 18:00;1,2;236,2
29/09/2020 19:00;1,21;236,21
29/09/2020 20:00;1,2;236,2
29/09/2020 21:00;1,2;236,2
29/09/2020 22:00;1,19;236,19
29/09/2020 23:00;1,19;236,19
30/09/2020 00:00;1,19;236,19
30/09/2020 01:00;1,19;236,19
30/09/2020 02:00;1,19;236,19
30/09/2020 03:00;1,19;236,19
30/09/2020 04:00;1,19;236,19
30/09/2020 05:00;1,19;236,19
30/09/2020 06:00;1,2;236,2
30/09/2020 07:00;1,2;236,2
30/09/2020 08:00;1,2;236,2
30/09/2020 09:00;1,2;236,2
30/09/2020 10:00;1,2;236,2
30/09/2020 11:00;1,19;236,19
30/09/2020 12:00;1,19;236,19
30/09/2020 13:00;1,19;236,19
30/09/2020 14:00;1,19;236,19
30/09/2020 15:00;1,18;236,18
30/09/2020 16:00;1,18;236,18
30/09/2020 17:00;1,19;236,19
30/09/2020 18:00;1,19;236,19
30/09/2020 19:00;1,2;236,2
30/09/2020 20:00;1,2;236,2
30/09/2020 21:00;1,2;236,2
30/09/2020 22:00;1,2;236,2
30/09/2020 23:00;1,2;236,2
01/10/2020 00:00;1,2;236,2
01/10/2020 01:00;1,2;236,2
01/10/2020 02:00;1,19;236,19
01/10/2020 03:00;1,19;236,19
01/10/2020 04:00;1,18;236,18
01/10/2020 05:00;1,18;236,18
01/10/2020 06:00;1,18;236,18
01/10/2020 07:00;1,18;236,18
01/10/2020 08:00;1,18;236,18
01/10/2020 09:00;1,18;236,18
01/10/2020 10:00;1,18;236,18
01/10/2020 11:00;1,18;236,18
01/10/2020 12:00;1,18;236,18
01/10/2020 13:00;1,18;236,18
01/10/2020 14:00;1,18;236,18
01/10/2020 15:00;1,18;236,18
01/10/2020 16:00;1,18;236,18
01/10/2020 17:00;1,19;236,19
01/10/2020 18:00;1,19;236,19
01/10/2020 19:00;1,19;236,19
01/10/2020 20:00;1,19;236,19
01/10/2020 21:00;1,2;236,2
01/10/2020 22:00;1,2;236,2
01/10/2020 23:00;1,2;236,2
02/10/2020 00:00;1,19;236,19
02/10/2020 01:00;1,2;236,2
02/10/2020 02:00;1,19;236,19
02/10/2020 03:00;1,19;236,19
02/10/2020 04:00;1,19;236,19
02/10/2020 05:00;1,19;236,19
02/10/2020 06:00;1,19;236,19
02/10/2020 07:00;1,19;236,19
02/10/2020 08:00;1,19;236,19
02/10/2020 09:00;1,19;236,19
02/10/2020 10:00;1,2;236,2
02/10/2020 11:00;1,19;236,19
02/10/2020 12:00;1,2;236,2
02/10/2020 13:00;1,2;236,2
02/10/2020 14:00;1,2;236,2
02/10/2020 15:00;1,21;236,21
02/10/2020 16:00;1,21;236,21
02/10/2020 17:00;1,21;236,21
02/10/2020 18:00;1,22;236,22
02/10/2020 19:00;1,22;236,22
02/10/2020 20:00;1,22;236,22
02/10/2020 21:00;1,21;236,21
02/10/2020 22:00;1,21;236,21
02/10/2020 23:00;1,21;236,21
03/10/2020 00:00;1,21;236,21
03/10/2020 01:00;1,22;236,22
03/10/2020 02:00;1,22;236,22
03/10/2020 03:00;1,21;236,21
03/10/2020 04:00;1,22;236,22
03/10/2020 05:00;1,22;236,22
03/10/2020 06:00;1,22;236,22
03/10/2020 07:00;1,22;236,22
03/10/2020 08:00;1,22;236,22
03/10/2020 09:00;1,22;236,22
03/10/2020 10:00;1,22;236,22
03/10/2020 11:00;1,22;236,22
03/10/2020 12:00;1,22;236,22
03/10/2020 13:00;1,22;236,22
03/10/2020 14:00;1,22;236,22
03/10/2020 15:00;1,22;236,22
03/10/2020 16:00;1,22;236,22
03/10/2020 17:00;1,22;236,22
03/10/2020 18:00;1,22;236,22
03/10/2020 19:00;1,23;236,23
03/10/2020 20:00;1,23;236,23
03/10/2020 21:00;1,23;236,23
03/10/2020 22:00;1,23;236,23
03/10/2020 23:00;1,23;236,23
04/10/2020 00:00;1,23;236,23
04/10/2020 01:00;1,23;236,23
04/10/2020 02:00;1,24;236,24
04/10/2020 03:00;1,24;236,24
04/10/2020 04:00;1,24;236,24
04/10/2020 05:00;1,25;236,25
04/10/2020 06:00;1,25;236,25
04/10/2020 07:00;1,25;236,25
04/10/2020 08:00;1,25;236,25
04/10/2020 09:00;1,25;236,25
04/10/2020 10:00;1,25;236,25
04/10/2020 11:00;1,25;236,25
04/10/2020 12:00;1,25;236,25
04/10/2020 13:00;1,25;236,25
04/10/2020 14:00;1,26;236,26
04/10/2020 15:00;1,27;236,27
04/10/2020 16:00;1,27;236,27
04/10/2020 17:00;1,28;236,28
04/10/2020 18:00;1,28;236,28
04/10/2020 19:00;1,29;236,29
04/10/2020 20:00;1,29;236,29
04/10/2020 21:00;1,3;236,3
04/10/2020 22:00;1,3;236,3
04/10/2020 23:00;1,3;236,3
05/10/2020 00:00;1,29;236,29
05/10/2020 01:00;1,29;236,29
05/10/2020 02:00;1,28;236,28
05/10/2020 03:00;1,28;236,28
05/10/2020 04:00;1,28;236,28
05/10/2020 05:00;1,28;236,28
05/10/2020 06:00;1,28;236,28
05/10/2020 07:00;1,28;236,28
05/10/2020 08:00;1,27;236,27
05/10/2020 09:00;1,27;236,27
05/10/2020 10:00;1,26;236,26
05/10/2020 11:00;1,26;236,26
05/10/2020 12:00;1,25;236,25
05/10/2020 13:00;1,25;236,25
05/10/2020 14:00;1,25;236,25
05/10/2020 15:00;1,25;236,25
05/10/2020 16:00;1,25;236,25
05/10/2020 17:00;1,25;236,25
05/10/2020 18:00;1,26;236,26
05/10/2020 19:00;1,26;236,26
05/10/2020 20:00;1,26;236,26
05/10/2020 21:00;1,26;236,26
05/10/2020 22:00;1,26;236,26
05/10/2020 23:00;1,26;236,26
06/10/2020 00:00;1,27;236,27
06/10/2020 01:00;1,27;236,27
06/10/2020 02:00;1,27;236,27
06/10/2020 03:00;1,27;236,27
06/10/2020 04:00;1,27;236,27
06/10/2020 05:00;1,26;236,26
06/10/2020 06:00;1,27;236,27
06/10/2020 07:00;1,27;236,27
06/10/2020 08:00;1,28;236,28
06/10/2020 09:00;1,28;236,28
06/10/2020 10:00;1,28;236,28
06/10/2020 11:00;1,27;236,27
06/10/2020 12:00;1,28;236,28
06/10/2020 13:00;1,27;236,27
06/10/2020 14:00;1,27;236,27
06/10/2020 15:00;1,28;236,28
06/10/2020 16:00;1,28;236,28
06/10/2020 17:01;1,28;236,28
06/10/2020 18:01;1,28;236,28
06/10/2020 19:01;1,28;236,28
06/10/2020 20:01;1,28;236,28
06/10/2020 21:01;1,28;236,28
06/10/2020 22:01;1,28;236,28
06/10/2020 23:01;1,27;236,27
07/10/2020 00:01;1,27;236,27
07/10/2020 01:01;1,27;236,27
07/10/2020 02:01;1,27;236,27
07/10/2020 03:01;1,27;236,27
07/10/2020 04:01;1,26;236,26
07/10/2020 05:01;1,26;236,26
07/10/2020 06:01;1,26;236,26
07/10/2020 07:01;1,26;236,26
07/10/2020 08:01;1,26;236,26
07/10/2020 09:01;1,26;236,26
07/10/2020 10:01;1,26;236,26
07/10/2020 11:01;1,26;236,26
07/10/2020 12:01;1,26;236,26
07/10/2020 13:01;1,26;236,26
07/10/2020 14:01;1,26;236,26
07/10/2020 15:01;1,26;236,26
07/10/2020 16:01;1,25;236,25
07/10/2020 17:01;1,25;236,25
07/10/2020 18:01;1,26;236,26
07/10/2020 19:01;1,26;236,26
07/10/2020 20:01;1,26;236,26
07/10/2020 21:01;1,27;236,27
07/10/2020 22:01;1,27;236,27
07/10/2020 23:00;1,27;236,27
08/10/2020 00:00;1,27;236,27
08/10/2020 01:00;1,27;236,27
08/10/2020 02:00;1,27;236,27
08/10/2020 03:00;1,26;236,26
08/10/2020 04:00;1,26;236,26
08/10/2020 05:00;1,26;236,26
08/10/2020 06:00;1,26;236,26
08/10/2020 07:00;1,26;236,26
08/10/2020 08:00;1,26;236,26
08/10/2020 09:00;1,26;236,26
08/10/2020 10:00;1,26;236,26
08/10/2020 11:00;1,26;236,26
08/10/2020 12:00;1,27;236,27
08/10/2020 13:00;1,26;236,26
08/10/2020 14:00;1,26;236,26
08/10/2020 15:00;1,26;236,26
08/10/2020 16:00;1,26;236,26
08/10/2020 17:00;1,27;236,27
08/10/2020 18:00;1,27;236,27
08/10/2020 19:00;1,27;236,27
08/10/2020 20:00;1,28;236,28
08/10/2020 21:00;1,28;236,28
08/10/2020 22:00;1,28;236,28
08/10/2020 23:00;1,28;236,28
09/10/2020 00:00;1,27;236,27
09/10/2020 01:00;1,27;236,27
09/10/2020 02:00;1,26;236,26
09/10/2020 03:00;1,26;236,26
09/10/2020 04:00;1,25;236,25
09/10/2020 05:00;1,25;236,25
09/10/2020 06:00;1,25;236,25
09/10/2020 07:00;1,26;236,26
09/10/2020 08:00;1,25;236,25
09/10/2020 09:00;1,25;236,25
09/10/2020 10:00;1,25;236,25
09/10/2020 11:00;1,25;236,25
09/10/2020 12:00;1,25;236,25
09/10/2020 13:00;1,26;236,26
09/10/2020 14:00;1,26;236,26
09/10/2020 15:00;1,26;236,26
09/10/2020 16:00;1,26;236,26
09/10/2020 17:00;1,26;236,26
09/10/2020 18:00;1,26;236,26
09/10/2020 19:00;1,26;236,26
09/10/2020 20:00;1,27;236,27
09/10/2020 21:00;1,27;236,27
09/10/2020 22:00;1,27;236,27
09/10/2020 23:00;1,27;236,27
10/10/2020 00:00;1,27;236,27
10/10/2020 01:00;1,27;236,27
10/10/2020 02:00;1,27;236,27
10/10/2020 03:00;1,27;236,27
10/10/2020 04:00;1,27;236,27
10/10/2020 05:00;1,27;236,27
10/10/2020 06:00;1,26;236,26
10/10/2020 07:00;1,26;236,26
10/10/2020 08:00;1,26;236,26
10/10/2020 09:00;1,26;236,26
10/10/2020 10:00;1,26;236,26
10/10/2020 11:00;1,26;236,26
10/10/2020 12:00;1,26;236,26
10/10/2020 13:00;1,26;236,26
10/10/2020 14:00;1,26;236,26
10/10/2020 15:00;1,25;236,25
10/10/2020 16:00;1,25;236,25
10/10/2020 17:00;1,25;236,25
10/10/2020 18:00;1,25;236,25
10/10/2020 19:00;1,26;236,26
10/10/2020 20:00;1,26;236,26
10/10/2020 21:00;1,26;236,26
10/10/2020 22:00;1,26;236,26
10/10/2020 23:00;1,26;236,26
11/10/2020 00:00;1,26;236,26
11/10/2020 01:00;1,25;236,25
11/10/2020 02:00;1,25;236,25
11/10/2020 03:00;1,24;236,24
11/10/2020 04:00;1,24;236,24
11/10/2020 05:00;1,24;236,24
11/10/2020 06:00;1,25;236,25
11/10/2020 07:00;1,25;236,25
11/10/2020 08:00;1,26;236,26
11/10/2020 09:00;1,26;236,26
11/10/2020 10:00;1,26;236,26
11/10/2020 11:00;1,25;236,25
11/10/2020 12:00;1,25;236,25
11/10/2020 13:00;1,25;236,25
11/10/2020 14:00;1,25;236,25
11/10/2020 15:00;1,25;236,25
11/10/2020 16:00;1,25;236,25
11/10/2020 17:00;1,26;236,26
11/10/2020 18:00;1,27;236,27
11/10/2020 19:00;1,27;236,27
11/10/2020 20:00;1,28;236,28
11/10/2020 21:00;1,28;236,28
11/10/2020 22:00;1,28;236,28
11/10/2020 23:00;1,28;236,28
12/10/2020 00:00;1,27;236,27
12/10/2020 01:00;1,27;236,27
12/10/2020 02:00;1,26;236,26
12/10/2020 03:00;1,26;236,26
12/10/2020 04:00;1,26;236,26
12/10/2020 05:00;1,25;236,25
12/10/2020 06:00;1,25;236,25
12/10/2020 07:00;1,25;236,25
12/10/2020 08:00;1,25;236,25
12/10/2020 09:00;1,25;236,25
12/10/2020 10:00;1,25;236,25
12/10/2020 11:00;1,25;236,25
12/10/2020 12:00;1,25;236,25
12/10/2020 13:00;1,24;236,24
12/10/2020 14:00;1,24;236,24
12/10/2020 15:00;1,24;236,24
12/10/2020 16:00;1,25;236,25
12/10/2020 17:00;1,25;236,25
12/10/2020 18:00;1,26;236,26
12/10/2020 19:00;1,26;236,26
12/10/2020 20:00;1,26;236,26
12/10/2020 21:00;1,26;236,26
12/10/2020 22:00;1,26;236,26
12/10/2020 23:00;1,26;236,26
13/10/2020 00:00;1,26;236,26
13/10/2020 01:00;1,26;236,26
13/10/2020 02:00;1,26;236,26
13/10/2020 03:00;1,26;236,26
13/10/2020 04:00;1,25;236,25
13/10/2020 05:00;1,25;236,25
13/10/2020 06:00;1,25;236,25
13/10/2020 07:00;1,25;236,25
13/10/2020 08:00;1,25;236,25
13/10/2020 09:00;1,25;236,25
13/10/2020 10:00;1,25;236,25
13/10/2020 11:00;1,25;236,25
13/10/2020 12:00;1,25;236,25
13/10/2020 13:00;1,24;236,24
13/10/2020 14:00;1,25;236,25
13/10/2020 15:00;1,25;236,25
13/10/2020 16:00;1,25;236,25
13/10/2020 17:00;1,25;236,25
13/10/2020 18:00;1,25;236,25
13/10/2020 19:00;1,25;236,25
13/10/2020 20:00;1,25;236,25
13/10/2020 21:00;1,25;236,25
13/10/2020 22:00;1,25;236,25
13/10/2020 23:00;1,25;236,25
14/10/2020 00:00;1,25;236,25
14/10/2020 01:00;1,25;236,25
14/10/2020 02:00;1,25;236,25
14/10/2020 03:00;1,24;236,24
14/10/2020 04:00;1,24;236,24
14/10/2020 05:00;1,24;236,24
14/10/2020 06:00;1,23;236,23
14/10/2020 07:00;1,23;236,23
14/10/2020 08:00;1,22;236,22
14/10/2020 09:00;1,22;236,22
14/10/2020 10:00;1,22;236,22
14/10/2020 11:00;1,22;236,22
14/10/2020 12:00;1,22;236,22
14/10/2020 13:00;1,22;236,22
14/10/2020 14:00;1,22;236,22
14/10/2020 15:00;1,23;236,23
14/10/2020 16:00;1,23;236,23
14/10/2020 17:00;1,23;236,23
14/10/2020 18:00;1,23;236,23
14/10/2020 19:00;1,23;236,23
14/10/2020 20:00;1,23;236,23
14/10/2020 21:00;1,23;236,23
14/10/2020 22:00;1,23;236,23
14/10/2020 23:00;1,23;236,23
15/10/2020 00:00;1,23;236,23
15/10/2020 01:00;1,23;236,23
15/10/2020 02:00;1,23;236,23
15/10/2020 03:00;1,23;236,23
15/10/2020 04:00;1,23;236,23
15/10/2020 05:00;1,23;236,23
15/10/2020 06:00;1,23;236,23
15/10/2020 07:00;1,23;236,23
15/10/2020 08:00;1,23;236,23
15/10/2020 09:00;1,23;236,23
15/10/2020 10:00;1,23;236,23
15/10/2020 11:00;1,23;236,23
15/10/2020 12:00;1,23;236,23
15/10/2020 13:00;1,22;236,22
15/10/2020 14:00;1,22;236,22
15/10/2020 15:00;1,22;236,22
15/10/2020 16:00;1,23;236,23
15/10/2020 17:00;1,23;236,23
15/10/2020 18:00;1,24;236,24
15/10/2020 19:01;1,24;236,24
15/10/2020 20:01;1,24;236,24
15/10/2020 21:01;1,23;236,23
15/10/2020 22:01;1,23;236,23
15/10/2020 23:01;1,23;236,23
16/10/2020 00:01;1,23;236,23
16/10/2020 01:01;1,23;236,23
16/10/2020 02:01;1,22;236,22
16/10/2020 03:01;1,22;236,22
16/10/2020 04:01;1,22;236,22
16/10/2020 05:01;1,22;236,22
16/10/2020 06:01;1,22;236,22
16/10/2020 07:01;1,22;236,22
16/10/2020 08:01;1,22;236,22
16/10/2020 09:01;1,22;236,22
16/10/2020 10:01;1,22;236,22
16/10/2020 11:01;1,22;236,22
16/10/2020 12:01;1,22;236,22
16/10/2020 13:01;1,23;236,23
16/10/2020 14:01;1,23;236,23
16/10/2020 15:01;1,23;236,23
16/10/2020 16:01;1,22;236,22
16/10/2020 17:01;1,22;236,22
16/10/2020 18:01;1,22;236,22
16/10/2020 19:01;1,22;236,22
16/10/2020 20:01;1,22;236,22
16/10/2020 21:01;1,22;236,22
16/10/2020 22:01;1,22;236,22
16/10/2020 23:01;1,21;236,21
17/10/2020 00:01;1,21;236,21
17/10/2020 01:01;1,21;236,21
17/10/2020 02:00;1,21;236,21
17/10/2020 03:00;1,21;236,21
17/10/2020 04:00;1,21;236,21
17/10/2020 05:00;1,21;236,21
17/10/2020 06:00;1,21;236,21
17/10/2020 07:00;1,22;236,22
17/10/2020 08:00;1,22;236,22
17/10/2020 09:00;1,22;236,22
17/10/2020 10:00;1,22;236,22
17/10/2020 11:00;1,22;236,22
17/10/2020 12:00;1,22;236,22
17/10/2020 13:00;1,22;236,22
17/10/2020 14:00;1,22;236,22
17/10/2020 15:00;1,22;236,22
17/10/2020 16:00;1,22;236,22
17/10/2020 17:00;1,22;236,22
17/10/2020 18:00;1,22;236,22
17/10/2020 19:00;1,22;236,22
17/10/2020 20:00;1,22;236,22
17/10/2020 21:00;1,22;236,22
17/10/2020 22:00;1,22;236,22
17/10/2020 23:00;1,23;236,23
18/10/2020 00:00;1,23;236,23
18/10/2020 01:00;1,23;236,23
18/10/2020 02:00;1,22;236,22
18/10/2020 03:00;1,22;236,22
18/10/2020 04:00;1,22;236,22
18/10/2020 05:00;1,22;236,22
18/10/2020 06:00;1,22;236,22
18/10/2020 07:00;1,21;236,21
18/10/2020 08:00;1,21;236,21
18/10/2020 09:00;1,21;236,21
18/10/2020 10:00;1,21;236,21
18/10/2020 11:00;1,21;236,21
18/10/2020 12:00;1,21;236,21
18/10/2020 13:00;1,21;236,21
18/10/2020 14:00;1,21;236,21
18/10/2020 15:00;1,21;236,21
18/10/2020 16:00;1,21;236,21
18/10/2020 17:00;1,21;236,21
18/10/2020 18:00;1,21;236,21
18/10/2020 19:00;1,22;236,22
18/10/2020 20:00;1,22;236,22
18/10/2020 21:00;1,22;236,22
18/10/2020 22:00;1,22;236,22
18/10/2020 23:00;1,22;236,22
19/10/2020 00:00;1,22;236,22
19/10/2020 01:00;1,22;236,22
19/10/2020 02:00;1,22;236,22
19/10/2020 03:00;1,22;236,22
19/10/2020 04:00;1,22;236,22
19/10/2020 05:00;1,22;236,22
19/10/2020 06:00;1,22;236,22
19/10/2020 07:00;1,22;236,22
19/10/2020 08:00;1,22;236,22
19/10/2020 09:00;1,22;236,22
19/10/2020 10:00;1,22;236,22
19/10/2020 11:00;1,22;236,22
19/10/2020 12:00;1,22;236,22
19/10/2020 13:00;1,22;236,22
19/10/2020 14:00;1,22;236,22
19/10/2020 15:00;1,22;236,22
19/10/2020 16:00;1,22;236,22
19/10/2020 17:00;1,22;236,22
19/10/2020 18:00;1,21;236,21
19/10/2020 19:00;1,21;236,21
19/10/2020 20:00;1,21;236,21
19/10/2020 21:00;1,22;236,22
19/10/2020 22:00;1,22;236,22
19/10/2020 23:00;1,22;236,22
20/10/2020 00:00;1,21;236,21
20/10/2020 01:00;1,21;236,21
20/10/2020 02:00;1,21;236,21
20/10/2020 03:00;1,2;236,2
20/10/2020 04:00;1,21;236,21
20/10/2020 05:00;1,22;236,22
20/10/2020 06:00;1,22;236,22
20/10/2020 07:00;1,22;236,22
20/10/2020 08:00;1,22;236,22
20/10/2020 09:00;1,22;236,22
20/10/2020 10:00;1,22;236,22
20/10/2020 11:00;1,22;236,22
20/10/2020 12:00;1,22;236,22
20/10/2020 13:00;1,22;236,22
20/10/2020 14:00;1,22;236,22
20/10/2020 15:00;1,22;236,22
20/10/2020 16:00;1,21;236,21
20/10/2020 17:00;1,21;236,21
20/10/2020 18:00;1,22;236,22
20/10/2020 19:00;1,22;236,22
20/10/2020 20:00;1,22;236,22
20/10/2020 21:00;1,22;236,22
20/10/2020 22:00;1,21;236,21
20/10/2020 23:00;1,2;236,2
21/10/2020 00:00;1,2;236,2
21/10/2020 01:00;1,21;236,21
21/10/2020 02:00;1,21;236,21
21/10/2020 03:00;1,2;236,2
21/10/2020 04:00;1,2;236,2
21/10/2020 05:00;1,2;236,2
21/10/2020 06:00;1,2;236,2
21/10/2020 07:00;1,2;236,2
21/10/2020 08:00;1,2;236,2
21/10/2020 09:00;1,2;236,2
21/10/2020 10:00;1,2;236,2
21/10/2020 11:00;1,2;236,2
21/10/2020 12:00;1,21;236,21
21/10/2020 13:00;1,2;236,2
21/10/2020 14:00;1,21;236,21
21/10/2020 15:00;1,2;236,2
21/10/2020 16:00;1,2;236,2
21/10/2020 17:00;1,2;236,2
21/10/2020 18:00;1,2;236,2
21/10/2020 19:00;1,2;236,2
21/10/2020 20:00;1,2;236,2
21/10/2020 21:00;1,2;236,2
21/10/2020 22:00;1,2;236,2
21/10/2020 23:00;1,2;236,2
22/10/2020 00:00;1,21;236,21
22/10/2020 01:00;1,2;236,2
22/10/2020 02:00;1,2;236,2
22/10/2020 03:00;1,2;236,2
22/10/2020 04:00;1,2;236,2
22/10/2020 05:00;1,2;236,2
22/10/2020 06:00;1,21;236,21
22/10/2020 07:00;1,22;236,22
22/10/2020 08:00;1,22;236,22
22/10/2020 09:00;1,22;236,22
22/10/2020 10:00;1,23;236,23
22/10/2020 11:00;1,23;236,23
22/10/2020 12:00;1,23;236,23
22/10/2020 13:00;1,22;236,22
22/10/2020 14:00;1,22;236,22
22/10/2020 15:00;1,22;236,22
22/10/2020 16:00;1,22;236,22
22/10/2020 17:00;1,21;236,21
22/10/2020 18:00;1,22;236,22
22/10/2020 19:00;1,22;236,22
22/10/2020 20:00;1,23;236,23
22/10/2020 21:00;1,24;236,24
22/10/2020 22:00;1,24;236,24
22/10/2020 23:00;1,24;236,24
23/10/2020 00:00;1,23;236,23
23/10/2020 01:00;1,22;236,22
23/10/2020 02:00;1,22;236,22
23/10/2020 03:00;1,22;236,22
23/10/2020 04:00;1,22;236,22
23/10/2020 05:00;1,22;236,22
23/10/2020 06:00;1,22;236,22
23/10/2020 07:00;1,22;236,22
23/10/2020 08:00;1,22;236,22
23/10/2020 09:00;1,22;236,22
23/10/2020 10:00;1,22;236,22
23/10/2020 11:00;1,22;236,22
23/10/2020 12:00;1,22;236,22
23/10/2020 13:00;1,22;236,22
23/10/2020 14:00;1,23;236,23
23/10/2020 15:00;1,22;236,22
23/10/2020 16:00;1,23;236,23
23/10/2020 17:00;1,22;236,22
23/10/2020 18:00;1,23;236,23
23/10/2020 19:00;1,22;236,22
23/10/2020 20:00;1,22;236,22
23/10/2020 21:00;1,22;236,22
23/10/2020 22:00;1,22;236,22
23/10/2020 23:00;1,22;236,22
24/10/2020 00:00;1,22;236,22
24/10/2020 01:00;1,22;236,22
24/10/2020 02:00;1,22;236,22
24/10/2020 03:00;1,22;236,22
24/10/2020 04:00;1,22;236,22
24/10/2020 05:00;1,23;236,23
24/10/2020 06:00;1,23;236,23
24/10/2020 07:00;1,23;236,23
24/10/2020 08:00;1,22;236,22
24/10/2020 09:00;1,22;236,22
24/10/2020 10:00;1,22;236,22
24/10/2020 11:00;1,21;236,21
24/10/2020 12:00;1,22;236,22
24/10/2020 13:00;1,23;236,23
24/10/2020 14:00;1,24;236,24
24/10/2020 15:00;1,24;236,24
24/10/2020 16:00;1,24;236,24
24/10/2020 17:00;1,23;236,23
24/10/2020 18:00;1,22;236,22
24/10/2020 19:00;1,22;236,22
24/10/2020 20:00;1,22;236,22
24/10/2020 21:00;1,22;236,22
24/10/2020 22:00;1,22;236,22
24/10/2020 23:00;1,21;236,21
25/10/2020 00:01;1,21;236,21
25/10/2020 01:01;1,21;236,21
25/10/2020 02:01;1,21;236,21
25/10/2020 03:01;1,21;236,21
25/10/2020 04:01;1,21;236,21
25/10/2020 05:01;1,21;236,21
25/10/2020 06:01;1,21;236,21
25/10/2020 07:01;1,21;236,21
25/10/2020 08:01;1,21;236,21
25/10/2020 09:01;1,21;236,21
25/10/2020 10:01;1,2;236,2
25/10/2020 11:01;1,21;236,21
25/10/2020 12:01;1,21;236,21
25/10/2020 13:01;1,22;236,22
25/10/2020 14:01;1,22;236,22
25/10/2020 15:01;1,22;236,22
25/10/2020 16:01;1,23;236,23
25/10/2020 17:01;1,22;236,22
25/10/2020 18:01;1,22;236,22
25/10/2020 19:01;1,22;236,22
25/10/2020 20:01;1,22;236,22
25/10/2020 21:01;1,22;236,22
25/10/2020 22:01;1,22;236,22
25/10/2020 23:01;1,22;236,22
26/10/2020 00:01;1,22;236,22
26/10/2020 01:01;1,22;236,22
26/10/2020 02:01;1,21;236,21
26/10/2020 03:01;1,21;236,21
26/10/2020 04:01;1,21;236,21
26/10/2020 05:01;1,2;236,2
26/10/2020 06:01;1,2;236,2
26/10/2020 07:00;1,2;236,2
26/10/2020 08:00;1,2;236,2
26/10/2020 09:00;1,2;236,2
26/10/2020 10:00;1,21;236,21
26/10/2020 11:00;1,21;236,21
26/10/2020 12:00;1,21;236,21
26/10/2020 13:00;1,2;236,2
26/10/2020 14:00;1,2;236,2
26/10/2020 15:00;1,19;236,19
26/10/2020 16:00;1,19;236,19
26/10/2020 17:00;1,19;236,19
26/10/2020 18:00;1,2;236,2
26/10/2020 19:00;1,2;236,2
26/10/2020 20:00;1,2;236,2
26/10/2020 21:00;1,2;236,2
26/10/2020 22:00;1,2;236,2
26/10/2020 23:00;1,2;236,2
27/10/2020 00:00;1,2;236,2
27/10/2020 01:00;1,2;236,2
27/10/2020 02:00;1,2;236,2
27/10/2020 03:00;1,2;236,2
27/10/2020 04:00;1,21;236,21
27/10/2020 05:00;1,21;236,21
27/10/2020 06:00;1,22;236,22
27/10/2020 07:00;1,22;236,22
27/10/2020 08:00;1,22;236,22
27/10/2020 09:00;1,22;236,22
27/10/2020 10:00;1,22;236,22
27/10/2020 11:00;1,22;236,22
27/10/2020 12:00;1,21;236,21
27/10/2020 13:00;1,21;236,21
27/10/2020 14:00;1,21;236,21
27/10/2020 15:00;1,21;236,21
27/10/2020 16:00;1,21;236,21
27/10/2020 17:00;1,21;236,21
27/10/2020 18:00;1,21;236,21
27/10/2020 19:00;1,21;236,21
27/10/2020 20:00;1,21;236,21
27/10/2020 21:00;1,21;236,21
27/10/2020 22:00;1,21;236,21
27/10/2020 23:00;1,21;236,21
28/10/2020 00:00;1,21;236,21
28/10/2020 01:00;1,21;236,21
28/10/2020 02:00;1,21;236,21
28/10/2020 03:00;1,21;236,21
28/10/2020 04:00;1,2;236,2
28/10/2020 05:00;1,2;236,2
28/10/2020 06:00;1,2;236,2
28/10/2020 07:00;1,2;236,2
28/10/2020 08:00;1,2;236,2
28/10/2020 09:00;1,2;236,2
28/10/2020 10:00;1,2;236,2
28/10/2020 11:00;1,2;236,2
28/10/2020 12:00;1,2;236,2
28/10/2020 13:00;1,2;236,2
28/10/2020 14:00;1,19;236,19
28/10/2020 15:00;1,2;236,2
28/10/2020 16:00;1,2;236,2
28/10/2020 17:00;1,2;236,2
28/10/2020 18:00;1,2;236,2
28/10/2020 19:00;1,2;236,2
28/10/2020 20:00;1,2;236,2
28/10/2020 21:00;1,2;236,2
28/10/2020 22:00;1,2;236,2
28/10/2020 23:00;1,19;236,19
29/10/2020 00:00;1,19;236,19
29/10/2020 01:00;1,19;236,19
29/10/2020 02:00;1,19;236,19
29/10/2020 03:00;1,19;236,19
29/10/2020 04:00;1,19;236,19
29/10/2020 05:00;1,18;236,18
29/10/2020 06:00;1,18;236,18
29/10/2020 07:00;1,18;236,18
29/10/2020 08:00;1,19;236,19
29/10/2020 09:00;1,19;236,19
29/10/2020 10:00;1,19;236,19
29/10/2020 11:00;1,19;236,19
29/10/2020 12:00;1,2;236,2
29/10/2020 13:00;1,2;236,2
29/10/2020 14:00;1,2;236,2
29/10/2020 15:00;1,2;236,2
29/10/2020 16:00;1,2;236,2
29/10/2020 17:00;1,2;236,2
29/10/2020 18:00;1,2;236,2
29/10/2020 19:00;1,2;236,2
29/10/2020 20:00;1,2;236,2
29/10/2020 21:00;1,21;236,21
29/10/2020 22:00;1,21;236,21
29/10/2020 23:00;1,21;236,21
30/10/2020 00:00;1,2;236,2
30/10/2020 01:00;1,2;236,2
30/10/2020 02:00;1,2;236,2
30/10/2020 03:00;1,2;236,2
30/10/2020 04:00;1,2;236,2
30/10/2020 05:00;1,2;236,2
30/10/2020 06:00;1,2;236,2
30/10/2020 07:00;1,2;236,2
30/10/2020 08:00;1,21;236,21
30/10/2020 09:00;1,21;236,21
30/10/2020 10:00;1,21;236,21
30/10/2020 11:00;1,21;236,21
30/10/2020 12:00;1,21;236,21
30/10/2020 13:00;1,21;236,21
30/10/2020 14:00;1,21;236,21
30/10/2020 15:00;1,21;236,21
30/10/2020 16:00;1,21;236,21
30/10/2020 17:00;1,21;236,21
30/10/2020 18:00;1,21;236,21
30/10/2020 19:00;1,21;236,21
30/10/2020 20:00;1,21;236,21
30/10/2020 21:00;1,21;236,21
30/10/2020 22:00;1,21;236,21
30/10/2020 23:00;1,2;236,2
31/10/2020 00:00;1,2;236,2
31/10/2020 01:00;1,2;236,2
31/10/2020 02:00;1,21;236,21
31/10/2020 03:00;1,21;236,21
31/10/2020 04:00;1,2;236,2
31/10/2020 05:00;1,2;236,2
31/10/2020 06:00;1,2;236,2
31/10/2020 07:00;1,2;236,2
31/10/2020 08:00;1,2;236,2
31/10/2020 09:00;1,21;236,21
31/10/2020 10:00;1,21;236,21
31/10/2020 11:00;1,21;236,21
31/10/2020 12:00;1,21;236,21
31/10/2020 13:00;1,21;236,21
31/10/2020 14:00;1,21;236,21
31/10/2020 15:00;1,21;236,21
31/10/2020 16:00;1,21;236,21
31/10/2020 17:00;1,21;236,21
31/10/2020 18:00;1,22;236,22
31/10/2020 19:00;1,21;236,21
31/10/2020 20:00;1,21;236,21
31/10/2020 21:00;1,21;236,21
31/10/2020 22:00;1,2;236,2
31/10/2020 23:00;1,2;236,2
01/11/2020 00:00;1,2;236,2
01/11/2020 01:00;1,2;236,2
01/11/2020 02:00;1,2;236,2
01/11/2020 03:00;1,2;236,2
01/11/2020 04:00;1,2;236,2
01/11/2020 05:00;1,2;236,2
01/11/2020 06:00;1,2;236,2
01/11/2020 07:00;1,2;236,2
01/11/2020 08:00;1,2;236,2
01/11/2020 09:00;1,2;236,2
01/11/2020 10:00;1,2;236,2
01/11/2020 11:00;1,2;236,2
01/11/2020 12:00;1,2;236,2
01/11/2020 13:00;1,2;236,2
01/11/2020 14:00;1,2;236,2
01/11/2020 15:00;1,2;236,2
01/11/2020 16:00;1,2;236,2
01/11/2020 17:00;1,2;236,2
01/11/2020 18:00;1,21;236,21
01/11/2020 19:00;1,21;236,21
01/11/2020 20:00;1,21;236,21
01/11/2020 21:00;1,21;236,21
01/11/2020 22:00;1,21;236,21
01/11/2020 23:00;1,2;236,2
02/11/2020 00:00;1,21;236,21
02/11/2020 01:00;1,21;236,21
02/11/2020 02:00;1,2;236,2
02/11/2020 03:00;1,21;236,21
02/11/2020 04:00;1,2;236,2
02/11/2020 05:00;1,2;236,2
02/11/2020 06:00;1,2;236,2
02/11/2020 07:00;1,2;236,2
02/11/2020 08:00;1,19;236,19
02/11/2020 09:00;1,2;236,2
02/11/2020 10:00;1,2;236,2
02/11/2020 11:00;1,2;236,2
02/11/2020 12:00;1,21;236,21
02/11/2020 13:00;1,21;236,21
02/11/2020 14:00;1,21;236,21
02/11/2020 15:00;1,2;236,2
02/11/2020 16:00;1,2;236,2
02/11/2020 17:00;1,2;236,2
02/11/2020 18:00;1,2;236,2
02/11/2020 19:00;1,2;236,2
02/11/2020 20:00;1,2;236,2
02/11/2020 21:00;1,2;236,2
02/11/2020 22:00;1,19;236,19
02/11/2020 23:00;1,19;236,19
03/11/2020 00:00;1,19;236,19
03/11/2020 01:00;1,18;236,18
03/11/2020 02:00;1,18;236,18
03/11/2020 03:00;1,18;236,18
03/11/2020 04:01;1,18;236,18
03/11/2020 05:01;1,18;236,18
03/11/2020 06:01;1,18;236,18
03/11/2020 07:01;1,19;236,19
03/11/2020 08:01;1,2;236,2
03/11/2020 09:01;1,2;236,2
03/11/2020 10:01;1,2;236,2
03/11/2020 11:01;1,2;236,2
03/11/2020 12:01;1,2;236,2
03/11/2020 13:01;1,2;236,2
03/11/2020 14:01;1,2;236,2
03/11/2020 15:01;1,19;236,19
03/11/2020 16:01;1,19;236,19
03/11/2020 17:01;1,2;236,2
03/11/2020 18:01;1,2;236,2
03/11/2020 19:01;1,21;236,21
03/11/2020 20:01;1,21;236,21
03/11/2020 21:01;1,21;236,21
03/11/2020 22:01;1,2;236,2
03/11/2020 23:01;1,2;236,2
04/11/2020 00:01;1,2;236,2
04/11/2020 01:01;1,19;236,19
04/11/2020 02:01;1,19;236,19
04/11/2020 03:01;1,19;236,19
04/11/2020 04:01;1,18;236,18
04/11/2020 05:01;1,18;236,18
04/11/2020 06:01;1,19;236,19
04/11/2020 07:01;1,18;236,18
04/11/2020 08:01;1,18;236,18
04/11/2020 09:01;1,18;236,18
04/11/2020 10:01;1,19;236,19
04/11/2020 11:00;1,19;236,19
04/11/2020 12:00;1,19;236,19
04/11/2020 13:00;1,19;236,19
04/11/2020 14:00;1,19;236,19
04/11/2020 15:00;1,19;236,19
04/11/2020 16:00;1,19;236,19
04/11/2020 17:00;1,19;236,19
04/11/2020 18:00;1,19;236,19
04/11/2020 19:00;1,19;236,19
04/11/2020 20:00;1,19;236,19
04/11/2020 21:00;1,18;236,18
04/11/2020 22:00;1,18;236,18
04/11/2020 23:00;1,18;236,18
05/11/2020 00:00;1,18;236,18
05/11/2020 01:00;1,18;236,18
05/11/2020 02:00;1,18;236,18
05/11/2020 03:00;1,18;236,18
05/11/2020 04:00;1,18;236,18
05/11/2020 05:00;1,19;236,19
05/11/2020 06:00;1,19;236,19
05/11/2020 07:00;1,19;236,19
05/11/2020 08:00;1,19;236,19
05/11/2020 09:00;1,18;236,18
05/11/2020 10:00;1,18;236,18
05/11/2020 11:00;1,18;236,18
05/11/2020 12:00;1,18;236,18
05/11/2020 13:00;1,19;236,19
05/11/2020 14:00;1,19;236,19
05/11/2020 15:00;1,19;236,19
05/11/2020 16:00;1,19;236,19
05/11/2020 17:00;1,19;236,19
05/11/2020 18:00;1,19;236,19
05/11/2020 19:00;1,19;236,19
05/11/2020 20:00;1,19;236,19
05/11/2020 21:00;1,2;236,2
05/11/2020 22:00;1,2;236,2
05/11/2020 23:00;1,19;236,19
06/11/2020 00:00;1,19;236,19
06/11/2020 01:00;1,19;236,19
06/11/2020 02:00;1,19;236,19
06/11/2020 03:00;1,19;236,19
06/11/2020 04:00;1,19;236,19
06/11/2020 05:00;1,19;236,19
06/11/2020 06:00;1,19;236,19
06/11/2020 07:00;1,18;236,18
06/11/2020 08:00;1,18;236,18
06/11/2020 09:00;1,18;236,18
06/11/2020 10:00;1,18;236,18
06/11/2020 11:00;1,18;236,18
06/11/2020 12:00;1,19;236,19
06/11/2020 13:00;1,19;236,19
06/11/2020 14:00;1,19;236,19
06/11/2020 15:00;1,19;236,19
06/11/2020 16:00;1,19;236,19
06/11/2020 17:00;1,2;236,2
06/11/2020 18:00;1,2;236,2
06/11/2020 19:00;1,2;236,2
06/11/2020 20:00;1,2;236,2
06/11/2020 21:00;1,2;236,2
06/11/2020 22:00;1,2;236,2
06/11/2020 23:00;1,2;236,2
07/11/2020 00:00;1,2;236,2
07/11/2020 01:00;1,19;236,19
07/11/2020 02:00;1,19;236,19
07/11/2020 03:00;1,2;236,2
07/11/2020 04:00;1,2;236,2
07/11/2020 05:00;1,19;236,19
07/11/2020 06:00;1,19;236,19
07/11/2020 07:00;1,19;236,19
07/11/2020 08:00;1,19;236,19
07/11/2020 09:00;1,19;236,19
07/11/2020 10:00;1,19;236,19
07/11/2020 11:00;1,19;236,19
07/11/2020 12:00;1,19;236,19
07/11/2020 13:00;1,19;236,19
07/11/2020 14:00;1,2;236,2
07/11/2020 15:00;1,2;236,2
07/11/2020 16:00;1,2;236,2
07/11/2020 17:00;1,21;236,21
07/11/2020 18:00;1,21;236,21
07/11/2020 19:00;1,21;236,21
07/11/2020 20:00;1,21;236,21
07/11/2020 21:00;1,21;236,21
07/11/2020 22:00;1,21;236,21
07/11/2020 23:00;1,21;236,21
08/11/2020 00:00;1,21;236,21
08/11/2020 01:00;1,21;236,21
08/11/2020 02:00;1,2;236,2
08/11/2020 03:00;1,2;236,2
08/11/2020 04:00;1,2;236,2
08/11/2020 05:00;1,2;236,2
08/11/2020 06:00;1,21;236,21
08/11/2020 07:00;1,21;236,21
08/11/2020 08:00;1,21;236,21
08/11/2020 09:00;1,22;236,22
08/11/2020 10:00;1,22;236,22
08/11/2020 11:00;1,23;236,23
08/11/2020 12:00;1,23;236,23
08/11/2020 13:00;1,23;236,23
08/11/2020 14:00;1,23;236,23
08/11/2020 15:00;1,23;236,23
08/11/2020 16:00;1,23;236,23
08/11/2020 17:00;1,24;236,24
08/11/2020 18:00;1,24;236,24
08/11/2020 19:00;1,24;236,24
08/11/2020 20:00;1,23;236,23
08/11/2020 21:00;1,23;236,23
08/11/2020 22:00;1,23;236,23
08/11/2020 23:00;1,23;236,23
09/11/2020 00:00;1,23;236,23
09/11/2020 01:00;1,23;236,23
09/11/2020 02:00;1,23;236,23
09/11/2020 03:00;1,23;236,23
09/11/2020 04:00;1,23;236,23
09/11/2020 05:00;1,22;236,22
09/11/2020 06:00;1,22;236,22
09/11/2020 07:00;1,22;236,22
09/11/2020 08:00;1,22;236,22
09/11/2020 09:00;1,22;236,22
09/11/2020 10:00;1,23;236,23
09/11/2020 11:00;1,23;236,23
09/11/2020 12:00;1,23;236,23
09/11/2020 13:00;1,23;236,23
09/11/2020 14:00;1,23;236,23
09/11/2020 15:00;1,24;236,24
09/11/2020 16:00;1,24;236,24
09/11/2020 17:00;1,24;236,24
09/11/2020 18:00;1,24;236,24
09/11/2020 19:00;1,24;236,24
09/11/2020 20:00;1,24;236,24
09/11/2020 21:00;1,24;236,24
09/11/2020 22:00;1,24;236,24
09/11/2020 23:00;1,24;236,24
10/11/2020 00:00;1,23;236,23
10/11/2020 01:00;1,23;236,23
10/11/2020 02:00;1,23;236,23
10/11/2020 03:00;1,23;236,23
10/11/2020 04:00;1,22;236,22
10/11/2020 05:00;1,22;236,22
10/11/2020 06:00;1,22;236,22
10/11/2020 07:00;1,22;236,22
10/11/2020 08:00;1,22;236,22
10/11/2020 09:00;1,22;236,22
10/11/2020 10:00;1,22;236,22
10/11/2020 11:00;1,22;236,22
10/11/2020 12:00;1,22;236,22
10/11/2020 13:00;1,22;236,22
10/11/2020 14:00;1,22;236,22
10/11/2020 15:00;1,22;236,22
10/11/2020 16:00;1,22;236,22
10/11/2020 17:00;1,22;236,22
10/11/2020 18:00;1,22;236,22
10/11/2020 19:00;1,22;236,22
10/11/2020 20:00;1,21;236,21
10/11/2020 21:00;1,22;236,22
10/11/2020 22:00;1,21;236,21
10/11/2020 23:00;1,21;236,21
11/11/2020 00:00;1,21;236,21
11/11/2020 01:00;1,21;236,21
11/11/2020 02:00;1,21;236,21
11/11/2020 03:00;1,21;236,21
11/11/2020 04:00;1,21;236,21
11/11/2020 05:00;1,22;236,22
11/11/2020 06:00;1,22;236,22
11/11/2020 07:00;1,22;236,22
11/11/2020 08:00;1,21;236,21
11/11/2020 09:00;1,21;236,21
11/11/2020 10:00;1,21;236,21
11/11/2020 11:00;1,21;236,21
11/11/2020 12:00;1,21;236,21
11/11/2020 13:00;1,21;236,21
11/11/2020 14:00;1,21;236,21
11/11/2020 15:00;1,21;236,21
11/11/2020 16:00;1,21;236,21
11/11/2020 17:00;1,22;236,22
11/11/2020 18:00;1,21;236,21
11/11/2020 19:00;1,22;236,22
11/11/2020 20:00;1,21;236,21
11/11/2020 21:00;1,21;236,21
11/11/2020 22:00;1,21;236,21
11/11/2020 23:00;1,2;236,2
12/11/2020 00:00;1,21;236,21
12/11/2020 01:00;1,2;236,2
12/11/2020 02:00;1,21;236,21
12/11/2020 03:00;1,21;236,21
12/11/2020 04:00;1,22;236,22
12/11/2020 05:00;1,22;236,22
12/11/2020 06:00;1,22;236,22
12/11/2020 07:00;1,23;236,23
12/11/2020 08:00;1,22;236,22
12/11/2020 09:01;1,22;236,22
12/11/2020 10:01;1,22;236,22
12/11/2020 11:01;1,22;236,22
12/11/2020 12:01;1,22;236,22
12/11/2020 13:01;1,22;236,22
12/11/2020 14:01;1,23;236,23
12/11/2020 15:01;1,23;236,23
12/11/2020 16:01;1,23;236,23
12/11/2020 17:01;1,23;236,23
12/11/2020 18:01;1,23;236,23
12/11/2020 19:01;1,23;236,23
12/11/2020 20:01;1,23;236,23
12/11/2020 21:01;1,23;236,23
12/11/2020 22:01;1,23;236,23
12/11/2020 23:01;1,23;236,23
13/11/2020 00:01;1,23;236,23
13/11/2020 01:01;1,23;236,23
13/11/2020 02:01;1,23;236,23
13/11/2020 03:01;1,22;236,22
13/11/2020 04:01;1,21;236,21
13/11/2020 05:01;1,21;236,21
13/11/2020 06:01;1,21;236,21
13/11/2020 07:01;1,22;236,22
13/11/2020 08:01;1,23;236,23
13/11/2020 09:01;1,23;236,23
13/11/2020 10:01;1,24;236,24
13/11/2020 11:01;1,24;236,24
13/11/2020 12:01;1,25;236,25
13/11/2020 13:01;1,25;236,25
13/11/2020 14:01;1,24;236,24
13/11/2020 15:01;1,24;236,24
13/11/2020 16:01;1,24;236,24
13/11/2020 17:00;1,24;236,24
13/11/2020 18:00;1,23;236,23
13/11/2020 19:00;1,23;236,23
13/11/2020 20:00;1,23;236,23
13/11/2020 21:00;1,24;236,24
13/11/2020 22:00;1,24;236,24
13/11/2020 23:00;1,24;236,24
14/11/2020 00:00;1,25;236,25
14/11/2020 01:00;1,25;236,25
14/11/2020 02:00;1,24;236,24
14/11/2020 03:00;1,24;236,24
14/11/2020 04:00;1,24;236,24
14/11/2020 05:00;1,24;236,24
14/11/2020 06:00;1,24;236,24
14/11/2020 07:00;1,24;236,24
14/11/2020 08:00;1,24;236,24
14/11/2020 09:00;1,25;236,25
14/11/2020 10:00;1,25;236,25
14/11/2020 11:00;1,25;236,25
14/11/2020 12:00;1,26;236,26
14/11/2020 13:00;1,26;236,26
14/11/2020 14:00;1,26;236,26
14/11/2020 15:00;1,26;236,26
14/11/2020 16:00;1,26;236,26
14/11/2020 17:00;1,25;236,25
14/11/2020 18:00;1,25;236,25
14/11/2020 19:00;1,25;236,25
14/11/2020 20:00;1,25;236,25
14/11/2020 21:00;1,25;236,25
14/11/2020 22:00;1,25;236,25
14/11/2020 23:00;1,25;236,25
15/11/2020 00:00;1,24;236,24
15/11/2020 01:00;1,24;236,24
15/11/2020 02:00;1,23;236,23
15/11/2020 03:00;1,23;236,23
15/11/2020 04:00;1,23;236,23
15/11/2020 05:00;1,23;236,23
15/11/2020 06:00;1,24;236,24
15/11/2020 07:00;1,24;236,24
15/11/2020 08:00;1,24;236,24
15/11/2020 09:00;1,24;236,24
15/11/2020 10:00;1,24;236,24
15/11/2020 11:00;1,24;236,24
15/11/2020 12:00;1,24;236,24
15/11/2020 13:00;1,24;236,24
15/11/2020 14:00;1,24;236,24
15/11/2020 15:00;1,23;236,23
15/11/2020 16:00;1,23;236,23
15/11/2020 17:00;1,23;236,23
15/11/2020 18:00;1,24;236,24
15/11/2020 19:00;1,24;236,24
15/11/2020 20:00;1,24;236,24
15/11/2020 21:00;1,24;236,24
15/11/2020 22:00;1,24;236,24
15/11/2020 23:00;1,24;236,24
16/11/2020 00:00;1,23;236,23
16/11/2020 01:00;1,23;236,23
16/11/2020 02:00;1,22;236,22
16/11/2020 03:00;1,22;236,22
16/11/2020 04:00;1,22;236,22
16/11/2020 05:00;1,22;236,22
16/11/2020 06:00;1,23;236,23
16/11/2020 07:00;1,23;236,23
16/11/2020 08:00;1,23;236,23
16/11/2020 09:00;1,23;236,23
16/11/2020 10:00;1,24;236,24
16/11/2020 11:00;1,24;236,24
16/11/2020 12:00;1,24;236,24
16/11/2020 13:00;1,24;236,24
16/11/2020 14:00;1,24;236,24
16/11/2020 15:00;1,24;236,24
16/11/2020 16:00;1,24;236,24
16/11/2020 17:00;1,24;236,24
16/11/2020 18:00;1,24;236,24
16/11/2020 19:00;1,24;236,24
16/11/2020 20:00;1,24;236,24
16/11/2020 21:00;1,24;236,24
16/11/2020 22:00;1,23;236,23
16/11/2020 23:00;1,23;236,23
17/11/2020 00:00;1,22;236,22
17/11/2020 01:00;1,22;236,22
17/11/2020 02:00;1,22;236,22
17/11/2020 03:00;1,21;236,21
17/11/2020 04:00;1,21;236,21
17/11/2020 05:00;1,21;236,21
17/11/2020 06:00;1,22;236,22
17/11/2020 07:00;1,22;236,22
17/11/2020 08:00;1,23;236,23
17/11/2020 09:00;1,23;236,23
17/11/2020 10:00;1,23;236,23
17/11/2020 11:00;1,23;236,23
17/11/2020 12:00;1,23;236,23
17/11/2020 13:00;1,23;236,23
17/11/2020 14:00;1,23;236,23
17/11/2020 15:00;1,23;236,23
17/11/2020 16:00;1,23;236,23
17/11/2020 17:00;1,23;236,23
17/11/2020 18:00;1,23;236,23
17/11/2020 19:00;1,23;236,23
17/11/2020 20:00;1,23;236,23
17/11/2020 21:00;1,23;236,23
17/11/2020 22:00;1,23;236,23
17/11/2020 23:00;1,23;236,23
18/11/2020 00:00;1,22;236,22
18/11/2020 01:00;1,22;236,22
18/11/2020 02:00;1,22;236,22
18/11/2020 03:00;1,21;236,21
18/11/2020 04:00;1,21;236,21
18/11/2020 05:00;1,22;236,22
18/11/2020 06:00;1,22;236,22
18/11/2020 07:00;1,22;236,22
18/11/2020 08:00;1,22;236,22
18/11/2020 09:00;1,22;236,22
18/11/2020 10:00;1,22;236,22
18/11/2020 11:00;1,22;236,22
18/11/2020 12:00;1,23;236,23
18/11/2020 13:00;1,22;236,22
18/11/2020 14:00;1,22;236,22
18/11/2020 15:00;1,22;236,22
18/11/2020 16:00;1,23;236,23
18/11/2020 17:00;1,23;236,23
18/11/2020 18:00;1,23;236,23
18/11/2020 19:00;1,23;236,23
18/11/2020 20:00;1,23;236,23
18/11/2020 21:00;1,23;236,23
18/11/2020 22:00;1,22;236,22
18/11/2020 23:00;1,21;236,21
19/11/2020 00:00;1,21;236,21
19/11/2020 01:00;1,22;236,22
19/11/2020 02:00;1,22;236,22
19/11/2020 03:00;1,22;236,22
19/11/2020 04:00;1,22;236,22
19/11/2020 05:00;1,22;236,22
19/11/2020 06:00;1,22;236,22
19/11/2020 07:00;1,22;236,22
19/11/2020 08:00;1,21;236,21
19/11/2020 09:00;1,22;236,22
19/11/2020 10:00;1,22;236,22
19/11/2020 11:00;1,22;236,22
19/11/2020 12:00;1,23;236,23
19/11/2020 13:00;1,23;236,23
19/11/2020 14:00;1,23;236,23
19/11/2020 15:00;1,23;236,23
19/11/2020 16:00;1,23;236,23
19/11/2020 17:00;1,23;236,23
19/11/2020 18:00;1,23;236,23
19/11/2020 19:00;1,22;236,22
19/11/2020 20:00;1,22;236,22
19/11/2020 21:00;1,22;236,22
19/11/2020 22:00;1,22;236,22
19/11/2020 23:00;1,21;236,21
20/11/2020 00:00;1,21;236,21
20/11/2020 01:00;1,21;236,21
20/11/2020 02:00;1,21;236,21
20/11/2020 03:00;1,21;236,21
20/11/2020 04:00;1,21;236,21
20/11/2020 05:00;1,2;236,2
20/11/2020 06:00;1,2;236,2
20/11/2020 07:00;1,2;236,2
20/11/2020 08:00;1,2;236,2
20/11/2020 09:00;1,2;236,2
20/11/2020 10:00;1,2;236,2
20/11/2020 11:00;1,2;236,2
20/11/2020 12:00;1,2;236,2
20/11/2020 13:00;1,21;236,21
20/11/2020 14:00;1,21;236,21
20/11/2020 15:00;1,21;236,21
20/11/2020 16:00;1,21;236,21
20/11/2020 17:00;1,21;236,21
20/11/2020 18:00;1,21;236,21
20/11/2020 19:00;1,21;236,21
20/11/2020 20:00;1,2;236,2
20/11/2020 21:00;1,2;236,2
20/11/2020 22:00;1,2;236,2
20/11/2020 23:00;1,19;236,19
21/11/2020 00:00;1,2;236,2
21/11/2020 01:00;1,2;236,2
21/11/2020 02:00;1,19;236,19
21/11/2020 03:00;1,19;236,19
21/11/2020 04:00;1,19;236,19
21/11/2020 05:00;1,19;236,19
21/11/2020 06:00;1,19;236,19
21/11/2020 07:00;1,2;236,2
21/11/2020 08:00;1,2;236,2
21/11/2020 09:00;1,2;236,2
21/11/2020 10:00;1,2;236,2
21/11/2020 11:00;1,2;236,2
21/11/2020 12:00;1,21;236,21
21/11/2020 13:00;1,21;236,21
21/11/2020 14:00;1,21;236,21
21/11/2020 15:00;1,21;236,21
21/11/2020 16:01;1,21;236,21
21/11/2020 17:01;1,21;236,21
21/11/2020 18:01;1,2;236,2
21/11/2020 19:01;1,2;236,2
21/11/2020 20:01;1,2;236,2
21/11/2020 21:01;1,2;236,2
21/11/2020 22:01;1,2;236,2
21/11/2020 23:01;1,2;236,2
22/11/2020 00:01;1,2;236,2
22/11/2020 01:01;1,2;236,2
22/11/2020 02:01;1,2;236,2
22/11/2020 03:01;1,2;236,2
22/11/2020 04:01;1,21;236,21
22/11/2020 05:01;1,21;236,21
22/11/2020 06:01;1,21;236,21
22/11/2020 07:01;1,2;236,2
22/11/2020 08:01;1,2;236,2
22/11/2020 09:01;1,2;236,2
22/11/2020 10:01;1,2;236,2
22/11/2020 11:01;1,2;236,2
22/11/2020 12:01;1,2;236,2
22/11/2020 13:01;1,2;236,2
22/11/2020 14:01;1,2;236,2
22/11/2020 15:01;1,2;236,2
22/11/2020 16:01;1,2;236,2
22/11/2020 17:01;1,2;236,2
22/11/2020 18:01;1,2;236,2
22/11/2020 19:01;1,21;236,21
22/11/2020 20:01;1,22;236,22
22/11/2020 21:01;1,22;236,22
22/11/2020 22:01;1,22;236,22
22/11/2020 23:00;1,22;236,22
23/11/2020 00:00;1,22;236,22
23/11/2020 01:00;1,22;236,22
23/11/2020 02:00;1,23;236,23
23/11/2020 03:00;1,23;236,23
23/11/2020 04:00;1,23;236,23
23/11/2020 05:00;1,23;236,23
23/11/2020 06:00;1,23;236,23
23/11/2020 07:00;1,22;236,22
23/11/2020 08:00;1,22;236,22
23/11/2020 09:00;1,22;236,22
23/11/2020 10:00;1,22;236,22
23/11/2020 11:00;1,22;236,22
23/11/2020 12:00;1,22;236,22
23/11/2020 13:00;1,22;236,22
23/11/2020 14:00;1,22;236,22
23/11/2020 15:00;1,22;236,22
23/11/2020 16:00;1,22;236,22
23/11/2020 17:00;1,21;236,21
23/11/2020 18:00;1,21;236,21
23/11/2020 19:00;1,21;236,21
23/11/2020 20:00;1,22;236,22
23/11/2020 21:00;1,22;236,22
23/11/2020 22:00;1,22;236,22
23/11/2020 23:00;1,22;236,22
24/11/2020 00:00;1,22;236,22
24/11/2020 01:00;1,21;236,21
24/11/2020 02:00;1,21;236,21
24/11/2020 03:00;1,21;236,21
24/11/2020 04:00;1,21;236,21
24/11/2020 05:00;1,21;236,21
24/11/2020 06:00;1,21;236,21
24/11/2020 07:00;1,21;236,21
24/11/2020 08:00;1,21;236,21
24/11/2020 09:00;1,21;236,21
24/11/2020 10:00;1,22;236,22
24/11/2020 11:00;1,22;236,22
24/11/2020 12:00;1,22;236,22
24/11/2020 13:00;1,21;236,21
24/11/2020 14:00;1,21;236,21
24/11/2020 15:00;1,21;236,21
24/11/2020 16:00;1,21;236,21
24/11/2020 17:00;1,21;236,21
24/11/2020 18:00;1,21;236,21
24/11/2020 19:00;1,21;236,21
24/11/2020 20:00;1,21;236,21
24/11/2020 21:00;1,21;236,21
24/11/2020 22:00;1,21;236,21
24/11/2020 23:00;1,21;236,21
25/11/2020 00:00;1,21;236,21
25/11/2020 01:00;1,21;236,21
25/11/2020 02:00;1,21;236,21
25/11/2020 03:00;1,21;236,21
25/11/2020 04:00;1,21;236,21
25/11/2020 05:00;1,22;236,22
25/11/2020 06:00;1,22;236,22
25/11/2020 07:00;1,22;236,22
25/11/2020 08:00;1,22;236,22
25/11/2020 09:00;1,22;236,22
25/11/2020 10:00;1,22;236,22
25/11/2020 11:00;1,22;236,22
25/11/2020 12:00;1,22;236,22
25/11/2020 13:00;1,22;236,22
25/11/2020 14:00;1,22;236,22
25/11/2020 15:00;1,22;236,22
25/11/2020 16:00;1,22;236,22
25/11/2020 17:00;1,21;236,21
25/11/2020 18:00;1,21;236,21
25/11/2020 19:00;1,21;236,21
25/11/2020 20:00;1,21;236,21
25/11/2020 21:00;1,2;236,2
25/11/2020 22:00;1,21;236,21
25/11/2020 23:00;1,21;236,21
26/11/2020 00:00;1,21;236,21
26/11/2020 01:00;1,21;236,21
26/11/2020 02:00;1,21;236,21
26/11/2020 03:00;1,21;236,21
26/11/2020 04:00;1,21;236,21
26/11/2020 05:00;1,21;236,21
26/11/2020 06:00;1,21;236,21
26/11/2020 07:00;1,21;236,21
26/11/2020 08:00;1,21;236,21
26/11/2020 09:00;1,22;236,22
26/11/2020 10:00;1,22;236,22
26/11/2020 11:00;1,22;236,22
26/11/2020 12:00;1,22;236,22
26/11/2020 13:00;1,23;236,23
26/11/2020 14:00;1,24;236,24
26/11/2020 15:00;1,24;236,24
26/11/2020 16:00;1,24;236,24
26/11/2020 17:00;1,24;236,24
26/11/2020 18:00;1,24;236,24
26/11/2020 19:00;1,23;236,23
26/11/2020 20:00;1,23;236,23
26/11/2020 21:00;1,23;236,23
26/11/2020 22:00;1,24;236,24
26/11/2020 23:00;1,24;236,24
27/11/2020 00:00;1,24;236,24
27/11/2020 01:00;1,24;236,24
27/11/2020 02:00;1,23;236,23
27/11/2020 03:00;1,24;236,24
27/11/2020 04:00;1,24;236,24
27/11/2020 05:00;1,24;236,24
27/11/2020 06:00;1,24;236,24
27/11/2020 07:00;1,23;236,23
27/11/2020 08:00;1,23;236,23
27/11/2020 09:00;1,22;236,22
27/11/2020 10:00;1,22;236,22
27/11/2020 11:00;1,22;236,22
27/11/2020 12:00;1,22;236,22
27/11/2020 13:00;1,23;236,23
27/11/2020 14:00;1,23;236,23
27/11/2020 15:00;1,23;236,23
27/11/2020 16:00;1,23;236,23
27/11/2020 17:00;1,23;236,23
27/11/2020 18:00;1,23;236,23
27/11/2020 19:00;1,23;236,23
27/11/2020 20:00;1,23;236,23
27/11/2020 21:00;1,22;236,22
27/11/2020 22:00;1,22;236,22
27/11/2020 23:00;1,22;236,22
28/11/2020 00:00;1,22;236,22
28/11/2020 01:00;1,22;236,22
28/11/2020 02:00;1,22;236,22
28/11/2020 03:00;1,22;236,22
28/11/2020 04:00;1,22;236,22
28/11/2020 05:00;1,21;236,21
28/11/2020 06:00;1,21;236,21
28/11/2020 07:00;1,21;236,21
28/11/2020 08:00;1,2;236,2
28/11/2020 09:00;1,2;236,2
28/11/2020 10:00;1,2;236,2
28/11/2020 11:00;1,2;236,2
28/11/2020 12:00;1,21;236,21
28/11/2020 13:00;1,21;236,21
28/11/2020 14:00;1,21;236,21
28/11/2020 15:00;1,21;236,21
28/11/2020 16:00;1,21;236,21
28/11/2020 17:00;1,21;236,21
28/11/2020 18:00;1,21;236,21
28/11/2020 19:00;1,21;236,21
28/11/2020 20:00;1,21;236,21
28/11/2020 21:00;1,21;236,21
28/11/2020 22:00;1,21;236,21
28/11/2020 23:00;1,21;236,21
29/11/2020 00:00;1,21;236,21
29/11/2020 01:00;1,2;236,2
29/11/2020 02:00;1,2;236,2
29/11/2020 03:00;1,2;236,2
29/11/2020 04:00;1,2;236,2
29/11/2020 05:00;1,2;236,2
29/11/2020 06:00;1,21;236,21
29/11/2020 07:00;1,21;236,21
29/11/2020 08:00;1,21;236,21
29/11/2020 09:00;1,22;236,22
29/11/2020 10:00;1,22;236,22
29/11/2020 11:00;1,22;236,22
29/11/2020 12:00;1,22;236,22
29/11/2020 13:00;1,22;236,22
29/11/2020 14:00;1,22;236,22
29/11/2020 15:00;1,22;236,22
29/11/2020 16:00;1,22;236,22
29/11/2020 17:00;1,22;236,22
29/11/2020 18:00;1,22;236,22
29/11/2020 19:00;1,23;236,23
29/11/2020 20:00;1,23;236,23
29/11/2020 21:00;1,23;236,23
29/11/2020 22:00;1,23;236,23
29/11/2020 23:00;1,22;236,22
30/11/2020 00:00;1,21;236,21
30/11/2020 01:00;1,21;236,21
30/11/2020 02:00;1,21;236,21
30/11/2020 03:00;1,21;236,21
30/11/2020 04:00;1,21;236,21
30/11/2020 05:00;1,21;236,21
30/11/2020 06:00;1,22;236,22
30/11/2020 07:00;1,22;236,22
30/11/2020 08:00;1,22;236,22
30/11/2020 09:00;1,22;236,22
30/11/2020 10:00;1,22;236,22
30/11/2020 11:00;1,22;236,22
30/11/2020 12:00;1,22;236,22
30/11/2020 13:00;1,22;236,22
30/11/2020 14:00;1,22;236,22
30/11/2020 15:00;1,22;236,22
30/11/2020 16:00;1,22;236,22
30/11/2020 17:00;1,22;236,22
30/11/2020 18:00;1,22;236,22
30/11/2020 19:00;1,22;236,22
30/11/2020 20:00;1,22;236,22
30/11/2020 21:00;1,22;236,22
30/11/2020 22:01;1,22;236,22
30/11/2020 23:01;1,22;236,22
01/12/2020 00:01;1,22;236,22
01/12/2020 01:01;1,22;236,22
01/12/2020 02:01;1,22;236,22
01/12/2020 03:01;1,21;236,21
01/12/2020 04:01;1,21;236,21
01/12/2020 05:01;1,21;236,21
01/12/2020 06:01;1,21;236,21
01/12/2020 07:01;1,21;236,21
01/12/2020 08:01;1,21;236,21
01/12/2020 09:01;1,21;236,21
01/12/2020 10:01;1,2;236,2
01/12/2020 11:01;1,2;236,2
01/12/2020 12:01;1,2;236,2
01/12/2020 13:01;1,2;236,2
01/12/2020 14:01;1,2;236,2
01/12/2020 15:01;1,2;236,2
01/12/2020 16:01;1,21;236,21
01/12/2020 17:01;1,21;236,21
01/12/2020 18:01;1,21;236,21
01/12/2020 19:01;1,22;236,22
01/12/2020 20:01;1,22;236,22
01/12/2020 21:01;1,21;236,21
01/12/2020 22:01;1,21;236,21
01/12/2020 23:01;1,21;236,21
02/12/2020 00:01;1,21;236,21
02/12/2020 01:01;1,2;236,2
02/12/2020 02:01;1,2;236,2
02/12/2020 03:01;1,2;236,2
02/12/2020 04:01;1,2;236,2
02/12/2020 05:00;1,2;236,2
02/12/2020 06:00;1,2;236,2
02/12/2020 07:00;1,19;236,19
02/12/2020 08:00;1,19;236,19
02/12/2020 09:00;1,19;236,19
02/12/2020 10:00;1,19;236,19
02/12/2020 11:00;1,19;236,19
02/12/2020 12:00;1,2;236,2
02/12/2020 13:00;1,2;236,2
02/12/2020 14:00;1,2;236,2
02/12/2020 15:00;1,2;236,2
02/12/2020 16:00;1,21;236,21
02/12/2020 17:00;1,21;236,21
02/12/2020 18:00;1,2;236,2
02/12/2020 19:00;1,2;236,2
02/12/2020 20:00;1,19;236,19
02/12/2020 21:00;1,19;236,19
02/12/2020 22:00;1,19;236,19
02/12/2020 23:00;1,19;236,19
03/12/2020 00:00;1,19;236,19
03/12/2020 01:00;1,2;236,2
03/12/2020 02:00;1,2;236,2
03/12/2020 03:00;1,2;236,2
03/12/2020 04:00;1,2;236,2
03/12/2020 05:00;1,2;236,2
03/12/2020 06:00;1,19;236,19
03/12/2020 07:00;1,19;236,19
03/12/2020 08:00;1,19;236,19
03/12/2020 09:00;1,19;236,19
03/12/2020 10:00;1,19;236,19
03/12/2020 11:00;1,19;236,19
03/12/2020 12:00;1,2;236,2
03/12/2020 13:00;1,2;236,2
03/12/2020 14:00;1,19;236,19
03/12/2020 15:00;1,19;236,19
03/12/2020 16:00;1,19;236,19
03/12/2020 17:00;1,19;236,19
03/12/2020 18:00;1,19;236,19
03/12/2020 19:00;1,2;236,2
03/12/2020 20:00;1,2;236,2
03/12/2020 21:00;1,19;236,19
03/12/2020 22:00;1,19;236,19
03/12/2020 23:00;1,19;236,19
04/12/2020 00:00;1,19;236,19
04/12/2020 01:00;1,19;236,19
04/12/2020 02:00;1,18;236,18
04/12/2020 03:00;1,18;236,18
04/12/2020 04:00;1,19;236,19
04/12/2020 05:00;1,19;236,19
04/12/2020 06:00;1,19;236,19
04/12/2020 07:00;1,19;236,19
04/12/2020 08:00;1,19;236,19
04/12/2020 09:00;1,2;236,2
04/12/2020 10:00;1,2;236,2
04/12/2020 11:00;1,2;236,2
04/12/2020 12:00;1,21;236,21
04/12/2020 13:00;1,21;236,21
04/12/2020 14:00;1,21;236,21
04/12/2020 15:00;1,21;236,21
04/12/2020 16:00;1,21;236,21
04/12/2020 17:00;1,21;236,21
04/12/2020 18:00;1,2;236,2
04/12/2020 19:00;1,2;236,2
04/12/2020 20:00;1,19;236,19
04/12/2020 21:00;1,19;236,19
04/12/2020 22:00;1,2;236,2
04/12/2020 23:00;1,2;236,2
05/12/2020 00:00;1,2;236,2
05/12/2020 01:00;1,2;236,2
05/12/2020 02:00;1,19;236,19
05/12/2020 03:00;1,19;236,19
05/12/2020 04:00;1,19;236,19
05/12/2020 05:00;1,19;236,19
05/12/2020 06:00;1,19;236,19
05/12/2020 07:00;1,2;236,2
05/12/2020 08:00;1,2;236,2
05/12/2020 09:00;1,2;236,2
05/12/2020 10:00;1,21;236,21
05/12/2020 11:00;1,21;236,21
05/12/2020 12:00;1,21;236,21
05/12/2020 13:00;1,21;236,21
05/12/2020 14:00;1,21;236,21
05/12/2020 15:00;1,2;236,2
05/12/2020 16:00;1,2;236,2
05/12/2020 17:00;1,2;236,2
05/12/2020 18:00;1,21;236,21
05/12/2020 19:00;1,22;236,22
05/12/2020 20:00;1,22;236,22
05/12/2020 21:00;1,22;236,22
05/12/2020 22:00;1,22;236,22
05/12/2020 23:00;1,22;236,22
06/12/2020 00:00;1,21;236,21
06/12/2020 01:00;1,2;236,2
06/12/2020 02:00;1,2;236,2
06/12/2020 03:00;1,2;236,2
06/12/2020 04:00;1,2;236,2
06/12/2020 05:00;1,21;236,21
06/12/2020 06:00;1,21;236,21
06/12/2020 07:00;1,21;236,21
06/12/2020 08:00;1,21;236,21
06/12/2020 09:00;1,21;236,21
06/12/2020 10:00;1,21;236,21
06/12/2020 11:00;1,2;236,2
06/12/2020 12:00;1,2;236,2
06/12/2020 13:00;1,21;236,21
06/12/2020 14:00;1,22;236,22
06/12/2020 15:00;1,21;236,21
06/12/2020 16:00;1,21;236,21
06/12/2020 17:00;1,21;236,21
06/12/2020 18:00;1,21;236,21
06/12/2020 19:00;1,22;236,22
06/12/2020 20:00;1,22;236,22
06/12/2020 21:00;1,22;236,22
06/12/2020 22:00;1,22;236,22
06/12/2020 23:00;1,22;236,22
07/12/2020 00:00;1,22;236,22
07/12/2020 01:00;1,22;236,22
07/12/2020 02:00;1,22;236,22
07/12/2020 03:00;1,21;236,21
07/12/2020 04:00;1,21;236,21
07/12/2020 05:00;1,21;236,21
07/12/2020 06:00;1,21;236,21
07/12/2020 07:00;1,21;236,21
07/12/2020 08:00;1,21;236,21
07/12/2020 09:00;1,21;236,21
07/12/2020 10:00;1,21;236,21
07/12/2020 11:00;1,21;236,21
07/12/2020 12:00;1,2;236,2
07/12/2020 13:00;1,2;236,2
07/12/2020 14:00;1,2;236,2
07/12/2020 15:00;1,2;236,2
07/12/2020 16:00;1,21;236,21
07/12/2020 17:00;1,21;236,21
07/12/2020 18:00;1,21;236,21
07/12/2020 19:00;1,21;236,21
07/12/2020 20:00;1,22;236,22
07/12/2020 21:00;1,21;236,21
07/12/2020 22:00;1,21;236,21
07/12/2020 23:00;1,21;236,21
08/12/2020 00:00;1,2;236,2
08/12/2020 01:00;1,2;236,2
08/12/2020 02:00;1,19;236,19
08/12/2020 03:00;1,19;236,19
08/12/2020 04:00;1,19;236,19
08/12/2020 05:00;1,19;236,19
08/12/2020 06:00;1,19;236,19
08/12/2020 07:00;1,19;236,19
08/12/2020 08:00;1,19;236,19
08/12/2020 09:00;1,19;236,19
08/12/2020 10:00;1,19;236,19
08/12/2020 11:00;1,19;236,19
08/12/2020 12:00;1,19;236,19
08/12/2020 13:00;1,2;236,2
08/12/2020 14:00;1,2;236,2
08/12/2020 15:00;1,2;236,2
08/12/2020 16:00;1,19;236,19
08/12/2020 17:00;1,19;236,19
08/12/2020 18:00;1,19;236,19
08/12/2020 19:00;1,2;236,2
08/12/2020 20:00;1,2;236,2
08/12/2020 21:00;1,21;236,21
08/12/2020 22:00;1,21;236,21
08/12/2020 23:00;1,2;236,2
09/12/2020 00:00;1,2;236,2
09/12/2020 01:00;1,2;236,2
09/12/2020 02:00;1,19;236,19
09/12/2020 03:00;1,19;236,19
09/12/2020 04:00;1,19;236,19
09/12/2020 05:00;1,19;236,19
09/12/2020 06:00;1,19;236,19
09/12/2020 07:00;1,19;236,19
09/12/2020 08:00;1,19;236,19
09/12/2020 09:00;1,19;236,19
09/12/2020 10:00;1,19;236,19
09/12/2020 11:00;1,18;236,18
09/12/2020 12:00;1,18;236,18
09/12/2020 13:00;1,18;236,18
09/12/2020 14:00;1,19;236,19
09/12/2020 15:00;1,19;236,19
09/12/2020 16:00;1,19;236,19
09/12/2020 17:00;1,19;236,19
09/12/2020 18:00;1,19;236,19
09/12/2020 19:00;1,2;236,2
09/12/2020 20:00;1,2;236,2
09/12/2020 21:00;1,2;236,2
09/12/2020 22:00;1,2;236,2
09/12/2020 23:00;1,2;236,2
10/12/2020 00:01;1,2;236,2
10/12/2020 01:00;1,19;236,19
10/12/2020 02:00;1,19;236,19
10/12/2020 03:00;1,19;236,19
10/12/2020 04:00;1,19;236,19
10/12/2020 05:01;1,18;236,18
10/12/2020 06:01;1,18;236,18
10/12/2020 07:01;1,18;236,18
10/12/2020 08:01;1,19;236,19
10/12/2020 09:01;1,18;236,18
10/12/2020 10:01;1,18;236,18
10/12/2020 11:01;1,18;236,18
10/12/2020 12:01;1,18;236,18
10/12/2020 13:01;1,17;236,17
10/12/2020 14:01;1,17;236,17
10/12/2020 15:01;1,18;236,18
10/12/2020 16:01;1,18;236,18
10/12/2020 17:01;1,17;236,17
10/12/2020 18:01;1,17;236,17
10/12/2020 19:01;1,18;236,18
10/12/2020 20:01;1,18;236,18
10/12/2020 21:01;1,18;236,18
10/12/2020 22:01;1,18;236,18
10/12/2020 23:01;1,18;236,18
11/12/2020 00:01;1,18;236,18
11/12/2020 01:01;1,18;236,18
11/12/2020 02:01;1,18;236,18
11/12/2020 03:01;1,17;236,17
11/12/2020 04:01;1,17;236,17
11/12/2020 05:01;1,18;236,18
11/12/2020 06:01;1,17;236,17
11/12/2020 07:01;1,18;236,18
11/12/2020 08:01;1,18;236,18
11/12/2020 09:01;1,18;236,18
11/12/2020 10:01;1,18;236,18
11/12/2020 11:01;1,19;236,19
11/12/2020 12:00;1,19;236,19
11/12/2020 13:00;1,2;236,2
11/12/2020 14:00;1,2;236,2
11/12/2020 15:00;1,19;236,19
11/12/2020 16:00;1,19;236,19
11/12/2020 17:00;1,19;236,19
11/12/2020 18:00;1,19;236,19
11/12/2020 19:00;1,19;236,19
11/12/2020 20:00;1,19;236,19
11/12/2020 21:00;1,19;236,19
11/12/2020 22:00;1,19;236,19
11/12/2020 23:00;1,19;236,19
12/12/2020 00:00;1,19;236,19
12/12/2020 01:00;1,19;236,19
12/12/2020 02:00;1,19;236,19
12/12/2020 03:00;1,19;236,19
12/12/2020 04:00;1,2;236,2
12/12/2020 05:00;1,2;236,2
12/12/2020 06:00;1,19;236,19
12/12/2020 07:00;1,19;236,19
12/12/2020 08:00;1,19;236,19
12/12/2020 09:00;1,2;236,2
12/12/2020 10:00;1,2;236,2
12/12/2020 11:00;1,21;236,21
12/12/2020 12:00;1,21;236,21
12/12/2020 13:00;1,22;236,22
12/12/2020 14:00;1,21;236,21
12/12/2020 15:00;1,22;236,22
12/12/2020 16:00;1,22;236,22
12/12/2020 17:00;1,21;236,21
12/12/2020 18:00;1,21;236,21
12/12/2020 19:00;1,22;236,22
12/12/2020 20:00;1,22;236,22
12/12/2020 21:00;1,22;236,22
12/12/2020 22:00;1,23;236,23
12/12/2020 23:00;1,23;236,23
13/12/2020 00:00;1,23;236,23
13/12/2020 01:00;1,23;236,23
13/12/2020 02:00;1,23;236,23
13/12/2020 03:00;1,22;236,22
13/12/2020 04:00;1,22;236,22
13/12/2020 05:00;1,22;236,22
13/12/2020 06:00;1,22;236,22
13/12/2020 07:00;1,22;236,22
13/12/2020 08:00;1,22;236,22
13/12/2020 09:00;1,22;236,22
13/12/2020 10:00;1,22;236,22
13/12/2020 11:00;1,22;236,22
13/12/2020 12:00;1,23;236,23
13/12/2020 13:00;1,23;236,23
13/12/2020 14:00;1,23;236,23
13/12/2020 15:00;1,23;236,23
13/12/2020 16:00;1,23;236,23
13/12/2020 17:00;1,22;236,22
13/12/2020 18:00;1,23;236,23
13/12/2020 19:00;1,23;236,23
13/12/2020 20:00;1,24;236,24
13/12/2020 21:00;1,24;236,24
13/12/2020 22:00;1,24;236,24
13/12/2020 23:00;1,24;236,24
14/12/2020 00:00;1,24;236,24
14/12/2020 01:00;1,24;236,24
14/12/2020 02:00;1,23;236,23
14/12/2020 03:00;1,23;236,23
14/12/2020 04:00;1,23;236,23
14/12/2020 05:00;1,23;236,23
14/12/2020 06:00;1,23;236,23
14/12/2020 07:00;1,23;236,23
14/12/2020 08:00;1,22;236,22
14/12/2020 09:00;1,22;236,22
14/12/2020 10:00;1,22;236,22
14/12/2020 11:00;1,21;236,21
14/12/2020 12:00;1,21;236,21
14/12/2020 13:00;1,21;236,21
14/12/2020 14:00;1,21;236,21
14/12/2020 15:00;1,21;236,21
14/12/2020 16:00;1,2;236,2
14/12/2020 17:00;1,2;236,2
14/12/2020 18:00;1,2;236,2
14/12/2020 19:00;1,21;236,21
14/12/2020 20:00;1,21;236,21
14/12/2020 21:00;1,21;236,21
14/12/2020 22:00;1,21;236,21
14/12/2020 23:00;1,21;236,21
15/12/2020 00:00;1,21;236,21
15/12/2020 01:00;1,21;236,21
15/12/2020 02:00;1,2;236,2
15/12/2020 03:00;1,2;236,2
15/12/2020 04:00;1,19;236,19
15/12/2020 05:00;1,18;236,18
15/12/2020 06:00;1,19;236,19
15/12/2020 07:00;1,19;236,19
15/12/2020 08:00;1,19;236,19
15/12/2020 09:00;1,19;236,19
15/12/2020 10:00;1,19;236,19
15/12/2020 11:00;1,19;236,19
15/12/2020 12:00;1,19;236,19
15/12/2020 13:00;1,19;236,19
15/12/2020 14:00;1,19;236,19
15/12/2020 15:00;1,2;236,2
15/12/2020 16:00;1,2;236,2
15/12/2020 17:00;1,2;236,2
15/12/2020 18:00;1,2;236,2
15/12/2020 19:00;1,21;236,21
15/12/2020 20:00;1,21;236,21
15/12/2020 21:00;1,21;236,21
15/12/2020 22:00;1,21;236,21
15/12/2020 23:00;1,2;236,2
16/12/2020 00:00;1,2;236,2
16/12/2020 01:00;1,2;236,2
16/12/2020 02:00;1,2;236,2
16/12/2020 03:00;1,2;236,2
16/12/2020 04:00;1,2;236,2
16/12/2020 05:00;1,21;236,21
16/12/2020 06:00;1,21;236,21
16/12/2020 07:00;1,21;236,21
16/12/2020 08:00;1,21;236,21
16/12/2020 09:00;1,21;236,21
16/12/2020 10:00;1,21;236,21
16/12/2020 11:00;1,21;236,21
16/12/2020 12:00;1,21;236,21
16/12/2020 13:00;1,21;236,21
16/12/2020 14:00;1,21;236,21
16/12/2020 15:00;1,21;236,21
16/12/2020 16:00;1,21;236,21
16/12/2020 17:00;1,21;236,21
16/12/2020 18:00;1,21;236,21
16/12/2020 19:00;1,2;236,2
16/12/2020 20:00;1,2;236,2
16/12/2020 21:00;1,2;236,2
16/12/2020 22:00;1,2;236,2
16/12/2020 23:00;1,2;236,2
17/12/2020 00:00;1,2;236,2
17/12/2020 01:00;1,19;236,19
17/12/2020 02:00;1,19;236,19
17/12/2020 03:00;1,19;236,19
17/12/2020 04:00;1,19;236,19
17/12/2020 05:00;1,2;236,2
17/12/2020 06:00;1,2;236,2
17/12/2020 07:00;1,2;236,2
17/12/2020 08:00;1,2;236,2
17/12/2020 09:00;1,2;236,2
17/12/2020 10:00;1,2;236,2
17/12/2020 11:00;1,2;236,2
17/12/2020 12:00;1,2;236,2
17/12/2020 13:00;1,2;236,2
17/12/2020 14:00;1,21;236,21
17/12/2020 15:00;1,21;236,21
17/12/2020 16:00;1,21;236,21
17/12/2020 17:00;1,21;236,21
17/12/2020 18:00;1,21;236,21
17/12/2020 19:00;1,21;236,21
17/12/2020 20:00;1,21;236,21
17/12/2020 21:00;1,21;236,21
17/12/2020 22:00;1,21;236,21
17/12/2020 23:00;1,21;236,21
18/12/2020 00:00;1,21;236,21
18/12/2020 01:00;1,2;236,2
18/12/2020 02:00;1,21;236,21
18/12/2020 03:00;1,2;236,2
18/12/2020 04:00;1,2;236,2
18/12/2020 05:00;1,2;236,2
18/12/2020 06:00;1,2;236,2
18/12/2020 07:00;1,2;236,2
18/12/2020 08:00;1,19;236,19
18/12/2020 09:00;1,19;236,19
18/12/2020 10:00;1,19;236,19
18/12/2020 11:00;1,19;236,19
18/12/2020 12:00;1,2;236,2
18/12/2020 13:00;1,21;236,21
18/12/2020 14:00;1,21;236,21
18/12/2020 15:00;1,21;236,21
18/12/2020 16:00;1,21;236,21
18/12/2020 17:00;1,21;236,21
18/12/2020 18:00;1,21;236,21
18/12/2020 19:00;1,21;236,21
18/12/2020 20:00;1,21;236,21
18/12/2020 21:00;1,21;236,21
18/12/2020 22:00;1,21;236,21
18/12/2020 23:00;1,21;236,21
19/12/2020 00:00;1,2;236,2
19/12/2020 01:00;1,21;236,21
19/12/2020 02:00;1,19;236,19
19/12/2020 03:00;1,19;236,19
19/12/2020 04:00;1,19;236,19
19/12/2020 05:00;1,19;236,19
19/12/2020 06:00;1,18;236,18
19/12/2020 07:00;1,18;236,18
19/12/2020 08:00;1,19;236,19
19/12/2020 09:00;1,19;236,19
19/12/2020 10:01;1,19;236,19
19/12/2020 11:01;1,2;236,2
19/12/2020 12:01;1,2;236,2
19/12/2020 13:01;1,21;236,21
19/12/2020 14:01;1,21;236,21
19/12/2020 15:01;1,21;236,21
19/12/2020 16:01;1,21;236,21
19/12/2020 17:01;1,21;236,21
19/12/2020 18:01;1,21;236,21
19/12/2020 19:01;1,21;236,21
19/12/2020 20:01;1,21;236,21
19/12/2020 21:01;1,22;236,22
19/12/2020 22:01;1,22;236,22
19/12/2020 23:01;1,22;236,22
20/12/2020 00:01;1,22;236,22
20/12/2020 01:01;1,21;236,21
20/12/2020 02:01;1,21;236,21
20/12/2020 03:01;1,21;236,21
20/12/2020 04:01;1,21;236,21
20/12/2020 05:01;1,21;236,21
20/12/2020 06:01;1,21;236,21
20/12/2020 07:01;1,21;236,21
20/12/2020 08:01;1,21;236,21
20/12/2020 09:01;1,21;236,21
20/12/2020 10:01;1,22;236,22
20/12/2020 11:01;1,22;236,22
20/12/2020 12:01;1,22;236,22
20/12/2020 13:01;1,21;236,21
20/12/2020 14:01;1,21;236,21
20/12/2020 15:01;1,21;236,21
20/12/2020 16:01;1,21;236,21
20/12/2020 17:00;1,22;236,22
20/12/2020 18:00;1,22;236,22
20/12/2020 19:00;1,22;236,22
20/12/2020 20:00;1,22;236,22
20/12/2020 21:00;1,22;236,22
20/12/2020 22:00;1,22;236,22
20/12/2020 23:00;1,22;236,22
21/12/2020 00:00;1,21;236,21
21/12/2020 01:00;1,21;236,21
21/12/2020 02:00;1,21;236,21
21/12/2020 03:00;1,2;236,2
21/12/2020 04:00;1,21;236,21
21/12/2020 05:00;1,21;236,21
21/12/2020 06:00;1,21;236,21
21/12/2020 07:00;1,21;236,21
21/12/2020 08:00;1,21;236,21
21/12/2020 09:00;1,21;236,21
21/12/2020 10:00;1,21;236,21
21/12/2020 11:00;1,21;236,21
21/12/2020 12:00;1,21;236,21
21/12/2020 13:00;1,21;236,21
21/12/2020 14:00;1,21;236,21
21/12/2020 15:00;1,2;236,2
21/12/2020 16:00;1,2;236,2
21/12/2020 17:00;1,2;236,2
21/12/2020 18:00;1,2;236,2
21/12/2020 19:00;1,2;236,2
21/12/2020 20:00;1,2;236,2
21/12/2020 21:00;1,2;236,2
21/12/2020 22:00;1,2;236,2
21/12/2020 23:00;1,2;236,2
22/12/2020 00:00;1,2;236,2
22/12/2020 01:00;1,2;236,2
22/12/2020 02:00;1,2;236,2
22/12/2020 03:00;1,2;236,2
22/12/2020 04:00;1,2;236,2
22/12/2020 05:00;1,2;236,2
22/12/2020 06:00;1,19;236,19
22/12/2020 07:00;1,19;236,19
22/12/2020 08:00;1,19;236,19
22/12/2020 09:00;1,19;236,19
22/12/2020 10:00;1,19;236,19
22/12/2020 11:00;1,19;236,19
22/12/2020 12:00;1,19;236,19
22/12/2020 13:00;1,2;236,2
22/12/2020 14:00;1,2;236,2
22/12/2020 15:00;1,2;236,2
22/12/2020 16:00;1,2;236,2
22/12/2020 17:00;1,2;236,2
22/12/2020 18:00;1,2;236,2
22/12/2020 19:00;1,21;236,21
22/12/2020 20:00;1,2;236,2
22/12/2020 21:00;1,2;236,2
22/12/2020 22:00;1,2;236,2
22/12/2020 23:00;1,2;236,2
23/12/2020 00:00;1,2;236,2
23/12/2020 01:00;1,19;236,19
23/12/2020 02:00;1,19;236,19
23/12/2020 03:00;1,19;236,19
23/12/2020 04:00;1,18;236,18
23/12/2020 05:00;1,19;236,19
23/12/2020 06:00;1,19;236,19
23/12/2020 07:00;1,19;236,19
23/12/2020 08:00;1,19;236,19
23/12/2020 09:00;1,19;236,19
23/12/2020 10:00;1,19;236,19
23/12/2020 11:00;1,18;236,18
23/12/2020 12:00;1,19;236,19
23/12/2020 13:00;1,19;236,19
23/12/2020 14:00;1,19;236,19
23/12/2020 15:00;1,19;236,19
23/12/2020 16:00;1,2;236,2
23/12/2020 17:00;1,2;236,2
23/12/2020 18:00;1,2;236,2
23/12/2020 19:00;1,19;236,19
23/12/2020 20:00;1,19;236,19
23/12/2020 21:00;1,19;236,19
23/12/2020 22:00;1,19;236,19
23/12/2020 23:00;1,19;236,19
24/12/2020 00:00;1,19;236,19
24/12/2020 01:00;1,19;236,19
24/12/2020 02:00;1,19;236,19
24/12/2020 03:00;1,19;236,19
24/12/2020 04:00;1,19;236,19
24/12/2020 05:00;1,19;236,19
24/12/2020 06:00;1,19;236,19
24/12/2020 07:00;1,19;236,19
24/12/2020 08:00;1,19;236,19
24/12/2020 09:00;1,19;236,19
24/12/2020 10:00;1,18;236,18
24/12/2020 11:00;1,18;236,18
24/12/2020 12:00;1,18;236,18
24/12/2020 13:00;1,19;236,19
24/12/2020 14:00;1,19;236,19
24/12/2020 15:00;1,19;236,19
24/12/2020 16:00;1,19;236,19
24/12/2020 17:00;1,2;236,2
24/12/2020 18:00;1,2;236,2
24/12/2020 19:00;1,2;236,2
24/12/2020 20:00;1,2;236,2
24/12/2020 21:00;1,2;236,2
24/12/2020 22:00;1,2;236,2
24/12/2020 23:00;1,21;236,21
25/12/2020 00:00;1,21;236,21
25/12/2020 01:00;1,2;236,2
25/12/2020 02:00;1,2;236,2
25/12/2020 03:00;1,21;236,21
25/12/2020 04:00;1,2;236,2
25/12/2020 05:00;1,2;236,2
25/12/2020 06:00;1,2;236,2
25/12/2020 07:00;1,2;236,2
25/12/2020 08:00;1,2;236,2
25/12/2020 09:00;1,2;236,2
25/12/2020 10:00;1,2;236,2
25/12/2020 11:00;1,2;236,2
25/12/2020 12:00;1,2;236,2
25/12/2020 13:00;1,2;236,2
25/12/2020 14:00;1,2;236,2
25/12/2020 15:00;1,21;236,21
25/12/2020 16:00;1,21;236,21
25/12/2020 17:00;1,22;236,22
25/12/2020 18:00;1,22;236,22
25/12/2020 19:00;1,22;236,22
25/12/2020 20:00;1,22;236,22
25/12/2020 21:00;1,21;236,21
25/12/2020 22:00;1,21;236,21
25/12/2020 23:00;1,21;236,21
26/12/2020 00:00;1,21;236,21
26/12/2020 01:00;1,21;236,21
26/12/2020 02:00;1,21;236,21
26/12/2020 03:00;1,21;236,21
26/12/2020 04:00;1,21;236,21
26/12/2020 05:00;1,21;236,21
26/12/2020 06:00;1,21;236,21
26/12/2020 07:00;1,2;236,2
26/12/2020 08:00;1,2;236,2
26/12/2020 09:00;1,2;236,2
26/12/2020 10:00;1,2;236,2
26/12/2020 11:00;1,2;236,2
26/12/2020 12:00;1,2;236,2
26/12/2020 13:00;1,2;236,2
26/12/2020 14:00;1,2;236,2
26/12/2020 15:00;1,2;236,2
26/12/2020 16:00;1,19;236,19
26/12/2020 17:00;1,19;236,19
26/12/2020 18:00;1,19;236,19
26/12/2020 19:00;1,19;236,19
26/12/2020 20:00;1,19;236,19
26/12/2020 21:00;1,19;236,19
26/12/2020 22:00;1,2;236,2
26/12/2020 23:00;1,2;236,2
27/12/2020 00:00;1,21;236,21
27/12/2020 01:00;1,21;236,21
27/12/2020 02:00;1,2;236,2
27/12/2020 03:00;1,21;236,21
27/12/2020 04:00;1,21;236,21
27/12/2020 05:00;1,2;236,2
27/12/2020 06:00;1,2;236,2
27/12/2020 07:00;1,19;236,19
27/12/2020 08:00;1,19;236,19
27/12/2020 09:00;1,19;236,19
27/12/2020 10:00;1,19;236,19
27/12/2020 11:00;1,19;236,19
27/12/2020 12:00;1,19;236,19
27/12/2020 13:00;1,2;236,2
27/12/2020 14:00;1,2;236,2
27/12/2020 15:00;1,2;236,2
27/12/2020 16:00;1,2;236,2
27/12/2020 17:00;1,2;236,2
27/12/2020 18:00;1,19;236,19
27/12/2020 19:00;1,2;236,2
27/12/2020 20:00;1,2;236,2
27/12/2020 21:00;1,21;236,21
27/12/2020 22:00;1,21;236,21
27/12/2020 23:00;1,21;236,21
28/12/2020 00:00;1,21;236,21
28/12/2020 01:00;1,21;236,21
28/12/2020 02:00;1,21;236,21
28/12/2020 03:00;1,2;236,2
28/12/2020 04:00;1,2;236,2
28/12/2020 05:00;1,2;236,2
28/12/2020 06:00;1,2;236,2
28/12/2020 07:00;1,2;236,2
28/12/2020 08:00;1,2;236,2
28/12/2020 09:00;1,2;236,2
28/12/2020 10:00;1,2;236,2
28/12/2020 11:00;1,2;236,2
28/12/2020 12:00;1,2;236,2
28/12/2020 13:00;1,21;236,21
28/12/2020 14:00;1,21;236,21
28/12/2020 15:00;1,21;236,21
28/12/2020 16:00;1,21;236,21
28/12/2020 17:00;1,21;236,21
28/12/2020 18:01;1,2;236,2
28/12/2020 19:01;1,2;236,2
28/12/2020 20:01;1,2;236,2
28/12/2020 21:01;1,2;236,2
28/12/2020 22:01;1,2;236,2
28/12/2020 23:01;1,2;236,2
29/12/2020 00:01;1,2;236,2
29/12/2020 01:01;1,19;236,19
29/12/2020 02:01;1,19;236,19
29/12/2020 03:01;1,19;236,19
29/12/2020 04:01;1,19;236,19
29/12/2020 05:01;1,19;236,19
29/12/2020 06:01;1,19;236,19
29/12/2020 07:01;1,19;236,19
29/12/2020 08:01;1,19;236,19
29/12/2020 09:01;1,19;236,19
29/12/2020 10:01;1,19;236,19
29/12/2020 11:01;1,2;236,2
29/12/2020 12:01;1,2;236,2
29/12/2020 13:01;1,2;236,2
29/12/2020 14:01;1,21;236,21
29/12/2020 15:01;1,21;236,21
29/12/2020 16:01;1,21;236,21
29/12/2020 17:01;1,21;236,21
29/12/2020 18:01;1,2;236,2
29/12/2020 19:01;1,19;236,19
29/12/2020 20:01;1,19;236,19
29/12/2020 21:01;1,19;236,19
29/12/2020 22:01;1,19;236,19
29/12/2020 23:01;1,19;236,19
30/12/2020 00:01;1,19;236,19
30/12/2020 01:01;1,19;236,19
30/12/2020 02:00;1,19;236,19
30/12/2020 03:00;1,18;236,18
30/12/2020 04:00;1,18;236,18
30/12/2020 05:00;1,18;236,18
30/12/2020 06:00;1,18;236,18
30/12/2020 07:00;1,18;236,18
30/12/2020 08:00;1,18;236,18
30/12/2020 09:00;1,18;236,18
30/12/2020 10:00;1,18;236,18
30/12/2020 11:00;1,19;236,19
30/12/2020 12:00;1,19;236,19
30/12/2020 13:00;1,19;236,19
30/12/2020 14:00;1,19;236,19
30/12/2020 15:00;1,19;236,19
30/12/2020 16:00;1,19;236,19
30/12/2020 17:00;1,19;236,19
30/12/2020 18:00;1,2;236,2
30/12/2020 19:00;1,2;236,2
30/12/2020 20:00;1,2;236,2
30/12/2020 21:00;1,2;236,2
30/12/2020 22:00;1,2;236,2
30/12/2020 23:00;1,2;236,2
31/12/2020 00:00;1,2;236,2
31/12/2020 01:00;1,2;236,2
31/12/2020 02:00;1,2;236,2
31/12/2020 03:00;1,2;236,2
31/12/2020 04:00;1,2;236,2
31/12/2020 05:00;1,19;236,19
31/12/2020 06:00;1,19;236,19
31/12/2020 07:00;1,19;236,19
31/12/2020 08:00;1,19;236,19
31/12/2020 09:00;1,19;236,19
31/12/2020 10:00;1,19;236,19
31/12/2020 11:00;1,19;236,19
31/12/2020 12:00;1,19;236,19
31/12/2020 13:00;1,19;236,19
31/12/2020 14:00;1,19;236,19
31/12/2020 15:00;1,19;236,19
31/12/2020 16:00;1,19;236,19
31/12/2020 17:00;1,2;236,2
31/12/2020 18:00;1,2;236,2
31/12/2020 19:00;1,19;236,19
31/12/2020 20:00;1,19;236,19
31/12/2020 21:00;1,19;236,19
31/12/2020 22:00;1,19;236,19
31/12/2020 23:00;1,18;236,18
01/01/2021 00:00;1,18;236,18
01/01/2021 01:00;1,18;236,18
01/01/2021 02:00;1,18;236,18
01/01/2021 03:00;1,18;236,18
01/01/2021 04:00;1,18;236,18
01/01/2021 05:00;1,18;236,18
01/01/2021 06:00;1,19;236,19
01/01/2021 07:00;1,19;236,19
01/01/2021 08:00;1,19;236,19
01/01/2021 09:00;1,2;236,2
01/01/2021 10:00;1,2;236,2
01/01/2021 11:00;1,2;236,2
01/01/2021 12:00;1,2;236,2
01/01/2021 13:00;1,21;236,21
01/01/2021 14:00;1,21;236,21
01/01/2021 15:00;1,21;236,21
01/01/2021 16:00;1,22;236,22
01/01/2021 17:00;1,22;236,22
01/01/2021 18:00;1,22;236,22
01/01/2021 19:00;1,22;236,22
01/01/2021 20:00;1,22;236,22
01/01/2021 21:00;1,21;236,21
01/01/2021 22:00;1,21;236,21
01/01/2021 23:00;1,21;236,21
02/01/2021 00:00;1,21;236,21
02/01/2021 01:00;1,21;236,21
02/01/2021 02:00;1,21;236,21
02/01/2021 03:00;1,21;236,21
02/01/2021 04:00;1,21;236,21
02/01/2021 05:00;1,21;236,21
02/01/2021 06:00;1,21;236,21
02/01/2021 07:00;1,21;236,21
02/01/2021 08:00;1,21;236,21
02/01/2021 09:00;1,21;236,21
02/01/2021 10:00;1,22;236,22
02/01/2021 11:00;1,21;236,21
02/01/2021 12:00;1,21;236,21
02/01/2021 13:00;1,21;236,21
02/01/2021 14:00;1,2;236,2
02/01/2021 15:00;1,2;236,2
02/01/2021 16:00;1,2;236,2
02/01/2021 17:00;1,2;236,2
02/01/2021 18:00;1,2;236,2
02/01/2021 19:00;1,2;236,2
02/01/2021 20:00;1,2;236,2
02/01/2021 21:00;1,21;236,21
02/01/2021 22:00;1,21;236,21
02/01/2021 23:00;1,21;236,21
03/01/2021 00:00;1,2;236,2
03/01/2021 01:00;1,2;236,2
03/01/2021 02:00;1,2;236,2
03/01/2021 03:00;1,21;236,21
03/01/2021 04:00;1,21;236,21
03/01/2021 05:00;1,21;236,21
03/01/2021 06:00;1,21;236,21
03/01/2021 07:00;1,21;236,21
03/01/2021 08:00;1,21;236,21
03/01/2021 09:00;1,21;236,21
03/01/2021 10:00;1,21;236,21
03/01/2021 11:00;1,21;236,21
03/01/2021 12:00;1,21;236,21
03/01/2021 13:00;1,21;236,21
03/01/2021 14:00;1,22;236,22
03/01/2021 15:00;1,22;236,22
03/01/2021 16:00;1,21;236,21
03/01/2021 17:00;1,21;236,21
03/01/2021 18:00;1,2;236,2
03/01/2021 19:00;1,2;236,2
03/01/2021 20:00;1,2;236,2
03/01/2021 21:00;1,2;236,2
03/01/2021 22:00;1,21;236,21
03/01/2021 23:00;1,21;236,21
04/01/2021 00:00;1,21;236,21
04/01/2021 01:00;1,21;236,21
04/01/2021 02:00;1,21;236,21
04/01/2021 03:00;1,2;236,2
04/01/2021 04:00;1,21;236,21
04/01/2021 05:00;1,2;236,2
04/01/2021 06:00;1,2;236,2
04/01/2021 07:00;1,21;236,21
04/01/2021 08:00;1,21;236,21
04/01/2021 09:00;1,21;236,21
04/01/2021 10:00;1,21;236,21
04/01/2021 11:00;1,2;236,2
04/01/2021 12:00;1,19;236,19
04/01/2021 13:00;1,19;236,19
04/01/2021 14:00;1,19;236,19
04/01/2021 15:00;1,19;236,19
04/01/2021 16:00;1,19;236,19
04/01/2021 17:00;1,19;236,19
04/01/2021 18:00;1,19;236,19
04/01/2021 19:00;1,19;236,19
04/01/2021 20:00;1,2;236,2
04/01/2021 21:00;1,2;236,2
04/01/2021 22:00;1,21;236,21
04/01/2021 23:00;1,21;236,21
05/01/2021 00:00;1,21;236,21
05/01/2021 01:00;1,2;236,2
05/01/2021 02:00;1,2;236,2
05/01/2021 03:00;1,2;236,2
05/01/2021 04:00;1,2;236,2
05/01/2021 05:00;1,2;236,2
05/01/2021 06:00;1,2;236,2
05/01/2021 07:00;1,2;236,2
05/01/2021 08:00;1,2;236,2
05/01/2021 09:00;1,2;236,2
05/01/2021 10:00;1,2;236,2
05/01/2021 11:00;1,21;236,21
05/01/2021 12:00;1,22;236,22
05/01/2021 13:00;1,22;236,22
05/01/2021 14:00;1,22;236,22
05/01/2021 15:00;1,23;236,23
05/01/2021 16:00;1,23;236,23
05/01/2021 17:00;1,22;236,22
05/01/2021 18:00;1,22;236,22
05/01/2021 19:00;1,22;236,22
05/01/2021 20:00;1,22;236,22
05/01/2021 21:00;1,22;236,22
05/01/2021 22:00;1,22;236,22
05/01/2021 23:00;1,22;236,22
06/01/2021 00:00;1,22;236,22
06/01/2021 01:00;1,22;236,22
06/01/2021 02:00;1,22;236,22
06/01/2021 03:00;1,22;236,22
06/01/2021 04:00;1,21;236,21
06/01/2021 05:00;1,21;236,21
06/01/2021 06:00;1,21;236,21
06/01/2021 07:00;1,21;236,21
06/01/2021 08:00;1,2;236,2
06/01/2021 09:00;1,2;236,2
06/01/2021 10:00;1,21;236,21
06/01/2021 11:00;1,21;236,21
06/01/2021 12:00;1,21;236,21
06/01/2021 13:00;1,22;236,22
06/01/2021 14:00;1,22;236,22
06/01/2021 15:00;1,21;236,21
06/01/2021 16:00;1,22;236,22
06/01/2021 17:00;1,22;236,22
06/01/2021 18:00;1,22;236,22
06/01/2021 19:00;1,22;236,22
06/01/2021 20:00;1,21;236,21
06/01/2021 21:00;1,22;236,22
06/01/2021 22:00;1,22;236,22
06/01/2021 23:00;1,22;236,22
07/01/2021 00:01;1,22;236,22
07/01/2021 01:01;1,22;236,22
07/01/2021 02:01;1,21;236,21
07/01/2021 03:01;1,21;236,21
07/01/2021 04:01;1,2;236,2
07/01/2021 05:01;1,2;236,2
07/01/2021 06:01;1,2;236,2
07/01/2021 07:01;1,2;236,2
07/01/2021 08:01;1,2;236,2
07/01/2021 09:01;1,2;236,2
07/01/2021 10:01;1,2;236,2
07/01/2021 11:01;1,2;236,2
07/01/2021 12:01;1,2;236,2
07/01/2021 13:01;1,2;236,2
07/01/2021 14:01;1,2;236,2
07/01/2021 15:01;1,2;236,2
07/01/2021 16:01;1,2;236,2
07/01/2021 17:01;1,2;236,2
07/01/2021 18:01;1,21;236,21
07/01/2021 19:01;1,21;236,21
07/01/2021 20:01;1,21;236,21
07/01/2021 21:01;1,21;236,21
07/01/2021 22:01;1,2;236,2
07/01/2021 23:01;1,2;236,2
08/01/2021 00:01;1,2;236,2
08/01/2021 01:01;1,19;236,19
08/01/2021 02:01;1,19;236,19
08/01/2021 03:01;1,19;236,19
08/01/2021 04:01;1,19;236,19
08/01/2021 05:01;1,19;236,19
08/01/2021 06:01;1,19;236,19
08/01/2021 07:00;1,19;236,19
08/01/2021 08:00;1,18;236,18
08/01/2021 09:00;1,18;236,18
08/01/2021 10:00;1,18;236,18
08/01/2021 11:00;1,17;236,17
08/01/2021 12:00;1,18;236,18
08/01/2021 13:00;1,18;236,18
08/01/2021 14:00;1,18;236,18
08/01/2021 15:00;1,18;236,18
08/01/2021 16:00;1,18;236,18
08/01/2021 17:00;1,18;236,18
08/01/2021 18:00;1,18;236,18
08/01/2021 19:00;1,18;236,18
08/01/2021 20:00;1,18;236,18
08/01/2021 21:00;1,18;236,18
08/01/2021 22:00;1,19;236,19
08/01/2021 23:00;1,18;236,18
09/01/2021 00:00;1,18;236,18
09/01/2021 01:00;1,18;236,18
09/01/2021 02:00;1,18;236,18
09/01/2021 03:00;1,18;236,18
09/01/2021 04:00;1,18;236,18
09/01/2021 05:00;1,18;236,18
09/01/2021 06:00;1,18;236,18
09/01/2021 07:00;1,18;236,18
09/01/2021 08:00;1,17;236,17
09/01/2021 09:00;1,17;236,17
09/01/2021 10:00;1,17;236,17
09/01/2021 11:00;1,18;236,18
09/01/2021 12:00;1,18;236,18
09/01/2021 13:00;1,19;236,19
09/01/2021 14:00;1,19;236,19
09/01/2021 15:00;1,19;236,19
09/01/2021 16:00;1,19;236,19
09/01/2021 17:00;1,19;236,19
09/01/2021 18:00;1,19;236,19
09/01/2021 19:00;1,19;236,19
09/01/2021 20:00;1,19;236,19
09/01/2021 21:00;1,19;236,19
09/01/2021 22:00;1,19;236,19
09/01/2021 23:00;1,19;236,19
10/01/2021 00:00;1,19;236,19
10/01/2021 01:00;1,19;236,19
10/01/2021 02:00;1,19;236,19
10/01/2021 03:00;1,19;236,19
10/01/2021 04:00;1,19;236,19
10/01/2021 05:00;1,19;236,19
10/01/2021 06:00;1,18;236,18
10/01/2021 07:00;1,18;236,18
10/01/2021 08:00;1,18;236,18
10/01/2021 09:00;1,18;236,18
10/01/2021 10:00;1,17;236,17
10/01/2021 11:00;1,17;236,17
10/01/2021 12:00;1,17;236,17
10/01/2021 13:00;1,17;236,17
10/01/2021 14:00;1,17;236,17
10/01/2021 15:00;1,18;236,18
10/01/2021 16:00;1,18;236,18
10/01/2021 17:00;1,19;236,19
10/01/2021 18:00;1,19;236,19
10/01/2021 19:00;1,19;236,19
10/01/2021 20:00;1,19;236,19
10/01/2021 21:00;1,18;236,18
10/01/2021 22:00;1,18;236,18
10/01/2021 23:00;1,19;236,19
11/01/2021 00:00;1,18;236,18
11/01/2021 01:00;1,18;236,18
11/01/2021 02:00;1,18;236,18
11/01/2021 03:00;1,18;236,18
11/01/2021 04:00;1,17;236,17
11/01/2021 05:00;1,17;236,17
11/01/2021 06:00;1,17;236,17
11/01/2021 07:00;1,17;236,17
11/01/2021 08:00;1,17;236,17
11/01/2021 09:00;1,17;236,17
11/01/2021 10:00;1,18;236,18
11/01/2021 11:00;1,19;236,19
11/01/2021 12:00;1,19;236,19
11/01/2021 13:00;1,19;236,19
11/01/2021 14:00;1,19;236,19
11/01/2021 15:00;1,18;236,18
11/01/2021 16:00;1,17;236,17
11/01/2021 17:00;1,18;236,18
11/01/2021 18:00;1,18;236,18
11/01/2021 19:00;1,19;236,19
11/01/2021 20:00;1,19;236,19
11/01/2021 21:00;1,2;236,2
11/01/2021 22:00;1,2;236,2
11/01/2021 23:00;1,19;236,19
12/01/2021 00:00;1,19;236,19
12/01/2021 01:00;1,19;236,19
12/01/2021 02:00;1,19;236,19
12/01/2021 03:00;1,19;236,19
12/01/2021 04:00;1,19;236,19
12/01/2021 05:00;1,18;236,18
12/01/2021 06:00;1,18;236,18
12/01/2021 07:00;1,18;236,18
12/01/2021 08:00;1,18;236,18
12/01/2021 09:00;1,18;236,18
12/01/2021 10:00;1,19;236,19
12/01/2021 11:00;1,19;236,19
12/01/2021 12:00;1,19;236,19
12/01/2021 13:00;1,19;236,19
12/01/2021 14:00;1,19;236,19
12/01/2021 15:00;1,19;236,19
12/01/2021 16:00;1,19;236,19
12/01/2021 17:00;1,19;236,19
12/01/2021 18:00;1,19;236,19
12/01/2021 19:00;1,19;236,19
12/01/2021 20:00;1,19;236,19
12/01/2021 21:00;1,19;236,19
12/01/2021 22:00;1,19;236,19
12/01/2021 23:00;1,19;236,19
13/01/2021 00:00;1,19;236,19
13/01/2021 01:00;1,19;236,19
13/01/2021 02:00;1,2;236,2
13/01/2021 03:00;1,2;236,2
13/01/2021 04:00;1,2;236,2
13/01/2021 05:00;1,19;236,19
13/01/2021 06:00;1,19;236,19
13/01/2021 07:00;1,19;236,19
13/01/2021 08:00;1,19;236,19
13/01/2021 09:00;1,19;236,19
13/01/2021 10:00;1,19;236,19
13/01/2021 11:00;1,18;236,18
13/01/2021 12:00;1,18;236,18
13/01/2021 13:00;1,18;236,18
13/01/2021 14:00;1,18;236,18
13/01/2021 15:00;1,18;236,18
13/01/2021 16:00;1,19;236,19
13/01/2021 17:00;1,19;236,19
13/01/2021 18:00;1,19;236,19
13/01/2021 19:00;1,19;236,19
13/01/2021 20:00;1,19;236,19
13/01/2021 21:00;1,2;236,2
13/01/2021 22:00;1,2;236,2
13/01/2021 23:00;1,2;236,2
14/01/2021 00:00;1,2;236,2
14/01/2021 01:00;1,2;236,2
14/01/2021 02:00;1,2;236,2
14/01/2021 03:00;1,19;236,19
14/01/2021 04:00;1,19;236,19
14/01/2021 05:00;1,2;236,2
14/01/2021 06:00;1,2;236,2
14/01/2021 07:00;1,2;236,2
14/01/2021 08:00;1,2;236,2
14/01/2021 09:00;1,2;236,2
14/01/2021 10:00;1,2;236,2
14/01/2021 11:00;1,2;236,2
14/01/2021 12:00;1,2;236,2
14/01/2021 13:00;1,2;236,2
14/01/2021 14:00;1,2;236,2
14/01/2021 15:00;1,22;236,22
14/01/2021 16:00;1,25;236,25
14/01/2021 17:00;1,29;236,29
14/01/2021 18:00;1,32;236,32
14/01/2021 19:00;1,33;236,33
14/01/2021 20:00;1,33;236,33
14/01/2021 21:00;1,32;236,32
14/01/2021 22:00;1,3;236,3
14/01/2021 23:00;1,28;236,28
15/01/2021 00:00;1,26;236,26
15/01/2021 01:00;1,25;236,25
15/01/2021 02:00;1,24;236,24
15/01/2021 03:00;1,23;236,23
15/01/2021 04:00;1,23;236,23
15/01/2021 05:00;1,22;236,22
15/01/2021 06:00;1,22;236,22
15/01/2021 07:00;1,22;236,22
15/01/2021 08:00;1,21;236,21
15/01/2021 09:00;1,21;236,21
15/01/2021 10:00;1,21;236,21
15/01/2021 11:00;1,21;236,21
15/01/2021 12:00;1,21;236,21
15/01/2021 13:00;1,2;236,2
15/01/2021 14:00;1,2;236,2
15/01/2021 15:00;1,2;236,2
15/01/2021 16:00;1,2;236,2
15/01/2021 17:00;1,2;236,2
15/01/2021 18:00;1,2;236,2
15/01/2021 19:00;1,2;236,2
15/01/2021 20:00;1,2;236,2
15/01/2021 21:00;1,2;236,2
15/01/2021 22:00;1,21;236,21
15/01/2021 23:00;1,2;236,2
16/01/2021 00:00;1,2;236,2
16/01/2021 01:00;1,2;236,2
16/01/2021 02:00;1,2;236,2
16/01/2021 03:00;1,2;236,2
16/01/2021 04:00;1,19;236,19
16/01/2021 05:00;1,2;236,2
16/01/2021 06:00;1,2;236,2
16/01/2021 07:01;1,2;236,2
16/01/2021 08:01;1,2;236,2
16/01/2021 09:01;1,2;236,2
16/01/2021 10:01;1,2;236,2
16/01/2021 11:01;1,2;236,2
16/01/2021 12:01;1,2;236,2
16/01/2021 13:01;1,2;236,2
16/01/2021 14:01;1,2;236,2
16/01/2021 15:01;1,2;236,2
16/01/2021 16:01;1,21;236,21
16/01/2021 17:01;1,21;236,21
16/01/2021 18:01;1,21;236,21
16/01/2021 19:01;1,21;236,21
16/01/2021 20:01;1,21;236,21
16/01/2021 21:01;1,21;236,21
16/01/2021 22:01;1,21;236,21
16/01/2021 23:01;1,21;236,21
17/01/2021 00:01;1,21;236,21
17/01/2021 01:01;1,21;236,21
17/01/2021 02:01;1,21;236,21
17/01/2021 03:01;1,21;236,21
17/01/2021 04:01;1,21;236,21
17/01/2021 05:01;1,21;236,21
17/01/2021 06:01;1,2;236,2
17/01/2021 07:01;1,21;236,21
17/01/2021 08:01;1,21;236,21
17/01/2021 09:01;1,2;236,2
17/01/2021 10:01;1,2;236,2
17/01/2021 11:01;1,19;236,19
17/01/2021 12:01;1,19;236,19
17/01/2021 13:01;1,2;236,2
17/01/2021 14:01;1,2;236,2
17/01/2021 15:01;1,2;236,2
17/01/2021 16:00;1,2;236,2
17/01/2021 17:00;1,2;236,2
17/01/2021 18:00;1,2;236,2
17/01/2021 19:00;1,2;236,2
17/01/2021 20:00;1,19;236,19
17/01/2021 21:00;1,2;236,2
17/01/2021 22:00;1,2;236,2
17/01/2021 23:00;1,2;236,2
18/01/2021 00:00;1,21;236,21
18/01/2021 01:00;1,21;236,21
18/01/2021 02:00;1,22;236,22
18/01/2021 03:00;1,21;236,21
18/01/2021 04:00;1,21;236,21
18/01/2021 05:00;1,21;236,21
18/01/2021 06:00;1,21;236,21
18/01/2021 07:00;1,21;236,21
18/01/2021 08:00;1,22;236,22
18/01/2021 09:00;1,22;236,22
18/01/2021 10:00;1,22;236,22
18/01/2021 11:00;1,21;236,21
18/01/2021 12:00;1,21;236,21
18/01/2021 13:00;1,2;236,2
18/01/2021 14:00;1,2;236,2
18/01/2021 15:00;1,2;236,2
18/01/2021 16:00;1,2;236,2
18/01/2021 17:00;1,2;236,2
18/01/2021 18:00;1,2;236,2
18/01/2021 19:00;1,2;236,2
18/01/2021 20:00;1,2;236,2
18/01/2021 21:00;1,2;236,2
18/01/2021 22:00;1,2;236,2
18/01/2021 23:00;1,2;236,2
19/01/2021 00:00;1,2;236,2
19/01/2021 01:00;1,2;236,2
19/01/2021 02:00;1,19;236,19
19/01/2021 03:00;1,19;236,19
19/01/2021 04:00;1,2;236,2
19/01/2021 05:00;1,2;236,2
19/01/2021 06:00;1,2;236,2
19/01/2021 07:00;1,2;236,2
19/01/2021 08:00;1,2;236,2
19/01/2021 09:00;1,2;236,2
19/01/2021 10:00;1,21;236,21
19/01/2021 11:00;1,2;236,2
19/01/2021 12:00;1,21;236,21
19/01/2021 13:00;1,21;236,21
19/01/2021 14:00;1,21;236,21
19/01/2021 15:00;1,21;236,21
19/01/2021 16:00;1,21;236,21
19/01/2021 17:00;1,21;236,21
19/01/2021 18:00;1,2;236,2
19/01/2021 19:00;1,21;236,21
19/01/2021 20:00;1,21;236,21
19/01/2021 21:00;1,21;236,21
19/01/2021 22:00;1,2;236,2
19/01/2021 23:00;1,2;236,2
20/01/2021 00:00;1,2;236,2
20/01/2021 01:00;1,2;236,2
20/01/2021 02:00;1,19;236,19
20/01/2021 03:00;1,19;236,19
20/01/2021 04:00;1,19;236,19
20/01/2021 05:00;1,19;236,19
20/01/2021 06:00;1,19;236,19
20/01/2021 07:00;1,19;236,19
20/01/2021 08:00;1,19;236,19
20/01/2021 09:00;1,19;236,19
20/01/2021 10:00;1,19;236,19
20/01/2021 11:00;1,19;236,19
20/01/2021 12:00;1,19;236,19
20/01/2021 13:00;1,19;236,19
20/01/2021 14:00;1,19;236,19
20/01/2021 15:00;1,19;236,19
20/01/2021 16:00;1,19;236,19
20/01/2021 17:00;1,19;236,19
20/01/2021 18:00;1,19;236,19
20/01/2021 19:00;1,19;236,19
20/01/2021 20:00;1,19;236,19
20/01/2021 21:00;1,19;236,19
20/01/2021 22:00;1,19;236,19
20/01/2021 23:00;1,19;236,19
21/01/2021 00:00;1,19;236,19
21/01/2021 01:00;1,18;236,18
21/01/2021 02:00;1,18;236,18
21/01/2021 03:00;1,18;236,18
21/01/2021 04:00;1,18;236,18
21/01/2021 05:00;1,19;236,19
21/01/2021 06:00;1,19;236,19
21/01/2021 07:00;1,19;236,19
21/01/2021 08:00;1,19;236,19
21/01/2021 09:00;1,19;236,19
21/01/2021 10:00;1,18;236,18
21/01/2021 11:00;1,18;236,18
21/01/2021 12:00;1,18;236,18
21/01/2021 13:00;1,18;236,18
21/01/2021 14:00;1,19;236,19
21/01/2021 15:00;1,19;236,19
21/01/2021 16:00;1,19;236,19
21/01/2021 17:00;1,19;236,19
21/01/2021 18:00;1,2;236,2
21/01/2021 19:00;1,2;236,2
21/01/2021 20:00;1,2;236,2
21/01/2021 21:00;1,2;236,2
21/01/2021 22:00;1,19;236,19
21/01/2021 23:00;1,2;236,2
22/01/2021 00:00;1,2;236,2
22/01/2021 01:00;1,2;236,2
22/01/2021 02:00;1,19;236,19
22/01/2021 03:00;1,19;236,19
22/01/2021 04:00;1,19;236,19
22/01/2021 05:00;1,19;236,19
22/01/2021 06:00;1,19;236,19
22/01/2021 07:00;1,19;236,19
22/01/2021 08:00;1,19;236,19
22/01/2021 09:00;1,18;236,18
22/01/2021 10:00;1,18;236,18
22/01/2021 11:00;1,18;236,18
22/01/2021 12:00;1,19;236,19
22/01/2021 13:00;1,2;236,2
22/01/2021 14:00;1,2;236,2
22/01/2021 15:00;1,21;236,21
22/01/2021 16:00;1,21;236,21
22/01/2021 17:00;1,21;236,21
22/01/2021 18:00;1,21;236,21
22/01/2021 19:00;1,21;236,21
22/01/2021 20:00;1,21;236,21
22/01/2021 21:00;1,21;236,21
22/01/2021 22:00;1,21;236,21
22/01/2021 23:00;1,21;236,21
23/01/2021 00:00;1,21;236,21
23/01/2021 01:00;1,21;236,21
23/01/2021 02:00;1,21;236,21
23/01/2021 03:00;1,21;236,21
23/01/2021 04:00;1,21;236,21
23/01/2021 05:00;1,21;236,21
23/01/2021 06:00;1,21;236,21
23/01/2021 07:00;1,21;236,21
23/01/2021 08:00;1,2;236,2
23/01/2021 09:00;1,2;236,2
23/01/2021 10:00;1,2;236,2
23/01/2021 11:00;1,2;236,2
23/01/2021 12:00;1,2;236,2
23/01/2021 13:00;1,2;236,2
23/01/2021 14:00;1,21;236,21
23/01/2021 15:00;1,21;236,21
23/01/2021 16:00;1,21;236,21
23/01/2021 17:00;1,21;236,21
23/01/2021 18:00;1,21;236,21
23/01/2021 19:00;1,21;236,21
23/01/2021 20:00;1,21;236,21
23/01/2021 21:00;1,21;236,21
23/01/2021 22:00;1,21;236,21
23/01/2021 23:00;1,21;236,21
24/01/2021 00:00;1,21;236,21
24/01/2021 01:00;1,2;236,2
24/01/2021 02:00;1,2;236,2
24/01/2021 03:00;1,2;236,2
24/01/2021 04:00;1,2;236,2
24/01/2021 05:00;1,2;236,2
24/01/2021 06:00;1,2;236,2
24/01/2021 07:00;1,2;236,2
24/01/2021 08:00;1,21;236,21
24/01/2021 09:00;1,21;236,21
24/01/2021 10:00;1,21;236,21
24/01/2021 11:00;1,21;236,21
24/01/2021 12:00;1,21;236,21
24/01/2021 13:00;1,21;236,21
24/01/2021 14:00;1,21;236,21
24/01/2021 15:00;1,22;236,22
24/01/2021 16:00;1,22;236,22
24/01/2021 17:00;1,22;236,22
24/01/2021 18:00;1,22;236,22
24/01/2021 19:00;1,22;236,22
24/01/2021 20:00;1,22;236,22
24/01/2021 21:00;1,22;236,22
24/01/2021 22:00;1,22;236,22
24/01/2021 23:00;1,22;236,22
25/01/2021 00:00;1,22;236,22
25/01/2021 01:00;1,21;236,21
25/01/2021 02:00;1,21;236,21
25/01/2021 03:00;1,2;236,2
25/01/2021 04:00;1,2;236,2
25/01/2021 05:00;1,2;236,2
25/01/2021 06:00;1,2;236,2
25/01/2021 07:00;1,21;236,21
25/01/2021 08:00;1,21;236,21
25/01/2021 09:00;1,21;236,21
25/01/2021 10:00;1,21;236,21
25/01/2021 11:00;1,21;236,21
25/01/2021 12:00;1,21;236,21
25/01/2021 13:00;1,2;236,2
25/01/2021 14:00;1,2;236,2
25/01/2021 15:00;1,2;236,2
25/01/2021 16:00;1,2;236,2
25/01/2021 17:00;1,2;236,2
25/01/2021 18:00;1,2;236,2
25/01/2021 19:00;1,2;236,2
25/01/2021 20:01;1,2;236,2
25/01/2021 21:01;1,19;236,19
25/01/2021 22:01;1,19;236,19
25/01/2021 23:01;1,18;236,18
26/01/2021 00:01;1,18;236,18
26/01/2021 01:01;1,17;236,17
26/01/2021 02:01;1,17;236,17
26/01/2021 03:01;1,17;236,17
26/01/2021 04:01;1,16;236,16
26/01/2021 05:01;1,17;236,17
26/01/2021 06:01;1,18;236,18
26/01/2021 07:01;1,18;236,18
26/01/2021 08:01;1,18;236,18
26/01/2021 09:01;1,19;236,19
26/01/2021 10:01;1,2;236,2
26/01/2021 11:01;1,2;236,2
26/01/2021 12:01;1,21;236,21
26/01/2021 13:01;1,21;236,21
26/01/2021 14:01;1,22;236,22
26/01/2021 15:01;1,22;236,22
26/01/2021 16:01;1,22;236,22
26/01/2021 17:01;1,22;236,22
26/01/2021 18:01;1,22;236,22
26/01/2021 19:01;1,22;236,22
26/01/2021 20:01;1,21;236,21
26/01/2021 21:01;1,22;236,22
26/01/2021 22:01;1,22;236,22
26/01/2021 23:01;1,22;236,22
27/01/2021 00:01;1,21;236,21
27/01/2021 01:01;1,21;236,21
27/01/2021 02:01;1,21;236,21
27/01/2021 03:01;1,21;236,21
27/01/2021 04:00;1,21;236,21
27/01/2021 05:00;1,2;236,2
27/01/2021 06:00;1,2;236,2
27/01/2021 07:00;1,19;236,19
27/01/2021 08:00;1,19;236,19
27/01/2021 09:00;1,19;236,19
27/01/2021 10:00;1,19;236,19
27/01/2021 11:00;1,2;236,2
27/01/2021 12:00;1,21;236,21
27/01/2021 13:00;1,21;236,21
27/01/2021 14:00;1,21;236,21
27/01/2021 15:00;1,21;236,21
27/01/2021 16:00;1,21;236,21
27/01/2021 17:00;1,21;236,21
27/01/2021 18:00;1,2;236,2
27/01/2021 19:00;1,2;236,2
27/01/2021 20:00;1,2;236,2
27/01/2021 21:00;1,2;236,2
27/01/2021 22:00;1,2;236,2
27/01/2021 23:00;1,2;236,2
28/01/2021 00:00;1,19;236,19
28/01/2021 01:00;1,19;236,19
28/01/2021 02:00;1,19;236,19
28/01/2021 03:00;1,19;236,19
28/01/2021 04:00;1,19;236,19
28/01/2021 05:00;1,19;236,19
28/01/2021 06:00;1,19;236,19
28/01/2021 07:00;1,19;236,19
28/01/2021 08:00;1,19;236,19
28/01/2021 09:00;1,19;236,19
28/01/2021 10:00;1,19;236,19
28/01/2021 11:00;1,19;236,19
28/01/2021 12:00;1,19;236,19
28/01/2021 13:00;1,19;236,19
28/01/2021 14:00;1,2;236,2
28/01/2021 15:00;1,2;236,2
28/01/2021 16:00;1,21;236,21
28/01/2021 17:00;1,21;236,21
28/01/2021 18:00;1,21;236,21
28/01/2021 19:00;1,21;236,21
28/01/2021 20:00;1,21;236,21
28/01/2021 21:00;1,21;236,21
28/01/2021 22:00;1,21;236,21
28/01/2021 23:00;1,21;236,21
29/01/2021 00:00;1,21;236,21
29/01/2021 01:00;1,2;236,2
29/01/2021 02:00;1,2;236,2
29/01/2021 03:00;1,2;236,2
29/01/2021 04:00;1,2;236,2
29/01/2021 05:00;1,2;236,2
29/01/2021 06:00;1,2;236,2
29/01/2021 07:00;1,2;236,2
29/01/2021 08:00;1,2;236,2
29/01/2021 09:00;1,2;236,2
29/01/2021 10:00;1,2;236,2
29/01/2021 11:00;1,2;236,2
29/01/2021 12:00;1,21;236,21
29/01/2021 13:00;1,21;236,21
29/01/2021 14:00;1,21;236,21
29/01/2021 15:00;1,21;236,21
29/01/2021 16:00;1,22;236,22
29/01/2021 17:00;1,22;236,22
29/01/2021 18:00;1,23;236,23
29/01/2021 19:00;1,23;236,23
29/01/2021 20:00;1,23;236,23
29/01/2021 21:00;1,24;236,24
29/01/2021 22:00;1,23;236,23
29/01/2021 23:00;1,23;236,23
30/01/2021 00:00;1,23;236,23
30/01/2021 01:00;1,23;236,23
30/01/2021 02:00;1,23;236,23
30/01/2021 03:00;1,23;236,23
30/01/2021 04:00;1,23;236,23
30/01/2021 05:00;1,23;236,23
30/01/2021 06:00;1,22;236,22
30/01/2021 07:00;1,23;236,23
30/01/2021 08:00;1,23;236,23
30/01/2021 09:00;1,23;236,23
30/01/2021 10:00;1,23;236,23
30/01/2021 11:00;1,24;236,24
30/01/2021 12:00;1,24;236,24
30/01/2021 13:00;1,24;236,24
30/01/2021 14:00;1,24;236,24
30/01/2021 15:00;1,24;236,24
30/01/2021 16:00;1,24;236,24
30/01/2021 17:00;1,24;236,24
30/01/2021 18:00;1,25;236,25
30/01/2021 19:00;1,25;236,25
30/01/2021 20:00;1,25;236,25
30/01/2021 21:00;1,25;236,25
30/01/2021 22:00;1,25;236,25
30/01/2021 23:00;1,24;236,24
31/01/2021 00:00;1,24;236,24
31/01/2021 01:00;1,24;236,24
31/01/2021 02:00;1,24;236,24
31/01/2021 03:00;1,24;236,24
31/01/2021 04:00;1,24;236,24
31/01/2021 05:00;1,24;236,24
31/01/2021 06:00;1,24;236,24
31/01/2021 07:00;1,25;236,25
31/01/2021 08:00;1,25;236,25
31/01/2021 09:00;1,25;236,25
31/01/2021 10:00;1,25;236,25
31/01/2021 11:00;1,25;236,25
31/01/2021 12:00;1,25;236,25
31/01/2021 13:00;1,25;236,25
31/01/2021 14:00;1,25;236,25
31/01/2021 15:00;1,25;236,25
31/01/2021 16:00;1,26;236,26
31/01/2021 17:00;1,26;236,26
31/01/2021 18:00;1,26;236,26
31/01/2021 19:00;1,26;236,26
31/01/2021 20:00;1,26;236,26
31/01/2021 21:00;1,27;236,27
31/01/2021 22:00;1,26;236,26
31/01/2021 23:00;1,26;236,26
01/02/2021 00:00;1,26;236,26
01/02/2021 01:00;1,26;236,26
01/02/2021 02:00;1,26;236,26
01/02/2021 03:00;1,26;236,26
01/02/2021 04:00;1,26;236,26
01/02/2021 05:00;1,26;236,26
01/02/2021 06:00;1,26;236,26
01/02/2021 07:00;1,26;236,26
01/02/2021 08:00;1,26;236,26
01/02/2021 09:00;1,26;236,26
01/02/2021 10:00;1,26;236,26
01/02/2021 11:00;1,26;236,26
01/02/2021 12:00;1,26;236,26
01/02/2021 13:00;1,26;236,26
01/02/2021 14:00;1,26;236,26
01/02/2021 15:00;1,26;236,26
01/02/2021 16:00;1,25;236,25
01/02/2021 17:00;1,25;236,25
01/02/2021 18:00;1,25;236,25
01/02/2021 19:00;1,25;236,25
01/02/2021 20:00;1,25;236,25
01/02/2021 21:00;1,25;236,25
01/02/2021 22:00;1,25;236,25
01/02/2021 23:00;1,25;236,25
02/02/2021 00:00;1,25;236,25
02/02/2021 01:00;1,25;236,25
02/02/2021 02:00;1,24;236,24
02/02/2021 03:00;1,24;236,24
02/02/2021 04:00;1,24;236,24
02/02/2021 05:00;1,25;236,25
02/02/2021 06:00;1,24;236,24
02/02/2021 07:00;1,25;236,25
02/02/2021 08:00;1,25;236,25
02/02/2021 09:00;1,26;236,26
02/02/2021 10:00;1,26;236,26
02/02/2021 11:00;1,26;236,26
02/02/2021 12:00;1,26;236,26
02/02/2021 13:00;1,26;236,26
02/02/2021 14:00;1,26;236,26
02/02/2021 15:00;1,26;236,26
02/02/2021 16:00;1,26;236,26
02/02/2021 17:00;1,25;236,25
02/02/2021 18:00;1,25;236,25
02/02/2021 19:00;1,25;236,25
02/02/2021 20:00;1,25;236,25
02/02/2021 21:00;1,25;236,25
02/02/2021 22:00;1,25;236,25
02/02/2021 23:00;1,25;236,25
03/02/2021 00:00;1,25;236,25
03/02/2021 01:00;1,25;236,25
03/02/2021 02:00;1,25;236,25
03/02/2021 03:00;1,24;236,24
03/02/2021 04:00;1,24;236,24
03/02/2021 05:00;1,24;236,24
03/02/2021 06:00;1,24;236,24
03/02/2021 07:00;1,23;236,23
03/02/2021 08:00;1,23;236,23
03/02/2021 09:00;1,23;236,23
03/02/2021 10:00;1,23;236,23
03/02/2021 11:00;1,23;236,23
03/02/2021 12:00;1,23;236,23
03/02/2021 13:00;1,23;236,23
03/02/2021 14:00;1,24;236,24
03/02/2021 15:00;1,24;236,24
03/02/2021 16:00;1,24;236,24
03/02/2021 17:00;1,24;236,24
03/02/2021 18:00;1,24;236,24
03/02/2021 19:00;1,24;236,24
03/02/2021 20:00;1,24;236,24
03/02/2021 21:00;1,24;236,24
03/02/2021 22:00;1,23;236,23
04/02/2021 00:01;1,23;236,23
04/02/2021 01:00;1,22;236,22
04/02/2021 02:00;1,22;236,22
04/02/2021 03:01;1,23;236,23
04/02/2021 04:01;1,23;236,23
04/02/2021 05:01;1,23;236,23
04/02/2021 06:01;1,23;236,23
04/02/2021 07:01;1,23;236,23
04/02/2021 08:01;1,23;236,23
04/02/2021 09:01;1,23;236,23
04/02/2021 10:01;1,23;236,23
04/02/2021 11:01;1,23;236,23
04/02/2021 12:01;1,23;236,23
04/02/2021 13:01;1,23;236,23
04/02/2021 14:01;1,23;236,23
04/02/2021 15:01;1,23;236,23
04/02/2021 16:01;1,23;236,23
04/02/2021 17:01;1,23;236,23
04/02/2021 18:01;1,22;236,22
04/02/2021 19:01;1,23;236,23
04/02/2021 20:01;1,23;236,23
04/02/2021 21:01;1,23;236,23
04/02/2021 22:01;1,23;236,23
04/02/2021 23:01;1,23;236,23
05/02/2021 00:01;1,23;236,23
05/02/2021 01:01;1,23;236,23
05/02/2021 02:01;1,22;236,22
05/02/2021 03:01;1,21;236,21
05/02/2021 04:01;1,21;236,21
05/02/2021 05:01;1,21;236,21
05/02/2021 06:01;1,21;236,21
05/02/2021 07:01;1,2;236,2
05/02/2021 08:01;1,2;236,2
05/02/2021 09:01;1,21;236,21
05/02/2021 10:01;1,21;236,21
05/02/2021 11:01;1,21;236,21
05/02/2021 12:01;1,21;236,21
05/02/2021 13:00;1,22;236,22
05/02/2021 14:00;1,22;236,22
05/02/2021 15:00;1,22;236,22
05/02/2021 16:00;1,22;236,22
05/02/2021 17:00;1,22;236,22
05/02/2021 18:00;1,22;236,22
05/02/2021 19:00;1,22;236,22
05/02/2021 20:00;1,22;236,22
05/02/2021 21:00;1,22;236,22
05/02/2021 22:00;1,22;236,22
05/02/2021 23:00;1,22;236,22
06/02/2021 00:00;1,23;236,23
06/02/2021 01:00;1,23;236,23
06/02/2021 02:00;1,22;236,22
06/02/2021 03:00;1,22;236,22
06/02/2021 04:00;1,21;236,21
06/02/2021 05:00;1,21;236,21
06/02/2021 06:00;1,21;236,21
06/02/2021 07:00;1,21;236,21
06/02/2021 08:00;1,21;236,21
06/02/2021 09:00;1,21;236,21
06/02/2021 10:00;1,21;236,21
06/02/2021 11:00;1,21;236,21
06/02/2021 12:00;1,21;236,21
06/02/2021 13:00;1,21;236,21
06/02/2021 14:00;1,21;236,21
06/02/2021 15:00;1,22;236,22
06/02/2021 16:00;1,21;236,21
06/02/2021 17:00;1,21;236,21
06/02/2021 18:00;1,21;236,21
06/02/2021 19:00;1,21;236,21
06/02/2021 20:00;1,21;236,21
06/02/2021 21:00;1,21;236,21
06/02/2021 22:00;1,21;236,21
06/02/2021 23:00;1,21;236,21
07/02/2021 00:00;1,21;236,21
07/02/2021 01:00;1,2;236,2
07/02/2021 02:00;1,21;236,21
07/02/2021 03:00;1,21;236,21
07/02/2021 04:00;1,21;236,21
07/02/2021 05:00;1,21;236,21
07/02/2021 06:00;1,21;236,21
07/02/2021 07:00;1,21;236,21
07/02/2021 08:00;1,21;236,21
07/02/2021 09:00;1,21;236,21
07/02/2021 10:00;1,21;236,21
07/02/2021 11:00;1,21;236,21
07/02/2021 12:00;1,21;236,21
07/02/2021 13:00;1,22;236,22
07/02/2021 14:00;1,22;236,22
07/02/2021 15:00;1,22;236,22
07/02/2021 16:00;1,22;236,22
07/02/2021 17:00;1,22;236,22
07/02/2021 18:00;1,22;236,22
07/02/2021 19:00;1,22;236,22
07/02/2021 20:00;1,23;236,23
07/02/2021 21:00;1,23;236,23
07/02/2021 22:00;1,23;236,23
07/02/2021 23:00;1,22;236,22
08/02/2021 00:00;1,22;236,22
08/02/2021 01:00;1,21;236,21
08/02/2021 02:00;1,2;236,2
08/02/2021 03:00;1,2;236,2
08/02/2021 04:00;1,21;236,21
08/02/2021 05:00;1,21;236,21
08/02/2021 06:00;1,21;236,21
08/02/2021 07:00;1,21;236,21
08/02/2021 08:00;1,21;236,21
08/02/2021 09:00;1,22;236,22
08/02/2021 10:00;1,22;236,22
08/02/2021 11:00;1,23;236,23
08/02/2021 12:00;1,22;236,22
08/02/2021 13:00;1,23;236,23
08/02/2021 14:00;1,23;236,23
08/02/2021 15:00;1,23;236,23
08/02/2021 16:00;1,24;236,24
08/02/2021 17:00;1,24;236,24
08/02/2021 18:00;1,23;236,23
08/02/2021 19:00;1,24;236,24
08/02/2021 20:00;1,24;236,24
08/02/2021 21:00;1,23;236,23
08/02/2021 22:00;1,23;236,23
08/02/2021 23:00;1,23;236,23
09/02/2021 00:00;1,22;236,22
09/02/2021 01:00;1,22;236,22
09/02/2021 02:00;1,22;236,22
09/02/2021 03:00;1,21;236,21
09/02/2021 04:00;1,21;236,21
09/02/2021 05:00;1,21;236,21
09/02/2021 06:00;1,21;236,21
09/02/2021 07:00;1,21;236,21
09/02/2021 08:00;1,21;236,21
09/02/2021 09:00;1,22;236,22
09/02/2021 10:00;1,22;236,22
09/02/2021 11:00;1,22;236,22
09/02/2021 12:00;1,22;236,22
09/02/2021 13:00;1,22;236,22
09/02/2021 14:00;1,23;236,23
09/02/2021 15:00;1,23;236,23
09/02/2021 16:00;1,23;236,23
09/02/2021 17:00;1,23;236,23
09/02/2021 18:00;1,23;236,23
09/02/2021 19:00;1,22;236,22
09/02/2021 20:00;1,22;236,22
09/02/2021 21:00;1,22;236,22
09/02/2021 22:00;1,22;236,22
09/02/2021 23:00;1,22;236,22
10/02/2021 00:00;1,21;236,21
10/02/2021 01:00;1,21;236,21
10/02/2021 02:00;1,21;236,21
10/02/2021 03:00;1,2;236,2
10/02/2021 04:00;1,2;236,2
10/02/2021 05:00;1,19;236,19
10/02/2021 06:00;1,19;236,19
10/02/2021 07:00;1,2;236,2
10/02/2021 08:00;1,2;236,2
10/02/2021 09:00;1,21;236,21
10/02/2021 10:00;1,21;236,21
10/02/2021 11:00;1,21;236,21
10/02/2021 12:00;1,22;236,22
10/02/2021 13:00;1,21;236,21
10/02/2021 14:00;1,22;236,22
10/02/2021 15:00;1,22;236,22
10/02/2021 16:00;1,21;236,21
10/02/2021 17:00;1,21;236,21
10/02/2021 18:00;1,21;236,21
10/02/2021 19:00;1,21;236,21
10/02/2021 20:00;1,2;236,2
10/02/2021 21:00;1,2;236,2
10/02/2021 22:00;1,2;236,2
11/02/2021 00:00;1,2;236,2
11/02/2021 01:00;1,21;236,21
11/02/2021 02:00;1,2;236,2
11/02/2021 03:00;1,2;236,2
11/02/2021 04:00;1,2;236,2
11/02/2021 05:00;1,2;236,2
11/02/2021 06:00;1,2;236,2
11/02/2021 07:00;1,2;236,2
11/02/2021 08:00;1,2;236,2
11/02/2021 09:00;1,2;236,2
11/02/2021 10:00;1,2;236,2
11/02/2021 11:00;1,21;236,21
11/02/2021 12:00;1,21;236,21
11/02/2021 13:00;1,21;236,21
11/02/2021 14:00;1,21;236,21
11/02/2021 15:00;1,21;236,21
11/02/2021 16:00;1,21;236,21
11/02/2021 17:00;1,21;236,21
11/02/2021 18:00;1,2;236,2
11/02/2021 19:00;1,21;236,21
11/02/2021 20:00;1,21;236,21
11/02/2021 21:00;1,21;236,21
11/02/2021 22:00;1,21;236,21
11/02/2021 23:00;1,21;236,21
12/02/2021 00:00;1,21;236,21
12/02/2021 01:00;1,2;236,2
12/02/2021 02:00;1,21;236,21
12/02/2021 03:00;1,2;236,2
12/02/2021 04:00;1,2;236,2
12/02/2021 05:00;1,2;236,2
12/02/2021 06:00;1,2;236,2
12/02/2021 07:00;1,2;236,2
12/02/2021 08:00;1,2;236,2
12/02/2021 09:00;1,21;236,21
12/02/2021 10:00;1,21;236,21
12/02/2021 11:00;1,21;236,21
12/02/2021 12:00;1,21;236,21
12/02/2021 13:00;1,21;236,21
12/02/2021 14:00;1,21;236,21
12/02/2021 15:00;1,21;236,21
12/02/2021 16:00;1,2;236,2
12/02/2021 17:00;1,2;236,2
12/02/2021 18:00;1,2;236,2
12/02/2021 19:00;1,2;236,2
12/02/2021 20:00;1,2;236,2
12/02/2021 21:00;1,21;236,21
12/02/2021 22:00;1,21;236,21
12/02/2021 23:00;1,21;236,21
13/02/2021 00:00;1,21;236,21
13/02/2021 01:00;1,2;236,2
13/02/2021 02:00;1,2;236,2
13/02/2021 03:00;1,19;236,19
13/02/2021 04:00;1,19;236,19
13/02/2021 05:00;1,19;236,19
13/02/2021 06:00;1,19;236,19
13/02/2021 07:00;1,19;236,19
13/02/2021 08:00;1,19;236,19
13/02/2021 09:00;1,19;236,19
13/02/2021 10:00;1,19;236,19
13/02/2021 11:00;1,19;236,19
13/02/2021 12:00;1,2;236,2
13/02/2021 13:00;1,2;236,2
13/02/2021 14:00;1,21;236,21
13/02/2021 15:00;1,21;236,21
13/02/2021 16:01;1,21;236,21
13/02/2021 17:01;1,21;236,21
13/02/2021 18:01;1,21;236,21
13/02/2021 19:01;1,2;236,2
13/02/2021 20:01;1,2;236,2
13/02/2021 21:01;1,2;236,2
13/02/2021 22:01;1,2;236,2
13/02/2021 23:01;1,2;236,2
14/02/2021 00:01;1,2;236,2
14/02/2021 01:01;1,2;236,2
14/02/2021 02:01;1,2;236,2
14/02/2021 03:01;1,2;236,2
14/02/2021 04:01;1,2;236,2
14/02/2021 05:01;1,2;236,2
14/02/2021 06:01;1,21;236,21
14/02/2021 07:01;1,21;236,21
14/02/2021 08:01;1,21;236,21
14/02/2021 09:01;1,21;236,21
14/02/2021 10:01;1,21;236,21
14/02/2021 11:01;1,21;236,21
14/02/2021 12:01;1,2;236,2
14/02/2021 13:01;1,2;236,2
14/02/2021 14:01;1,2;236,2
14/02/2021 15:01;1,2;236,2
14/02/2021 16:01;1,2;236,2
14/02/2021 17:01;1,2;236,2
14/02/2021 18:01;1,2;236,2
14/02/2021 19:01;1,2;236,2
14/02/2021 20:01;1,2;236,2
14/02/2021 21:01;1,21;236,21
14/02/2021 22:01;1,21;236,21
14/02/2021 23:01;1,21;236,21
15/02/2021 00:01;1,21;236,21
15/02/2021 01:00;1,2;236,2
15/02/2021 02:00;1,2;236,2
15/02/2021 03:00;1,2;236,2
15/02/2021 04:00;1,2;236,2
15/02/2021 05:00;1,2;236,2
15/02/2021 06:00;1,2;236,2
15/02/2021 07:00;1,2;236,2
15/02/2021 08:00;1,2;236,2
15/02/2021 09:00;1,2;236,2
15/02/2021 10:00;1,2;236,2
15/02/2021 11:00;1,2;236,2
15/02/2021 12:00;1,2;236,2
15/02/2021 13:00;1,2;236,2
15/02/2021 14:00;1,2;236,2
15/02/2021 15:00;1,2;236,2
15/02/2021 16:00;1,21;236,21
15/02/2021 17:00;1,21;236,21
15/02/2021 18:00;1,21;236,21
15/02/2021 19:00;1,21;236,21
15/02/2021 20:00;1,21;236,21
15/02/2021 21:00;1,21;236,21
15/02/2021 22:00;1,21;236,21
15/02/2021 23:00;1,21;236,21
16/02/2021 00:00;1,22;236,22
16/02/2021 01:00;1,22;236,22
16/02/2021 02:00;1,22;236,22
16/02/2021 03:00;1,22;236,22
16/02/2021 04:00;1,22;236,22
16/02/2021 05:00;1,22;236,22
16/02/2021 06:00;1,22;236,22
16/02/2021 07:00;1,22;236,22
16/02/2021 08:00;1,22;236,22
16/02/2021 09:00;1,22;236,22
16/02/2021 10:00;1,22;236,22
16/02/2021 11:00;1,22;236,22
16/02/2021 12:00;1,22;236,22
16/02/2021 13:00;1,22;236,22
16/02/2021 14:00;1,22;236,22
16/02/2021 15:00;1,22;236,22
16/02/2021 16:00;1,22;236,22
16/02/2021 17:00;1,22;236,22
16/02/2021 18:00;1,21;236,21
16/02/2021 19:00;1,21;236,21
16/02/2021 20:00;1,21;236,21
16/02/2021 21:00;1,21;236,21
16/02/2021 22:00;1,22;236,22
16/02/2021 23:00;1,22;236,22
17/02/2021 00:00;1,23;236,23
17/02/2021 01:00;1,23;236,23
17/02/2021 02:00;1,23;236,23
17/02/2021 03:00;1,23;236,23
17/02/2021 04:00;1,23;236,23
17/02/2021 05:00;1,23;236,23
17/02/2021 06:00;1,23;236,23
17/02/2021 07:00;1,23;236,23
17/02/2021 08:00;1,22;236,22
17/02/2021 09:00;1,22;236,22
17/02/2021 10:00;1,22;236,22
17/02/2021 11:00;1,22;236,22
17/02/2021 12:00;1,22;236,22
17/02/2021 13:00;1,22;236,22
17/02/2021 14:00;1,21;236,21
17/02/2021 15:00;1,21;236,21
17/02/2021 16:00;1,2;236,2
17/02/2021 17:00;1,2;236,2
17/02/2021 18:00;1,2;236,2
17/02/2021 19:00;1,2;236,2
17/02/2021 20:00;1,2;236,2
17/02/2021 21:00;1,2;236,2
17/02/2021 22:00;1,21;236,21
17/02/2021 23:00;1,21;236,21
18/02/2021 00:00;1,21;236,21
18/02/2021 01:00;1,21;236,21
18/02/2021 02:00;1,2;236,2
18/02/2021 03:00;1,2;236,2
18/02/2021 04:00;1,2;236,2
18/02/2021 05:00;1,2;236,2
18/02/2021 06:00;1,21;236,21
18/02/2021 07:00;1,21;236,21
18/02/2021 08:00;1,21;236,21
18/02/2021 09:00;1,21;236,21
18/02/2021 10:00;1,21;236,21
18/02/2021 11:00;1,21;236,21
18/02/2021 12:00;1,21;236,21
18/02/2021 13:00;1,21;236,21
18/02/2021 14:00;1,21;236,21
18/02/2021 15:00;1,21;236,21
18/02/2021 16:00;1,21;236,21
18/02/2021 17:00;1,21;236,21
18/02/2021 18:00;1,22;236,22
18/02/2021 19:00;1,22;236,22
18/02/2021 20:00;1,22;236,22
18/02/2021 21:00;1,22;236,22
18/02/2021 22:00;1,21;236,21
18/02/2021 23:00;1,21;236,21
19/02/2021 00:00;1,21;236,21
19/02/2021 01:00;1,21;236,21
19/02/2021 02:00;1,21;236,21
19/02/2021 03:00;1,21;236,21
19/02/2021 04:00;1,22;236,22
19/02/2021 05:00;1,22;236,22
19/02/2021 06:00;1,21;236,21
19/02/2021 07:00;1,21;236,21
19/02/2021 08:00;1,21;236,21
19/02/2021 09:00;1,21;236,21
19/02/2021 10:00;1,21;236,21
19/02/2021 11:00;1,21;236,21
19/02/2021 12:00;1,21;236,21
19/02/2021 13:00;1,21;236,21
19/02/2021 14:00;1,21;236,21
19/02/2021 15:00;1,22;236,22
19/02/2021 16:00;1,22;236,22
19/02/2021 17:00;1,22;236,22
19/02/2021 18:00;1,22;236,22
19/02/2021 19:00;1,22;236,22
19/02/2021 20:00;1,22;236,22
19/02/2021 21:00;1,22;236,22
19/02/2021 22:00;1,22;236,22
19/02/2021 23:00;1,23;236,23
20/02/2021 00:00;1,23;236,23
20/02/2021 01:00;1,23;236,23
20/02/2021 02:00;1,23;236,23
20/02/2021 03:00;1,23;236,23
20/02/2021 04:00;1,22;236,22
20/02/2021 05:00;1,22;236,22
20/02/2021 06:00;1,21;236,21
20/02/2021 07:00;1,21;236,21
20/02/2021 08:00;1,21;236,21
20/02/2021 09:00;1,21;236,21
20/02/2021 10:00;1,2;236,2
20/02/2021 11:00;1,2;236,2
20/02/2021 12:00;1,2;236,2
20/02/2021 13:00;1,2;236,2
20/02/2021 14:00;1,2;236,2
20/02/2021 15:00;1,2;236,2
20/02/2021 16:00;1,2;236,2
20/02/2021 17:00;1,21;236,21
20/02/2021 18:00;1,21;236,21
20/02/2021 19:00;1,22;236,22
20/02/2021 20:00;1,22;236,22
20/02/2021 21:00;1,22;236,22
20/02/2021 22:00;1,21;236,21
20/02/2021 23:00;1,21;236,21
21/02/2021 00:00;1,21;236,21
21/02/2021 01:00;1,21;236,21
21/02/2021 02:00;1,21;236,21
21/02/2021 03:00;1,21;236,21
21/02/2021 04:00;1,21;236,21
21/02/2021 05:00;1,21;236,21
21/02/2021 06:00;1,21;236,21
21/02/2021 07:00;1,21;236,21
21/02/2021 08:00;1,21;236,21
21/02/2021 09:00;1,21;236,21
21/02/2021 10:00;1,21;236,21
21/02/2021 11:00;1,21;236,21
21/02/2021 12:00;1,21;236,21
21/02/2021 13:00;1,21;236,21
21/02/2021 14:00;1,22;236,22
21/02/2021 15:00;1,22;236,22
21/02/2021 16:00;1,22;236,22
21/02/2021 17:00;1,22;236,22
21/02/2021 18:00;1,22;236,22
21/02/2021 19:00;1,22;236,22
21/02/2021 20:00;1,22;236,22
21/02/2021 21:00;1,21;236,21
21/02/2021 22:00;1,22;236,22
21/02/2021 23:00;1,21;236,21
22/02/2021 00:00;1,22;236,22
22/02/2021 01:00;1,22;236,22
22/02/2021 02:00;1,22;236,22
22/02/2021 03:00;1,22;236,22
22/02/2021 04:00;1,22;236,22
22/02/2021 05:00;1,22;236,22
22/02/2021 06:00;1,22;236,22
22/02/2021 07:00;1,23;236,23
22/02/2021 08:00;1,23;236,23
22/02/2021 09:00;1,22;236,22
22/02/2021 10:00;1,22;236,22
22/02/2021 11:00;1,21;236,21
22/02/2021 12:00;1,21;236,21
22/02/2021 13:00;1,21;236,21
22/02/2021 14:00;1,21;236,21
22/02/2021 15:00;1,21;236,21
22/02/2021 16:00;1,21;236,21
22/02/2021 17:00;1,21;236,21
22/02/2021 18:00;1,21;236,21
22/02/2021 19:00;1,21;236,21
22/02/2021 20:00;1,21;236,21
22/02/2021 21:00;1,21;236,21
22/02/2021 22:00;1,21;236,21
22/02/2021 23:00;1,21;236,21
23/02/2021 00:01;1,21;236,21
23/02/2021 01:01;1,21;236,21
23/02/2021 02:01;1,2;236,2
23/02/2021 03:01;1,2;236,2
23/02/2021 04:01;1,2;236,2
23/02/2021 05:01;1,2;236,2
23/02/2021 06:01;1,2;236,2
23/02/2021 07:01;1,21;236,21
23/02/2021 08:01;1,2;236,2
23/02/2021 09:01;1,2;236,2
23/02/2021 10:01;1,2;236,2
23/02/2021 11:01;1,2;236,2
23/02/2021 12:01;1,2;236,2
23/02/2021 13:01;1,21;236,21
23/02/2021 14:01;1,21;236,21
23/02/2021 15:01;1,21;236,21
23/02/2021 16:01;1,21;236,21
23/02/2021 17:01;1,21;236,21
23/02/2021 18:01;1,22;236,22
23/02/2021 19:01;1,21;236,21
23/02/2021 20:01;1,21;236,21
23/02/2021 21:01;1,21;236,21
23/02/2021 22:01;1,21;236,21
23/02/2021 23:01;1,21;236,21
24/02/2021 00:01;1,21;236,21
24/02/2021 01:01;1,21;236,21
24/02/2021 02:01;1,21;236,21
24/02/2021 03:01;1,2;236,2
24/02/2021 04:01;1,2;236,2
24/02/2021 05:01;1,2;236,2
24/02/2021 06:01;1,2;236,2
24/02/2021 07:00;1,2;236,2
24/02/2021 08:00;1,2;236,2
24/02/2021 09:00;1,2;236,2
24/02/2021 10:00;1,2;236,2
24/02/2021 11:00;1,2;236,2
24/02/2021 12:00;1,21;236,21
24/02/2021 13:00;1,21;236,21
24/02/2021 14:00;1,21;236,21
24/02/2021 15:00;1,21;236,21
24/02/2021 16:00;1,21;236,21
24/02/2021 17:00;1,21;236,21
24/02/2021 18:00;1,21;236,21
24/02/2021 19:00;1,21;236,21
24/02/2021 20:00;1,21;236,21
24/02/2021 21:00;1,21;236,21
24/02/2021 22:00;1,22;236,22
24/02/2021 23:00;1,22;236,22
25/02/2021 00:00;1,22;236,22
25/02/2021 01:00;1,22;236,22
25/02/2021 02:00;1,21;236,21
25/02/2021 03:00;1,21;236,21
25/02/2021 04:00;1,21;236,21
25/02/2021 05:00;1,2;236,2
25/02/2021 06:00;1,2;236,2
25/02/2021 07:00;1,2;236,2
25/02/2021 08:00;1,2;236,2
25/02/2021 09:00;1,2;236,2
25/02/2021 10:00;1,2;236,2
25/02/2021 11:00;1,2;236,2
25/02/2021 12:00;1,2;236,2
25/02/2021 13:00;1,2;236,2
25/02/2021 14:00;1,21;236,21
25/02/2021 15:00;1,21;236,21
25/02/2021 16:00;1,21;236,21
25/02/2021 17:00;1,21;236,21
25/02/2021 18:00;1,2;236,2
25/02/2021 19:00;1,2;236,2
25/02/2021 20:00;1,2;236,2
25/02/2021 21:00;1,21;236,21
25/02/2021 22:00;1,21;236,21
25/02/2021 23:00;1,21;236,21
26/02/2021 00:00;1,21;236,21
26/02/2021 01:00;1,2;236,2
26/02/2021 02:00;1,2;236,2
26/02/2021 03:00;1,2;236,2
26/02/2021 04:00;1,2;236,2
26/02/2021 05:00;1,2;236,2
26/02/2021 06:00;1,2;236,2
26/02/2021 07:00;1,2;236,2
26/02/2021 08:00;1,19;236,19
26/02/2021 09:00;1,2;236,2
26/02/2021 10:00;1,2;236,2
26/02/2021 11:00;1,2;236,2
26/02/2021 12:00;1,21;236,21
26/02/2021 13:00;1,21;236,21
26/02/2021 14:00;1,2;236,2
26/02/2021 15:00;1,21;236,21
26/02/2021 16:00;1,21;236,21
26/02/2021 17:00;1,21;236,21
26/02/2021 18:00;1,21;236,21
26/02/2021 19:00;1,21;236,21
26/02/2021 20:00;1,21;236,21
26/02/2021 21:00;1,21;236,21
26/02/2021 22:00;1,21;236,21
26/02/2021 23:00;1,2;236,2
27/02/2021 00:00;1,2;236,2
27/02/2021 01:00;1,2;236,2
27/02/2021 02:00;1,2;236,2
27/02/2021 03:00;1,21;236,21
27/02/2021 04:00;1,21;236,21
27/02/2021 05:00;1,22;236,22
27/02/2021 06:00;1,22;236,22
27/02/2021 07:00;1,22;236,22
27/02/2021 08:00;1,21;236,21
27/02/2021 09:00;1,21;236,21
27/02/2021 10:00;1,21;236,21
27/02/2021 11:00;1,2;236,2
27/02/2021 12:00;1,2;236,2
27/02/2021 13:00;1,2;236,2
27/02/2021 14:00;1,2;236,2
27/02/2021 15:00;1,2;236,2
27/02/2021 16:00;1,2;236,2
27/02/2021 17:00;1,2;236,2
27/02/2021 18:00;1,2;236,2
27/02/2021 19:00;1,2;236,2
27/02/2021 20:00;1,21;236,21
27/02/2021 21:00;1,21;236,21
27/02/2021 22:00;1,22;236,22
27/02/2021 23:00;1,22;236,22
28/02/2021 00:00;1,22;236,22
28/02/2021 01:00;1,22;236,22
28/02/2021 02:00;1,22;236,22
28/02/2021 03:00;1,21;236,21
28/02/2021 04:00;1,21;236,21
28/02/2021 05:00;1,21;236,21
28/02/2021 06:00;1,21;236,21
28/02/2021 07:00;1,21;236,21
28/02/2021 08:00;1,21;236,21
28/02/2021 09:00;1,21;236,21
28/02/2021 10:00;1,21;236,21
28/02/2021 11:00;1,21;236,21
28/02/2021 12:00;1,21;236,21
28/02/2021 13:00;1,21;236,21
28/02/2021 14:00;1,21;236,21
28/02/2021 15:00;1,21;236,21
28/02/2021 16:00;1,21;236,21
28/02/2021 17:00;1,21;236,21
28/02/2021 18:00;1,22;236,22
28/02/2021 19:00;1,22;236,22
28/02/2021 20:00;1,22;236,22
28/02/2021 21:00;1,22;236,22
28/02/2021 22:00;1,22;236,22
28/02/2021 23:00;1,22;236,22
01/03/2021 10:00;1,21;236,21
02/03/2021 10:00;1,2;236,2
03/03/2021 10:00;1,2;236,2
04/03/2021 10:00;1,2;236,2
05/03/2021 10:00;1,2;236,2
06/03/2021 10:00;1,2;236,2
07/03/2021 10:00;1,2;236,2
08/03/2021 10:00;1,2;236,2
09/03/2021 10:00;1,2;236,2
10/03/2021 10:00;1,2;236,2
11/03/2021 10:00;1,2;236,2
12/03/2021 10:00;1,2;236,2
13/03/2021 10:00;1,22;236,22
14/03/2021 10:00;1,22;236,22
15/03/2021 10:00;1,2;236,2
16/03/2021 10:00;1,2;236,2
17/03/2021 10:00;1,2;236,2
18/03/2021 10:00;1,22;236,22
19/03/2021 10:00;1,23;236,23
20/03/2021 10:00;1,23;236,23
21/03/2021 10:00;1,24;236,24
22/03/2021 10:00;1,24;236,24
23/03/2021 10:00;1,22;236,22
24/03/2021 10:00;1,22;236,22
25/03/2021 10:00;1,22;236,22
26/03/2021 10:00;1,22;236,22
27/03/2021 10:00;1,22;236,22
28/03/2021 10:00;1,22;236,22
29/03/2021 10:00;1,22;236,22
30/03/2021 10:00;1,22;236,22
31/03/2021 10:00;1,23;236,23
01/04/2021 10:00;1,24;236,24
02/04/2021 10:00;1,24;236,24
03/04/2021 10:00;1,22;236,22
04/04/2021 10:00;1,2;236,2
05/04/2021 10:00;1,2;236,2
06/04/2021 10:00;1,2;236,2
07/04/2021 10:00;1,2;236,2
08/04/2021 10:00;1,2;236,2
09/04/2021 10:00;1,2;236,2
10/04/2021 10:00;1,2;236,2
11/04/2021 10:00;1,22;236,22
12/04/2021 10:00;1,22;236,22
13/04/2021 10:00;1,22;236,22
14/04/2021 10:00;1,22;236,22
15/04/2021 10:00;1,22;236,22
16/04/2021 10:00;1,22;236,22
17/04/2021 10:00;1,22;236,22
18/04/2021 10:00;1,22;236,22
19/04/2021 10:00;1,22;236,22
20/04/2021 10:00;1,34;236,34
21/04/2021 10:00;1,35;236,35
22/04/2021 10:00;1,36;236,36
23/04/2021 10:00;1,38;236,38
24/04/2021 10:00;1,38;236,38
25/04/2021 10:00;1,36;236,36
26/04/2021 10:00;1,35;236,35
27/04/2021 10:00;1,37;236,37
28/04/2021 10:00;1,37;236,37
29/04/2021 10:00;1,32;236,32
30/04/2021 10:00;1,32;236,32
01/05/2021 10:00;1,3;236,3
02/05/2021 10:00;1,3;236,3
03/05/2021 10:00;1,3;236,3
04/05/2021 10:00;1,27;236,27
05/05/2021 10:00;1,27;236,27
06/05/2021 10:00;1,24;236,24
07/05/2021 10:00;1,24;236,24
08/05/2021 10:00;1,24;236,24
09/05/2021 10:00;1,22;236,22
10/05/2021 10:00;1,22;236,22
11/05/2021 10:00;1,22;236,22
12/05/2021 10:00;1,24;236,24
13/05/2021 10:00;1,24;236,24
14/05/2021 10:00;1,6;236,6
15/05/2021 10:00;1,67;236,67
16/05/2021 10:00;2;237
17/05/2021 10:00;2,22;237,22
18/05/2021 10:00;2,3;237,3
19/05/2021 10:00;2,3;237,3
20/05/2021 10:00;2,37;237,37
21/05/2021 10:00;2,37;237,37
22/05/2021 10:00;2,36;237,36
23/05/2021 10:00;2,37;237,37
24/05/2021 10:00;2,37;237,37
25/05/2021 10:00;2,38;237,38
26/05/2021 10:00;2,38;237,38
27/05/2021 10:00;2,38;237,38
28/05/2021 10:00;2,3;237,3
29/05/2021 10:00;2,1;237,1
30/05/2021 10:00;2;237
31/05/2021 10:00;2;237
01/06/2021 10:00;1,1;236,1
02/06/2021 10:00;1;236
03/06/2021 10:00;1;236
04/06/2021 10:00;1;236
05/06/2021 10:00;1,24;236,24
06/06/2021 10:00;1,24;236,24
07/06/2021 10:00;1,24;236,24
08/06/2021 10:00;1,2;236,2
09/06/2021 10:00;1,22;236,22
10/06/2021 10:00;1,2;236,2
11/06/2021 10:00;1,2;236,2
12/06/2021 10:00;1,22;236,22
13/06/2021 10:00;1,22;236,22
14/06/2021 10:00;1,22;236,22
15/06/2021 10:00;1,3;236,3
16/06/2021 10:00;1,3;236,3
17/06/2021 10:00;1,3;236,3
18/06/2021 10:00;1,36;236,36
19/06/2021 10:00;1,36;236,36
20/06/2021 10:00;1,34;236,34
21/06/2021 10:00;1,34;236,34
22/06/2021 10:00;1,34;236,34
23/06/2021 10:00;1,36;236,36
24/06/2021 10:00;1,36;236,36
25/06/2021 10:00;1,36;236,36
26/06/2021 10:00;1,36;236,36
27/06/2021 10:00;1,36;236,36
28/06/2021 10:00;1,36;236,36
29/06/2021 10:00;1,36;236,36
30/06/2021 10:00;1,9;236,9
01/07/2021 10:00;2;237
02/07/2021 10:00;2,3;237,3
03/07/2021 10:00;2,51;237,51
04/07/2021 10:00;2,22;237,22
05/07/2021 10:00;2,02;237,02
06/07/2021 10:00;2;237
07/07/2021 10:00;1,6;236,6
08/07/2021 10:00;1,4;236,4
09/07/2021 10:00;1,12;236,12
10/07/2021 10:00;1,12;236,12
11/07/2021 10:00;1,1;236,1
12/07/2021 10:00;1,08;236,08
13/07/2021 10:00;1,06;236,06
14/07/2021 10:00;1,06;236,06
15/07/2021 10:00;1,06;236,06
16/07/2021 10:00;1,06;236,06
17/07/2021 10:00;1,06;236,06
18/07/2021 10:00;1,06;236,06
19/07/2021 10:00;1,06;236,06
20/07/2021 10:00;1,07;236,07
21/07/2021 10:00;1,07;236,07
22/07/2021 10:00;1,07;236,07
23/07/2021 10:00;1,07;236,07
24/07/2021 10:00;1,06;236,06
25/07/2021 10:00;1,05;236,05
26/07/2021 10:00;1,04;236,04
27/07/2021 10:00;1,04;236,04
28/07/2021 10:00;1,04;236,04
29/07/2021 10:00;1,02;236,02
30/07/2021 10:00;1,02;236,02
31/07/2021 10:00;1,02;236,02
01/08/2021 10:00;1;236
02/08/2021 10:00;1;236
03/08/2021 10:00;1;236
04/08/2021 10:00;1;236
05/08/2021 10:00;1;236
06/08/2021 10:00;1;236
07/08/2021 10:00;1;236
08/08/2021 10:00;1,02;236,02
09/08/2021 10:00;1,02;236,02
10/08/2021 10:00;1,02;236,02
11/08/2021 10:00;1,02;236,02
12/08/2021 10:00;1,02;236,02
13/08/2021 10:00;1,02;236,02
14/08/2021 10:00;1,02;236,02
15/08/2021 10:00;1,02;236,02
16/08/2021 10:00;1,02;236,02
17/08/2021 10:00;1,02;236,02
18/08/2021 10:00;1,02;236,02
19/08/2021 10:00;1,02;236,02
20/08/2021 10:00;1,02;236,02
21/08/2021 10:00;1,04;236,04
22/08/2021 10:00;1,04;236,04
23/08/2021 10:00;1,04;236,04
24/08/2021 10:00;1,04;236,04
25/08/2021 10:00;1,04;236,04
26/08/2021 10:00;1,04;236,04
27/08/2021 10:00;1,04;236,04
28/08/2021 10:00;1,04;236,04
29/08/2021 10:00;1,05;236,05
30/08/2021 10:00;1,05;236,05
31/08/2021 10:00;1,05;236,05
01/09/2021 10:00;1,04;236,04
02/09/2021 10:00;1,04;236,04
03/09/2021 10:00;1,04;236,04
04/09/2021 10:00;1,04;236,04
05/09/2021 10:00;1,04;236,04
06/09/2021 10:00;1,04;236,04
07/09/2021 10:00;1,06;236,06
08/09/2021 10:00;1,04;236,04
09/09/2021 10:00;1,04;236,04
10/09/2021 10:00;1,04;236,04
11/09/2021 10:00;1,04;236,04
12/09/2021 10:00;1,03;236,03
13/09/2021 10:00;1,03;236,03
14/09/2021 10:00;1,02;236,02
15/09/2021 10:00;1,02;236,02
16/09/2021 10:00;1,02;236,02
17/09/2021 10:00;1,02;236,02
18/09/2021 10:00;1,04;236,04
19/09/2021 10:00;1,04;236,04
20/09/2021 10:00;1,04;236,04
21/09/2021 10:00;1,04;236,04
22/09/2021 10:00;1,04;236,04
23/09/2021 10:00;1,04;236,04
24/09/2021 10:00;1,04;236,04
25/09/2021 10:00;1,04;236,04
26/09/2021 10:00;1,04;236,04
27/09/2021 10:00;1,04;236,04
28/09/2021 10:00;1,04;236,04
29/09/2021 10:00;1,04;236,04
30/09/2021 10:00;1,04;236,04
01/10/2021 10:00;1,04;236,04
02/10/2021 10:00;1,04;236,04
03/10/2021 10:00;1,04;236,04
04/10/2021 10:00;1,04;236,04
05/10/2021 10:00;1,04;236,04
06/10/2021 10:00;1,04;236,04
07/10/2021 10:00;1,04;236,04
08/10/2021 10:00;1,04;236,04
09/10/2021 10:00;1,04;236,04
10/10/2021 10:00;1,04;236,04
11/10/2021 10:00;1,04;236,04
12/10/2021 10:00;1,05;236,05
13/10/2021 10:00;1,05;236,05
14/10/2021 10:00;1,05;236,05
15/10/2021 10:00;1,06;236,06
16/10/2021 10:00;1,06;236,06
17/10/2021 10:00;1,06;236,06
18/10/2021 10:00;1,06;236,06
19/10/2021 10:00;1,06;236,06
20/10/2021 10:00;1,06;236,06
21/10/2021 10:00;1,06;236,06
22/10/2021 10:00;1,06;236,06
23/10/2021 10:00;1,06;236,06
24/10/2021 10:00;1,04;236,04
25/10/2021 10:00;1,04;236,04
26/10/2021 10:00;1,04;236,04
27/10/2021 10:00;1,04;236,04
28/10/2021 10:00;1,04;236,04
29/10/2021 10:00;1,04;236,04
30/10/2021 10:00;1,04;236,04
31/10/2021 10:00;1,04;236,04
01/11/2021 10:00;1,04;236,04
02/11/2021 10:00;1,03;236,03
03/11/2021 10:00;1,02;236,02
04/11/2021 10:00;1,02;236,02
05/11/2021 10:00;1,02;236,02
06/11/2021 10:00;1,03;236,03
07/11/2021 10:00;1,02;236,02
08/11/2021 10:00;1;236
09/11/2021 10:00;1;236
10/11/2021 10:00;1,05;236,05
11/11/2021 10:00;1,04;236,04
12/11/2021 10:00;1,05;236,05
13/11/2021 10:00;1,08;236,08
14/11/2021 10:00;1,08;236,08
15/11/2021 10:00;1,06;236,06
16/11/2021 10:00;1,06;236,06
17/11/2021 10:00;1,06;236,06
18/11/2021 10:00;1,06;236,06
19/11/2021 10:00;1,06;236,06
20/11/2021 10:00;1,04;236,04
21/11/2021 10:00;1,04;236,04
22/11/2021 10:00;1,04;236,04
23/11/2021 10:00;1,04;236,04
24/11/2021 10:00;1,02;236,02
25/11/2021 10:00;1,02;236,02
26/11/2021 10:00;1,02;236,02
27/11/2021 10:00;1,04;236,04
28/11/2021 10:00;1,04;236,04
29/11/2021 10:00;1,04;236,04
30/11/2021 10:00;1,04;236,04
01/12/2021 10:00;1,04;236,04
02/12/2021 10:00;1,04;236,04
03/12/2021 10:00;1,04;236,04
04/12/2021 10:00;1,04;236,04
05/12/2021 10:00;1,06;236,06
06/12/2021 10:00;1,07;236,07
07/12/2021 10:00;1,07;236,07
08/12/2021 10:00;1,07;236,07
09/12/2021 10:00;1,06;236,06
10/12/2021 10:00;1,06;236,06
11/12/2021 10:00;1,06;236,06
12/12/2021 10:00;1,06;236,06
13/12/2021 10:00;1,06;236,06
14/12/2021 10:00;1,06;236,06
15/12/2021 10:00;1,06;236,06
16/12/2021 10:00;1,06;236,06
17/12/2021 10:00;1,06;236,06
18/12/2021 10:00;1,07;236,07
19/12/2021 10:00;1,08;236,08
20/12/2021 10:00;1,1;236,1
21/12/2021 10:00;1,16;236,16
22/12/2021 10:00;1,1;236,1
23/12/2021 10:00;1,1;236,1
24/12/2021 10:00;1,1;236,1
25/12/2021 10:00;1,1;236,1
26/12/2021 10:00;1,1;236,1
27/12/2021 10:00;1,1;236,1
28/12/2021 10:00;1,08;236,08
29/12/2021 10:00;1,08;236,08
30/12/2021 10:00;1,08;236,08
31/12/2021 10:00;1,08;236,08
01/01/2022 10:00;1,1;236,1
02/01/2022 10:00;1,1;236,1
03/01/2022 10:00;1,08;236,08
04/01/2022 10:00;1,08;236,08
05/01/2022 10:00;1,08;236,08
06/01/2022 10:00;1,08;236,08
07/01/2022 10:00;1,09;236,09
08/01/2022 10:00;1,09;236,09
09/01/2022 10:00;1,08;236,08
10/01/2022 10:00;1,08;236,08
11/01/2022 10:00;1,08;236,08
12/01/2022 10:00;1,08;236,08
13/01/2022 10:00;1,08;236,08
14/01/2022 10:00;1,08;236,08
15/01/2022 10:00;1,1;236,1
16/01/2022 10:00;1,1;236,1
17/01/2022 10:00;1,1;236,1
18/01/2022 10:00;1,1;236,1
19/01/2022 10:00;1,1;236,1
20/01/2022 10:00;1,1;236,1
21/01/2022 10:00;1,1;236,1
22/01/2022 10:00;1,2;236,2
23/01/2022 10:00;1,2;236,2
24/01/2022 10:00;1,18;236,18
25/01/2022 10:00;1,18;236,18
26/01/2022 10:00;1,16;236,16
27/01/2022 10:00;1,16;236,16
28/01/2022 10:00;1,12;236,12
29/01/2022 10:00;1,12;236,12
30/01/2022 10:00;1,12;236,12
31/01/2022 10:00;1,12;236,12
01/02/2022 10:00;1,12;236,12
02/02/2022 10:00;1,12;236,12
03/02/2022 10:00;1,12;236,12
04/02/2022 10:00;1,12;236,12
05/02/2022 10:00;1,12;236,12
06/02/2022 10:00;1,12;236,12
07/02/2022 10:00;1,12;236,12
08/02/2022 10:00;1,12;236,12
09/02/2022 10:00;1,08;236,08
10/02/2022 10:00;1,08;236,08
11/02/2022 10:00;1,08;236,08
12/02/2022 10:00;1,1;236,1
13/02/2022 10:00;1,1;236,1
14/02/2022 10:00;1,1;236,1
15/02/2022 10:00;1,08;236,08
16/02/2022 10:00;1,08;236,08
17/02/2022 10:00;1,08;236,08
18/02/2022 10:00;1,08;236,08
19/02/2022 10:00;1,08;236,08
20/02/2022 10:00;1,26;236,26
21/02/2022 10:00;1,26;236,26
22/02/2022 10:00;1,26;236,26
23/02/2022 10:00;1,28;236,28
24/02/2022 10:00;1,28;236,28
25/02/2022 10:00;1,28;236,28
26/02/2022 10:00;1,28;236,28
27/02/2022 10:00;1,16;236,16
28/02/2022 10:00;1,15;236,15
01/03/2022 10:00;1,15;236,15
02/03/2022 10:00;1,15;236,15
03/03/2022 10:00;1,14;236,14
04/03/2022 10:00;1,12;236,12
05/03/2022 10:00;1,12;236,12
06/03/2022 10:00;1,11;236,11
07/03/2022 10:00;1,11;236,11
08/03/2022 10:00;1,1;236,1
09/03/2022 10:00;1,1;236,1
10/03/2022 10:00;1,08;236,08
11/03/2022 10:00;1,1;236,1
12/03/2022 10:00;1,1;236,1
13/03/2022 10:00;1,1;236,1
14/03/2022 10:00;1,1;236,1
15/03/2022 10:00;1,1;236,1
16/03/2022 10:00;1,1;236,1
17/03/2022 10:00;1,1;236,1
18/03/2022 10:00;1,1;236,1
19/03/2022 10:00;1,06;236,06
20/03/2022 10:00;1,06;236,06
21/03/2022 10:00;1,06;236,06
22/03/2022 10:00;1,08;236,08
23/03/2022 10:00;1,08;236,08
24/03/2022 10:00;1,08;236,08
25/03/2022 10:00;1,08;236,08
26/03/2022 10:00;1,08;236,08
27/03/2022 10:00;1,08;236,08
28/03/2022 10:00;1,08;236,08
29/03/2022 10:00;1,08;236,08
30/03/2022 10:00;1,08;236,08
31/03/2022 10:00;1,07;236,07
01/04/2022 10:00;1,06;236,06
02/04/2022 10:00;1,06;236,06
03/04/2022 10:00;1,06;236,06
04/04/2022 10:00;1,06;236,06
05/04/2022 10:00;1,06;236,06
06/04/2022 10:00;1,06;236,06
07/04/2022 10:00;1,07;236,07
08/04/2022 10:00;1,08;236,08
09/04/2022 10:00;1,09;236,09
10/04/2022 10:00;1,09;236,09
11/04/2022 10:00;1,08;236,08
12/04/2022 10:00;1,08;236,08
13/04/2022 10:00;1,1;236,1
14/04/2022 10:00;1,1;236,1
15/04/2022 10:00;1,08;236,08
16/04/2022 10:00;1,08;236,08
17/04/2022 10:00;1,08;236,08
18/04/2022 10:00;1,08;236,08
19/04/2022 10:00;1,06;236,06
20/04/2022 10:00;1,08;236,08
21/04/2022 10:00;1,1;236,1
22/04/2022 10:00;1,12;236,12
23/04/2022 10:00;1,12;236,12
24/04/2022 10:00;1,15;236,15
25/04/2022 10:00;1,15;236,15
26/04/2022 10:00;1,15;236,15
27/04/2022 10:00;1,14;236,14
28/04/2022 10:00;1,14;236,14
29/04/2022 10:00;1,12;236,12
30/04/2022 10:00;1,1;236,1
01/05/2022 10:00;1,12;236,12
02/05/2022 10:00;1,14;236,14
03/05/2022 10:00;1,14;236,14
04/05/2022 10:00;1,14;236,14
05/05/2022 10:00;1,14;236,14
06/05/2022 10:00;1,14;236,14
07/05/2022 10:00;1,14;236,14
08/05/2022 10:00;1,1;236,1
09/05/2022 10:00;0,98;235,98
10/05/2022 10:00;0,89;235,89
11/05/2022 10:00;0,89;235,89
12/05/2022 10:00;0,81;235,81
13/05/2022 10:00;0,81;235,81
14/05/2022 10:00;0,7;235,7
15/05/2022 10:00;0,66;235,66
16/05/2022 10:00;0,65;235,65
17/05/2022 10:00;0,65;235,65
18/05/2022 10:00;0,65;235,65
19/05/2022 10:00;0,65;235,65
20/05/2022 10:00;0,65;235,65
21/05/2022 10:00;0,63;235,63
22/05/2022 10:00;0,63;235,63
23/05/2022 10:00;0,64;235,64
24/05/2022 10:00;0,63;235,63
25/05/2022 10:00;0,64;235,64
26/05/2022 10:00;0,63;235,63
27/05/2022 10:00;0,64;235,64
28/05/2022 10:00;0,64;235,64
29/05/2022 10:00;0,63;235,63
30/05/2022 10:00;0,64;235,64
31/05/2022 10:00;0,62;235,62
01/06/2022 10:00;0,62;235,62
02/06/2022 10:00;0,63;235,63
03/06/2022 10:00;0,63;235,63
04/06/2022 10:00;0,64;235,64
05/06/2022 10:00;0,64;235,64
06/06/2022 10:00;0,64;235,64
07/06/2022 10:00;0,65;235,65
08/06/2022 10:00;0,65;235,65
09/06/2022 10:00;0,66;235,66
10/06/2022 10:00;0,66;235,66
11/06/2022 10:00;0,67;235,67
12/06/2022 10:00;0,67;235,67
13/06/2022 10:00;0,67;235,67
14/06/2022 10:00;0,68;235,68
15/06/2022 10:00;0,68;235,68
16/06/2022 10:00;0,68;235,68
17/06/2022 10:00;0,68;235,68
18/06/2022 10:00;0,64;235,64
19/06/2022 10:00;0,64;235,64
20/06/2022 10:00;0,64;235,64
21/06/2022 10:00;0,64;235,64
22/06/2022 10:00;0,64;235,64
23/06/2022 10:00;0,65;235,65
24/06/2022 10:00;0,66;235,66
25/06/2022 10:00;0,66;235,66
26/06/2022 10:00;0,66;235,66
27/06/2022 10:00;0,66;235,66
28/06/2022 10:00;0,66;235,66
29/06/2022 10:00;0,66;235,66
30/06/2022 10:00;0,66;235,66
01/07/2022 10:00;0,66;235,66
02/07/2022 10:00;0,66;235,66
03/07/2022 10:00;0,66;235,66
04/07/2022 10:00;0,66;235,66
05/07/2022 10:00;0,66;235,66
06/07/2022 10:00;0,66;235,66
07/07/2022 10:00;0,66;235,66
08/07/2022 10:00;0,66;235,66
09/07/2022 10:00;0,66;235,66
10/07/2022 10:00;0,66;235,66
11/07/2022 10:00;0,66;235,66
12/07/2022 10:00;0,66;235,66
13/07/2022 10:00;0,66;235,66
14/07/2022 10:00;0,66;235,66
15/07/2022 10:00;0,66;235,66
16/07/2022 10:00;0,65;235,65
17/07/2022 10:00;0,65;235,65
18/07/2022 10:00;0,66;235,66
19/07/2022 10:00;0,66;235,66
20/07/2022 10:00;0,66;235,66
21/07/2022 10:00;0,66;235,66
22/07/2022 10:00;0,66;235,66
23/07/2022 10:00;0,66;235,66
24/07/2022 10:00;0,64;235,64
25/07/2022 10:00;0,64;235,64
26/07/2022 10:00;0,64;235,64
27/07/2022 10:00;0,64;235,64
28/07/2022 10:00;0,64;235,64
29/07/2022 10:00;0,64;235,64
30/07/2022 10:00;0,64;235,64
31/07/2022 10:00;0,64;235,64
01/08/2022 10:00;0,64;235,64
02/08/2022 10:00;0,7;235,7
03/08/2022 10:00;0,76;235,76
04/08/2022 10:00;0,76;235,76
05/08/2022 10:00;0,76;235,76
06/08/2022 10:00;0,76;235,76
07/08/2022 10:00;0,75;235,75
08/08/2022 10:00;0,75;235,75
09/08/2022 10:00;0,75;235,75
10/08/2022 10:00;0,74;235,74
11/08/2022 10:00;0,74;235,74
12/08/2022 10:00;0,74;235,74
13/08/2022 10:00;0,74;235,74
14/08/2022 10:00;0,76;235,76
15/08/2022 10:00;0,78;235,78
16/08/2022 10:00;0,78;235,78
17/08/2022 10:00;0,83;235,83
18/08/2022 10:00;0,95;235,95
19/08/2022 10:00;0,95;235,95
20/08/2022 10:00;0,95;235,95
21/08/2022 10:00;0,95;235,95
22/08/2022 10:00;0,94;235,94
23/08/2022 10:00;0,94;235,94
24/08/2022 10:00;0,95;235,95
25/08/2022 10:00;0,95;235,95
26/08/2022 10:00;0,98;235,98
27/08/2022 10:00;0,98;235,98
28/08/2022 10:00;0,99;235,99
29/08/2022 10:00;0,99;235,99
30/08/2022 10:00;0,99;235,99
31/08/2022 10:00;0,97;235,97
01/09/2022 10:00;0,96;235,96
02/09/2022 10:00;0,96;235,96
03/09/2022 10:00;0,96;235,96
04/09/2022 10:00;1,04;236,04
05/09/2022 10:00;1,04;236,04
06/09/2022 10:00;1,08;236,08
07/09/2022 10:00;1,06;236,06
08/09/2022 10:00;1,08;236,08
09/09/2022 10:00;1,08;236,08
10/09/2022 10:00;1,08;236,08
11/09/2022 10:00;1,09;236,09
12/09/2022 10:00;1,1;236,1
13/09/2022 10:00;1,1;236,1
14/09/2022 10:00;1,1;236,1
15/09/2022 10:00;1,1;236,1
16/09/2022 10:00;1,1;236,1
17/09/2022 10:00;1,1;236,1
18/09/2022 10:00;1,09;236,09
19/09/2022 10:00;1,08;236,08
20/09/2022 10:00;1,08;236,08
21/09/2022 10:00;1,08;236,08
22/09/2022 10:00;1,08;236,08
23/09/2022 10:00;1,1;236,1
24/09/2022 10:00;1,1;236,1
25/09/2022 10:00;1,1;236,1
26/09/2022 10:00;1,1;236,1
27/09/2022 10:00;1,1;236,1
28/09/2022 10:00;1,1;236,1
29/09/2022 10:00;1,1;236,1
30/09/2022 10:00;1,1;236,1
01/10/2022 10:00;1,11;236,11
02/10/2022 10:00;1,1;236,1
03/10/2022 10:00;1,2;236,2
04/10/2022 10:00;1,16;236,16
05/10/2022 10:00;1,16;236,16
06/10/2022 10:00;1,16;236,16
07/10/2022 10:00;1,15;236,15
08/10/2022 10:00;1,15;236,15
09/10/2022 10:00;1,14;236,14
10/10/2022 10:00;1,13;236,13
11/10/2022 10:00;1,13;236,13
12/10/2022 10:00;1,14;236,14
13/10/2022 10:00;1,16;236,16
14/10/2022 10:00;1,16;236,16
15/10/2022 10:00;1,18;236,18
16/10/2022 10:00;1,18;236,18
17/10/2022 10:00;1,16;236,16
18/10/2022 10:00;1,16;236,16
19/10/2022 10:00;1,16;236,16
20/10/2022 10:00;1,16;236,16
21/10/2022 10:00;1,18;236,18
22/10/2022 10:00;1,18;236,18
23/10/2022 10:00;1,16;236,16
24/10/2022 10:00;1,16;236,16
25/10/2022 10:00;1,16;236,16
26/10/2022 10:00;1,14;236,14
27/10/2022 10:00;1,14;236,14
28/10/2022 10:00;1,14;236,14
29/10/2022 10:00;1,14;236,14
30/10/2022 10:00;1,24;236,24
31/10/2022 10:00;1,24;236,24
01/11/2022 10:00;1,26;236,26
02/11/2022 10:00;1,26;236,26
03/11/2022 10:00;1,24;236,24
04/11/2022 10:00;1,24;236,24
05/11/2022 10:00;1,24;236,24
06/11/2022 10:00;1,26;236,26
07/11/2022 10:00;1,26;236,26
08/11/2022 10:00;1,26;236,26
09/11/2022 10:00;1,22;236,22
10/11/2022 10:00;1,22;236,22
11/11/2022 10:00;1,34;236,34
12/11/2022 10:00;1,39;236,39
13/11/2022 10:00;1,4;236,4
14/11/2022 10:00;1,38;236,38
15/11/2022 10:00;1,4;236,4
16/11/2022 10:00;1,39;236,39
17/11/2022 10:00;1,38;236,38
18/11/2022 10:00;1,38;236,38
19/11/2022 10:00;1,36;236,36
20/11/2022 10:00;1,36;236,36
21/11/2022 10:00;1,34;236,34
22/11/2022 10:00;1,34;236,34
23/11/2022 10:00;1,34;236,34
24/11/2022 10:00;1,3;236,3
25/11/2022 10:00;1,3;236,3
26/11/2022 10:00;1,3;236,3
27/11/2022 10:00;1,29;236,29
28/11/2022 10:00;1,29;236,29
29/11/2022 10:00;1,3;236,3
30/11/2022 10:00;1,32;236,32
01/12/2022 10:00;1,34;236,34
02/12/2022 10:00;1,34;236,34
03/12/2022 10:00;1,48;236,48
04/12/2022 10:00;1,48;236,48
05/12/2022 10:00;1,5;236,5
06/12/2022 10:00;1,5;236,5
07/12/2022 10:00;1,58;236,58
08/12/2022 10:00;1,7;236,7
09/12/2022 10:00;1,76;236,76
10/12/2022 10:00;1,78;236,78
11/12/2022 10:00;1,78;236,78
12/12/2022 10:00;1,78;236,78
13/12/2022 09:40;1,75;236,75
14/12/2022 10:00;1,76;236,76
15/12/2022 10:00;1,74;236,74
16/12/2022 10:00;1,76;236,76
17/12/2022 10:00;1,76;236,76
18/12/2022 10:00;1,74;236,74
19/12/2022 10:00;1,74;236,74
20/12/2022 10:00;1,73;236,73
21/12/2022 10:00;1,7;236,7
22/12/2022 10:00;1,5;236,5
23/12/2022 10:00;1,5;236,5
24/12/2022 10:00;1,45;236,45
25/12/2022 10:00;1,45;236,45
26/12/2022 10:00;1,36;236,36
27/12/2022 10:00;1,34;236,34
28/12/2022 10:00;1,34;236,34
29/12/2022 10:00;1,34;236,34
30/12/2022 10:00;1,34;236,34
31/12/2022 10:00;1,32;236,32
01/01/2023 10:00;1,32;236,32
02/01/2023 10:00;1,32;236,32
03/01/2023 10:00;1,34;236,34
04/01/2023 10:00;1,35;236,35
05/01/2023 10:00;1,35;236,35
06/01/2023 10:00;1,35;236,35
07/01/2023 10:00;1,35;236,35
08/01/2023 10:00;1,34;236,34
09/01/2023 10:00;1,34;236,34
10/01/2023 10:00;1,35;236,35
11/01/2023 10:00;1,32;236,32
12/01/2023 10:00;1,36;236,36
13/01/2023 10:00;1,32;236,32
14/01/2023 10:00;1,34;236,34
15/01/2023 10:00;1,34;236,34
16/01/2023 10:00;1,37;236,37
17/01/2023 10:00;1,36;236,36
18/01/2023 10:00;1,38;236,38
19/01/2023 10:00;1,38;236,38
20/01/2023 10:00;1,38;236,38
21/01/2023 10:00;1,38;236,38
22/01/2023 10:00;1,38;236,38
23/01/2023 10:00;1,38;236,38
24/01/2023 10:00;1,38;236,38
25/01/2023 10:00;1,37;236,37
26/01/2023 10:00;1,37;236,37
27/01/2023 10:00;1,35;236,35
28/01/2023 10:00;1,34;236,34
29/01/2023 10:00;1,34;236,34
30/01/2023 10:00;1,35;236,35
31/01/2023 10:00;1,35;236,35
01/02/2023 10:00;1,34;236,34
02/02/2023 10:00;1,34;236,34
03/02/2023 10:00;1,34;236,34
04/02/2023 10:00;1,35;236,35
05/02/2023 10:00;1,35;236,35
06/02/2023 10:00;1,34;236,34
07/02/2023 10:00;1,34;236,34
08/02/2023 10:00;1,34;236,34
09/02/2023 10:00;1,34;236,34
10/02/2023 10:00;1,34;236,34
11/02/2023 10:00;1,34;236,34
12/02/2023 10:00;1,34;236,34
13/02/2023 10:00;1,34;236,34
14/02/2023 10:00;1,34;236,34
15/02/2023 10:00;1,34;236,34
16/02/2023 10:00;1,34;236,34
17/02/2023 10:00;1,34;236,34
18/02/2023 10:00;1,34;236,34
19/02/2023 10:00;1,34;236,34
20/02/2023 10:00;1,34;236,34
21/02/2023 10:00;1,34;236,34
22/02/2023 10:00;1,34;236,34
23/02/2023 10:00;1,34;236,34
24/02/2023 10:00;1,34;236,34
25/02/2023 10:00;1,34;236,34
26/02/2023 10:00;1,34;236,34
27/02/2023 10:00;1,33;236,33
28/02/2023 10:00;1,33;236,33
01/03/2023 10:00;1,33;236,33
02/03/2023 10:00;1,34;236,34
03/03/2023 10:00;1,34;236,34
04/03/2023 10:00;1,34;236,34
05/03/2023 10:00;1,34;236,34
06/03/2023 10:00;1,34;236,34
07/03/2023 10:00;1,36;236,36
08/03/2023 10:00;1,36;236,36
09/03/2023 10:00;1,64;236,64
10/03/2023 10:00;1,84;236,84
11/03/2023 10:00;1,85;236,85
12/03/2023 10:00;1,86;236,86
13/03/2023 10:00;1,88;236,88
14/03/2023 10:00;1,84;236,84
15/03/2023 10:00;1,84;236,84
16/03/2023 10:00;1,87;236,87
17/03/2023 10:00;1,88;236,88
18/03/2023 10:00;1,88;236,88
19/03/2023 10:00;1,78;236,78
20/03/2023 10:00;1,7;236,7
21/03/2023 10:00;1,7;236,7
22/03/2023 10:00;1,54;236,54
23/03/2023 10:00;1,54;236,54
24/03/2023 10:00;1,5;236,5
25/03/2023 10:00;1,45;236,45
26/03/2023 10:00;1,4;236,4
27/03/2023 10:00;1,34;236,34
28/03/2023 10:00;1,34;236,34
29/03/2023 10:00;1,34;236,34
30/03/2023 10:00;1,3;236,3
31/03/2023 10:00;1,3;236,3
01/04/2023 10:00;1,3;236,3
02/04/2023 10:00;1,3;236,3
03/04/2023 10:00;1,28;236,28
04/04/2023 10:00;1,26;236,26
05/04/2023 10:00;1,26;236,26
06/04/2023 10:00;1,24;236,24
07/04/2023 10:00;1,28;236,28
08/04/2023 10:00;1,28;236,28
09/04/2023 10:00;1,28;236,28
10/04/2023 10:00;1,28;236,28
11/04/2023 10:00;1,28;236,28
12/04/2023 10:00;1,28;236,28
13/04/2023 10:00;1,28;236,28
14/04/2023 10:00;1,28;236,28
15/04/2023 10:00;1,28;236,28
16/04/2023 10:00;1,28;236,28
17/04/2023 10:00;1,28;236,28
18/04/2023 10:00;1,28;236,28
19/04/2023 10:00;1,28;236,28
20/04/2023 10:00;1,28;236,28
21/04/2023 10:00;1,28;236,28
22/04/2023 10:00;1,28;236,28
23/04/2023 10:00;1,28;236,28
24/04/2023 10:00;1,28;236,28
25/04/2023 10:00;1,28;236,28
26/04/2023 10:00;1,28;236,28
27/04/2023 10:00;1,3;236,3
28/04/2023 10:00;1,3;236,3
29/04/2023 10:00;1,3;236,3
30/04/2023 10:00;1,29;236,29
01/05/2023 10:00;1,3;236,3
02/05/2023 10:00;1,3;236,3
03/05/2023 10:00;1,3;236,3
04/05/2023 10:00;1,3;236,3
05/05/2023 10:00;1,29;236,29
06/05/2023 10:00;1,29;236,29
07/05/2023 10:00;1,28;236,28
08/05/2023 10:00;1,28;236,28
09/05/2023 10:00;1,28;236,28
10/05/2023 10:00;1,28;236,28
11/05/2023 10:00;1,28;236,28
12/05/2023 10:00;1,28;236,28
13/05/2023 10:00;1,28;236,28
14/05/2023 10:00;1,28;236,28
15/05/2023 10:00;1,26;236,26
16/05/2023 10:00;1,16;236,16
17/05/2023 10:00;1,16;236,16
18/05/2023 10:00;1,26;236,26
19/05/2023 10:00;1,26;236,26
20/05/2023 10:00;1,04;236,04
21/05/2023 10:00;1,02;236,02
22/05/2023 10:00;1,02;236,02
23/05/2023 10:00;1,02;236,02
24/05/2023 10:00;1,02;236,02
25/05/2023 10:00;1,02;236,02
26/05/2023 10:00;1,04;236,04
27/05/2023 10:00;1,04;236,04
28/05/2023 10:00;1,04;236,04
29/05/2023 10:00;1,04;236,04
30/05/2023 10:00;1,04;236,04
31/05/2023 10:00;1,04;236,04
01/06/2023 10:00;1,04;236,04
02/06/2023 10:00;1,04;236,04
03/06/2023 10:00;1,04;236,04
04/06/2023 10:00;1,04;236,04
05/06/2023 10:00;1,04;236,04
06/06/2023 10:00;1,04;236,04
07/06/2023 10:00;1,04;236,04
08/06/2023 10:00;1,04;236,04
09/06/2023 10:00;1,02;236,02
10/06/2023 10:00;1,02;236,02
11/06/2023 10:00;1,02;236,02
12/06/2023 10:00;1,04;236,04
13/06/2023 10:00;1,04;236,04
14/06/2023 10:00;1,04;236,04
15/06/2023 10:00;1,04;236,04
16/06/2023 10:00;1,04;236,04
17/06/2023 10:00;1,04;236,04
18/06/2023 10:00;1,04;236,04
19/06/2023 10:00;1,04;236,04
20/06/2023 10:00;1,04;236,04
21/06/2023 10:00;1,04;236,04
22/06/2023 10:00;1,14;236,14
23/06/2023 10:00;1,16;236,16
24/06/2023 10:00;1,56;236,56
25/06/2023 10:00;1,6;236,6
26/06/2023 10:00;1,62;236,62
27/06/2023 10:00;1,68;236,68
28/06/2023 10:00;2,08;237,08
29/06/2023 10:00;2,15;237,15
30/06/2023 10:00;2,08;237,08
01/07/2023 10:00;2,08;237,08
02/07/2023 10:00;2,08;237,08
03/07/2023 10:00;2,06;237,06
04/07/2023 10:00;2,06;237,06
05/07/2023 10:00;2,06;237,06
06/07/2023 10:00;2,06;237,06
07/07/2023 10:00;2,06;237,06
08/07/2023 10:00;2,08;237,08
09/07/2023 10:00;2,08;237,08
10/07/2023 10:00;2,08;237,08
11/07/2023 10:00;2,22;237,22
12/07/2023 10:00;2,28;237,28
13/07/2023 10:00;2,37;237,37
14/07/2023 10:00;2,45;237,45
15/07/2023 10:00;2,5;237,5
16/07/2023 10:00;2,6;237,6
17/07/2023 10:00;2,66;237,66
18/07/2023 10:00;2,64;237,64
19/07/2023 10:00;2,66;237,66
20/07/2023 10:00;2,66;237,66
21/07/2023 10:00;2,68;237,68
22/07/2023 10:00;2,68;237,68
23/07/2023 10:00;2,72;237,72
24/07/2023 10:00;2,69;237,69
25/07/2023 10:00;2,69;237,69
26/07/2023 10:00;2,66;237,66
27/07/2023 10:00;2,67;237,67
28/07/2023 10:00;2,69;237,69
29/07/2023 10:00;2,69;237,69
30/07/2023 10:00;2,69;237,69
31/07/2023 10:00;2,63;237,63
01/08/2023 10:00;2,65;237,65
02/08/2023 10:00;2,6;237,6
03/08/2023 10:00;2,59;237,59
04/08/2023 10:00;2,68;237,68
05/08/2023 10:00;2,68;237,68
06/08/2023 10:00;2,62;237,62
07/08/2023 10:00;2,62;237,62
08/08/2023 12:50;2,74;237,74
09/08/2023 10:00;2,72;237,72
10/08/2023 10:00;2,8;237,8
11/08/2023 10:00;2,78;237,78
12/08/2023 10:00;2,75;237,75
13/08/2023 10:00;2,75;237,75
14/08/2023 10:00;2,76;237,76
15/08/2023 10:00;2,76;237,76
16/08/2023 10:00;2,76;237,76
17/08/2023 10:00;2,77;237,77
18/08/2023 10:00;2,9;237,9
19/08/2023 10:00;2,95;237,95
20/08/2023 10:00;2,97;237,97
21/08/2023 10:00;2,97;237,97
22/08/2023 10:00;2,97;237,97
23/08/2023 10:00;2,98;237,98
24/08/2023 10:00;2,98;237,98
25/08/2023 10:00;3;238
26/08/2023 10:00;3,02;238,02
27/08/2023 10:00;3,07;238,07
28/08/2023 10:00;3,05;238,05
29/08/2023 10:00;2,95;237,95
30/08/2023 10:00;3,08;238,08
31/08/2023 10:00;3,06;238,06
01/09/2023 10:00;3,09;238,09
02/09/2023 10:00;3,09;238,09
03/09/2023 10:00;3,07;238,07
04/09/2023 10:00;3,06;238,06
05/09/2023 10:00;3,04;238,04
06/09/2023 10:00;3,02;238,02
07/09/2023 10:00;3;238
08/09/2023 10:00;3;238
09/09/2023 10:00;3;238
10/09/2023 10:00;3;238
11/09/2023 10:00;2,98;237,98
12/09/2023 10:00;2,78;237,78
13/09/2023 10:00;2,64;237,64
14/09/2023 10:00;2,5;237,5
15/09/2023 10:00;2,5;237,5
16/09/2023 10:00;2,48;237,48
17/09/2023 10:00;2,48;237,48
18/09/2023 10:00;2,5;237,5
19/09/2023 10:00;2,5;237,5
20/09/2023 10:00;2,5;237,5
21/09/2023 10:00;2,49;237,49
22/09/2023 10:00;2,46;237,46
23/09/2023 10:00;2,44;237,44
24/09/2023 10:00;2,41;237,41
25/09/2023 10:00;2,4;237,4
26/09/2023 10:00;2,4;237,4
27/09/2023 10:00;2,4;237,4
28/09/2023 10:00;2,4;237,4
29/09/2023 10:00;2,4;237,4
30/09/2023 10:00;2,4;237,4
01/10/2023 10:00;2,35;237,35
02/10/2023 10:00;2,36;237,36
03/10/2023 10:00;2,36;237,36
04/10/2023 10:00;2,36;237,36
05/10/2023 10:00;2,36;237,36
06/10/2023 10:00;2,36;237,36
07/10/2023 10:00;2,36;237,36
08/10/2023 10:00;2,22;237,22
09/10/2023 10:00;2,22;237,22
10/10/2023 10:00;2,22;237,22
11/10/2023 17:15;2,2;237,2
12/10/2023 10:00;2,18;237,18
13/10/2023 10:00;2,18;237,18
14/10/2023 10:00;2,16;237,16
15/10/2023 10:00;2,16;237,16
16/10/2023 10:00;2,16;237,16
17/10/2023 10:00;2,14;237,14
18/10/2023 10:00;2,12;237,12
19/10/2023 10:00;2,1;237,1
20/10/2023 10:00;2,08;237,08
21/10/2023 10:00;2,08;237,08
22/10/2023 10:00;2,06;237,06
23/10/2023 10:00;2,02;237,02
24/10/2023 10:00;2,02;237,02
25/10/2023 10:00;2,02;237,02
26/10/2023 10:00;2,06;237,06
27/10/2023 10:00;2,06;237,06
28/10/2023 10:00;2,06;237,06
29/10/2023 10:00;2,1;237,1
30/10/2023 10:00;2,1;237,1
31/10/2023 10:00;2,1;237,1
01/11/2023 10:00;2,12;237,12
02/11/2023 10:00;2,5;237,5
03/11/2023 10:30;2,72;237,72
04/11/2023 10:30;2,74;237,74
05/11/2023 10:30;2,74;237,74
06/11/2023 10:30;2,7;237,7
07/11/2023 12:30;2,7;237,7
08/11/2023 10:30;2,38;237,38
09/11/2023 10:30;2,2;237,2
10/11/2023 10:30;2,05;237,05
11/11/2023 10:30;1,9;236,9
12/11/2023 10:30;1,9;236,9
13/11/2023 10:30;1,85;236,85
14/11/2023 10:30;1,86;236,86
15/11/2023 10:30;1,86;236,86
16/11/2023 10:30;1,89;236,89
17/11/2023 10:00;1,89;236,89
18/11/2023 10:30;1,9;236,9
19/11/2023 10:30;1,9;236,9
20/11/2023 10:30;1,88;236,88
21/11/2023 10:00;1,88;236,88
22/11/2023 10:00;1,85;236,85
23/11/2023 10:00;1,85;236,85
24/11/2023 10:00;1,85;236,85
25/11/2023 10:00;1,84;236,84
26/11/2023 10:00;1,85;236,85
27/11/2023 10:00;1,84;236,84
28/11/2023 10:00;1,88;236,88
29/11/2023 10:00;1,88;236,88
30/11/2023 10:00;1,9;236,9
01/12/2023 10:00;1,94;236,94
02/12/2023 10:00;1,94;236,94
03/12/2023 10:00;1,95;236,95
04/12/2023 10:00;1,9;236,9
05/12/2023 10:00;1,86;236,86
06/12/2023 10:00;1,88;236,88
07/12/2023 10:00;1,92;236,92
08/12/2023 10:00;1,96;236,96
09/12/2023 10:00;2;237
10/12/2023 10:00;1,95;236,95
11/12/2023 10:00;1,94;236,94
12/12/2023 10:00;1,98;236,98
13/12/2023 10:00;2;237
14/12/2023 10:00;2,02;237,02
15/12/2023 10:00;2,02;237,02
16/12/2023 10:00;2,04;237,04
17/12/2023 10:00;2;237
18/12/2023 10:00;1,75;236,75
19/12/2023 10:00;1,7;236,7
20/12/2023 10:00;1,72;236,72
21/12/2023 10:00;1,8;236,8
22/12/2023 08:35;1,8;236,8
23/12/2023 10:00;1,78;236,78
24/12/2023 10:00;1,78;236,78
25/12/2023 10:00;1,8;236,8
26/12/2023 10:00;1,7;236,7
27/12/2023 10:00;1,7;236,7
28/12/2023 10:00;1,65;236,65
29/12/2023 10:00;1,65;236,65
30/12/2023 10:00;1,72;236,72
31/12/2023 10:00;1,7;236,7
