Dia;Mes;Año;Fecha;Altura (m);Cota IGN (msnm);Cota IGN (msnm) corregida
1;1;2010;1/1/2010;2,11;198,412;199,322
2;1;2010;2/1/2010;2,06;198,357;199,267
3;1;2010;3/1/2010;2,02;198,317;199,227
4;1;2010;4/1/2010;2,02;198,317;199,227
5;1;2010;5/1/2010;2,01;198,311;199,221
6;1;2010;6/1/2010;2,01;198,308;199,218
7;1;2010;7/1/2010;1,99;198,294;199,204
8;1;2010;8/1/2010;1,99;198,286;199,196
9;1;2010;9/1/2010;1,98;198,277;199,187
10;1;2010;10/1/2010;1,94;198,242;199,152
11;1;2010;11/1/2010;1,91;198,206;199,116
12;1;2010;12/1/2010;1,87;198,174;199,084
13;1;2010;13/1/2010;1,87;198,167;199,077
14;1;2010;14/1/2010;1,86;198,157;199,067
15;1;2010;15/1/2010;1,85;198,152;199,062
16;1;2010;16/1/2010;1,85;198,151;199,061
17;1;2010;17/1/2010;1,85;198,15;199,06
18;1;2010;18/1/2010;1,85;198,151;199,061
19;1;2010;19/1/2010;1,85;198,149;199,059
20;1;2010;20/1/2010;1,85;198,15;199,06
21;1;2010;21/1/2010;1,85;198,15;199,06
22;1;2010;22/1/2010;1,85;198,151;199,061
23;1;2010;23/1/2010;1,85;198,152;199,062
24;1;2010;24/1/2010;1,85;198,154;199,064
25;1;2010;25/1/2010;1,85;198,153;199,063
26;1;2010;26/1/2010;1,85;198,152;199,062
27;1;2010;27/1/2010;1,85;198,153;199,063
28;1;2010;28/1/2010;1,85;198,153;199,063
29;1;2010;29/1/2010;1,85;198,152;199,062
30;1;2010;30/1/2010;1,85;198,149;199,059
31;1;2010;31/1/2010;1,85;198,152;199,062
1;2;2010;1/2/2010;1,85;198,152;199,062
2;2;2010;2/2/2010;1,85;198,147;199,057
3;2;2010;3/2/2010;1,85;198,15;199,06
4;2;2010;4/2/2010;1,87;198,165;199,075
5;2;2010;5/2/2010;1,87;198,167;199,077
6;2;2010;6/2/2010;1,86;198,164;199,074
7;2;2010;7/2/2010;1,86;198,163;199,073
8;2;2010;8/2/2010;1,86;198,161;199,071
9;2;2010;9/2/2010;1,86;198,158;199,068
10;2;2010;10/2/2010;1,86;198,157;199,067
11;2;2010;11/2/2010;1,86;198,158;199,068
12;2;2010;12/2/2010;1,86;198,159;199,069
13;2;2010;13/2/2010;1,87;198,172;199,082
14;2;2010;14/2/2010;1,88;198,176;199,086
15;2;2010;15/2/2010;1,88;198,183;199,093
16;2;2010;16/2/2010;1,88;198,181;199,091
17;2;2010;17/2/2010;1,88;198,182;199,092
18;2;2010;18/2/2010;1,91;198,212;199,122
19;2;2010;19/2/2010;1,93;198,226;199,136
20;2;2010;20/2/2010;1,93;198,225;199,135
21;2;2010;21/2/2010;1,94;198,241;199,151
22;2;2010;22/2/2010;1,96;198,257;199,167
23;2;2010;23/2/2010;1,95;198,251;199,161
24;2;2010;24/2/2010;1,94;198,241;199,151
25;2;2010;25/2/2010;1,94;198,236;199,146
26;2;2010;26/2/2010;1,93;198,233;199,143
27;2;2010;27/2/2010;1,93;198,228;199,138
28;2;2010;28/2/2010;1,93;198,226;199,136
1;3;2010;1/3/2010;1,93;198,228;199,138
2;3;2010;2/3/2010;1,92;198,219;199,129
3;3;2010;3/3/2010;1,91;198,207;199,117
4;3;2010;4/3/2010;1,91;198,213;199,123
5;3;2010;5/3/2010;1,91;198,207;199,117
6;3;2010;6/3/2010;1,91;198,206;199,116
7;3;2010;7/3/2010;1,91;198,212;199,122
8;3;2010;8/3/2010;1,92;198,222;199,132
9;3;2010;9/3/2010;1,92;198,22;199,13
10;3;2010;10/3/2010;1,93;198,225;199,135
11;3;2010;11/3/2010;1,93;198,225;199,135
12;3;2010;12/3/2010;1,93;198,226;199,136
13;3;2010;13/3/2010;1,92;198,224;199,134
14;3;2010;14/3/2010;1,93;198,225;199,135
15;3;2010;15/3/2010;1,92;198,223;199,133
16;3;2010;16/3/2010;1,92;198,221;199,131
17;3;2010;17/3/2010;1,92;198,218;199,128
18;3;2010;18/3/2010;1,92;198,218;199,128
19;3;2010;19/3/2010;1,92;198,219;199,129
20;3;2010;20/3/2010;1,92;198,219;199,129
21;3;2010;21/3/2010;1,92;198,221;199,131
22;3;2010;22/3/2010;1,92;198,22;199,13
23;3;2010;23/3/2010;1,92;198,218;199,128
24;3;2010;24/3/2010;1,91;198,215;199,125
25;3;2010;25/3/2010;1,91;198,209;199,119
26;3;2010;26/3/2010;1,91;198,207;199,117
27;3;2010;27/3/2010;1,91;198,215;199,125
28;3;2010;28/3/2010;1,96;198,255;199,165
29;3;2010;29/3/2010;2;198,305;199,215
30;3;2010;30/3/2010;2,03;198,327;199,237
31;3;2010;31/3/2010;2,05;198,347;199,257
1;4;2010;1/4/2010;2,08;198,382;199,292
2;4;2010;2/4/2010;2,16;198,458;199,368
3;4;2010;3/4/2010;2,21;198,513;199,423
4;4;2010;4/4/2010;2,26;198,562;199,472
5;4;2010;5/4/2010;2,3;198,603;199,513
6;4;2010;6/4/2010;2,31;198,613;199,523
7;4;2010;7/4/2010;2,35;198,645;199,555
8;4;2010;8/4/2010;2,34;198,643;199,553
9;4;2010;9/4/2010;2,34;198,638;199,548
10;4;2010;10/4/2010;2,33;198,634;199,544
11;4;2010;11/4/2010;2,32;198,625;199,535
12;4;2010;12/4/2010;2,31;198,61;199,52
13;4;2010;13/4/2010;2,31;198,609;199,519
14;4;2010;14/4/2010;2,31;198,612;199,522
15;4;2010;15/4/2010;2,31;198,61;199,52
16;4;2010;16/4/2010;2,31;198,609;199,519
17;4;2010;17/4/2010;2,31;198,612;199,522
18;4;2010;18/4/2010;2,32;198,616;199,526
19;4;2010;19/4/2010;2,31;198,613;199,523
20;4;2010;20/4/2010;2,31;198,608;199,518
21;4;2010;21/4/2010;2,31;198,612;199,522
22;4;2010;22/4/2010;2,31;198,613;199,523
23;4;2010;23/4/2010;2,29;198,587;199,497
24;4;2010;24/4/2010;2,1;198,396;199,306
25;4;2010;25/4/2010;2,07;198,371;199,281
26;4;2010;26/4/2010;2,06;198,358;199,268
27;4;2010;27/4/2010;2,01;198,312;199,222
28;4;2010;28/4/2010;1,98;198,285;199,195
29;4;2010;29/4/2010;1,96;198,263;199,173
30;4;2010;30/4/2010;1,96;198,259;199,169
1;5;2010;1/5/2010;1,88;198,184;199,094
2;5;2010;2/5/2010;1,88;198,176;199,086
3;5;2010;3/5/2010;1,82;198,124;199,034
4;5;2010;4/5/2010;1,8;198,1;199,01
5;5;2010;5/5/2010;1,78;198,082;198,992
6;5;2010;6/5/2010;1,76;198,057;198,967
7;5;2010;7/5/2010;1,73;198,027;198,937
8;5;2010;8/5/2010;1,69;197,988;198,898
9;5;2010;9/5/2010;1,69;197,994;198,904
10;5;2010;10/5/2010;1,69;197,993;198,903
11;5;2010;11/5/2010;1,7;198,001;198,911
12;5;2010;12/5/2010;1,65;197,948;198,858
13;5;2010;13/5/2010;1,61;197,906;198,816
14;5;2010;14/5/2010;1,57;197,866;198,776
15;5;2010;15/5/2010;1,53;197,832;198,742
16;5;2010;16/5/2010;1,53;197,826;198,736
17;5;2010;17/5/2010;1,53;197,827;198,737
18;5;2010;18/5/2010;1,53;197,825;198,735
19;5;2010;19/5/2010;1,53;197,825;198,735
20;5;2010;20/5/2010;1,52;197,824;198,734
21;5;2010;21/5/2010;1,52;197,825;198,735
22;5;2010;22/5/2010;1,52;197,824;198,734
23;5;2010;23/5/2010;1,52;197,823;198,733
24;5;2010;24/5/2010;1,52;197,823;198,733
25;5;2010;25/5/2010;1,52;197,823;198,733
26;5;2010;26/5/2010;1,53;197,826;198,736
27;5;2010;27/5/2010;1,53;197,83;198,74
28;5;2010;28/5/2010;1,53;197,825;198,735
29;5;2010;29/5/2010;1,52;197,824;198,734
30;5;2010;30/5/2010;1,52;197,824;198,734
31;5;2010;31/5/2010;1,52;197,822;198,732
1;6;2010;1/6/2010;1,52;197,822;198,732
2;6;2010;2/6/2010;1,51;197,808;198,718
3;6;2010;3/6/2010;1,49;197,788;198,698
4;6;2010;4/6/2010;1,49;197,787;198,697
5;6;2010;5/6/2010;1,49;197,786;198,696
6;6;2010;6/6/2010;1,47;197,771;198,681
7;6;2010;7/6/2010;1,47;197,769;198,679
8;6;2010;8/6/2010;1,47;197,768;198,678
9;6;2010;9/6/2010;1,47;197,765;198,675
10;6;2010;10/6/2010;1,47;197,766;198,676
11;6;2010;11/6/2010;1,47;197,765;198,675
12;6;2010;12/6/2010;1,46;197,765;198,675
13;6;2010;13/6/2010;1,46;197,763;198,673
14;6;2010;14/6/2010;1,46;197,763;198,673
15;6;2010;15/6/2010;1,46;197,762;198,672
16;6;2010;16/6/2010;1,46;197,763;198,673
17;6;2010;17/6/2010;1,46;197,76;198,67
18;6;2010;18/6/2010;1,46;197,76;198,67
19;6;2010;19/6/2010;1,46;197,762;198,672
20;6;2010;20/6/2010;1,46;197,762;198,672
21;6;2010;21/6/2010;1,46;197,761;198,671
22;6;2010;22/6/2010;1,46;197,762;198,672
23;6;2010;23/6/2010;1,46;197,76;198,67
24;6;2010;24/6/2010;1,46;197,759;198,669
25;6;2010;25/6/2010;1,46;197,759;198,669
26;6;2010;26/6/2010;1,46;197,757;198,667
27;6;2010;27/6/2010;1,46;197,757;198,667
28;6;2010;28/6/2010;1,46;197,758;198,668
29;6;2010;29/6/2010;1,46;197,757;198,667
30;6;2010;30/6/2010;1,46;197,757;198,667
1;7;2010;1/7/2010;1,46;197,756;198,666
2;7;2010;2/7/2010;1,45;197,752;198,662
3;7;2010;3/7/2010;1,45;197,752;198,662
4;7;2010;4/7/2010;1,45;197,751;198,661
5;7;2010;5/7/2010;1,45;197,751;198,661
6;7;2010;6/7/2010;1,45;197,751;198,661
7;7;2010;7/7/2010;1,51;197,813;198,723
8;7;2010;8/7/2010;1,73;198,028;198,938
9;7;2010;9/7/2010;1,72;198,023;198,933
10;7;2010;10/7/2010;1,76;198,064;198,974
11;7;2010;11/7/2010;1,9;198,201;199,111
12;7;2010;12/7/2010;2;198,304;199,214
13;7;2010;13/7/2010;2,05;198,345;199,255
14;7;2010;14/7/2010;2,1;198,403;199,313
15;7;2010;15/7/2010;2,48;198,776;199,686
16;7;2010;16/7/2010;2,59;198,89;199,8
17;7;2010;17/7/2010;2,63;198,929;199,839
18;7;2010;18/7/2010;2,66;198,959;199,869
19;7;2010;19/7/2010;2,68;198,976;199,886
20;7;2010;20/7/2010;2,68;198,976;199,886
21;7;2010;21/7/2010;2,68;198,978;199,888
22;7;2010;22/7/2010;2,68;198,978;199,888
23;7;2010;23/7/2010;2,68;198,98;199,89
24;7;2010;24/7/2010;2,68;198,983;199,893
25;7;2010;25/7/2010;2,69;198,986;199,896
26;7;2010;26/7/2010;2,52;198,823;199,733
27;7;2010;27/7/2010;2,56;198,856;199,766
28;7;2010;28/7/2010;2,63;198,93;199,84
29;7;2010;29/7/2010;2,64;198,94;199,85
30;7;2010;30/7/2010;2,65;198,949;199,859
31;7;2010;31/7/2010;2,65;198,95;199,86
1;8;2010;1/8/2010;2,65;198,949;199,859
2;8;2010;2/8/2010;2,66;198,964;199,874
3;8;2010;3/8/2010;2,67;198,975;199,885
4;8;2010;4/8/2010;2,67;198,974;199,884
5;8;2010;5/8/2010;2,68;198,983;199,893
6;8;2010;6/8/2010;2,7;199,005;199,915
7;8;2010;7/8/2010;2,71;199,008;199,918
8;8;2010;8/8/2010;2,71;199,005;199,915
9;8;2010;9/8/2010;2,7;199,004;199,914
10;8;2010;10/8/2010;2,7;199;199,91
11;8;2010;11/8/2010;2,7;199,003;199,913
12;8;2010;12/8/2010;2,7;198,999;199,909
13;8;2010;13/8/2010;2,7;198,997;199,907
14;8;2010;14/8/2010;2,69;198,994;199,904
15;8;2010;15/8/2010;2,57;198,873;199,783
16;8;2010;16/8/2010;2,31;198,608;199,518
17;8;2010;17/8/2010;2,17;198,468;199,378
18;8;2010;18/8/2010;2,09;198,391;199,301
19;8;2010;19/8/2010;1,98;198,283;199,193
20;8;2010;20/8/2010;1,74;198,042;198,952
21;8;2010;21/8/2010;1,7;197,995;198,905
22;8;2010;22/8/2010;1,66;197,957;198,867
23;8;2010;23/8/2010;1,65;197,953;198,863
24;8;2010;24/8/2010;1,64;197,943;198,853
25;8;2010;25/8/2010;1,63;197,927;198,837
26;8;2010;26/8/2010;1,62;197,919;198,829
27;8;2010;27/8/2010;1,61;197,908;198,818
28;8;2010;28/8/2010;1,58;197,884;198,794
29;8;2010;29/8/2010;1,58;197,882;198,792
30;8;2010;30/8/2010;1,58;197,884;198,794
31;8;2010;31/8/2010;1,58;197,882;198,792
1;9;2010;1/9/2010;1,57;197,874;198,784
2;9;2010;2/9/2010;1,58;197,877;198,787
3;9;2010;3/9/2010;1,58;197,881;198,791
4;9;2010;4/9/2010;1,58;197,882;198,792
5;9;2010;5/9/2010;1,58;197,882;198,792
6;9;2010;6/9/2010;1,58;197,875;198,785
7;9;2010;7/9/2010;1,65;197,951;198,861
8;9;2010;8/9/2010;1,61;197,913;198,823
9;9;2010;9/9/2010;1,58;197,881;198,791
10;9;2010;10/9/2010;1,55;197,846;198,756
11;9;2010;11/9/2010;1,53;197,826;198,736
12;9;2010;12/9/2010;1,52;197,818;198,728
13;9;2010;13/9/2010;1,52;197,821;198,731
14;9;2010;14/9/2010;1,52;197,822;198,732
15;9;2010;15/9/2010;1,5;197,796;198,706
16;9;2010;16/9/2010;1,46;197,756;198,666
17;9;2010;17/9/2010;1,45;197,75;198,66
18;9;2010;18/9/2010;1,45;197,753;198,663
19;9;2010;19/9/2010;1,45;197,747;198,657
20;9;2010;20/9/2010;1,45;197,748;198,658
21;9;2010;21/9/2010;1,45;197,746;198,656
22;9;2010;22/9/2010;1,45;197,746;198,656
23;9;2010;23/9/2010;1,44;197,743;198,653
24;9;2010;24/9/2010;1,45;197,747;198,657
25;9;2010;25/9/2010;1,45;197,747;198,657
26;9;2010;26/9/2010;1,46;197,756;198,666
27;9;2010;27/9/2010;1,57;197,873;198,783
28;9;2010;28/9/2010;1,73;198,031;198,941
29;9;2010;29/9/2010;1,71;198,008;198,918
30;9;2010;30/9/2010;1,67;197,974;198,884
1;10;2010;1/10/2010;1,66;197,958;198,868
2;10;2010;2/10/2010;1,66;197,96;198,87
3;10;2010;3/10/2010;1,66;197,961;198,871
4;10;2010;4/10/2010;1,66;197,956;198,866
5;10;2010;5/10/2010;1,65;197,955;198,865
6;10;2010;6/10/2010;1,64;197,941;198,851
7;10;2010;7/10/2010;1,64;197,937;198,847
8;10;2010;8/10/2010;1,63;197,926;198,836
9;10;2010;9/10/2010;1,62;197,923;198,833
10;10;2010;10/10/2010;1,62;197,92;198,83
11;10;2010;11/10/2010;1,62;197,917;198,827
12;10;2010;12/10/2010;1,62;197,918;198,828
13;10;2010;13/10/2010;1,6;197,903;198,813
14;10;2010;14/10/2010;1,59;197,893;198,803
15;10;2010;15/10/2010;1,59;197,889;198,799
16;10;2010;16/10/2010;1,59;197,89;198,8
17;10;2010;17/10/2010;1,59;197,892;198,802
18;10;2010;18/10/2010;1,59;197,892;198,802
19;10;2010;19/10/2010;1,59;197,894;198,804
20;10;2010;20/10/2010;1,59;197,89;198,8
21;10;2010;21/10/2010;1,58;197,878;198,788
22;10;2010;22/10/2010;1,55;197,852;198,762
23;10;2010;23/10/2010;1,54;197,839;198,749
24;10;2010;24/10/2010;1,54;197,839;198,749
25;10;2010;25/10/2010;1,54;197,842;198,752
26;10;2010;26/10/2010;1,54;197,841;198,751
27;10;2010;27/10/2010;1,54;197,841;198,751
28;10;2010;28/10/2010;1,56;197,861;198,771
29;10;2010;29/10/2010;1,57;197,869;198,779
30;10;2010;30/10/2010;1,57;197,872;198,782
31;10;2010;31/10/2010;1,57;197,873;198,783
1;11;2010;1/11/2010;1,58;197,875;198,785
2;11;2010;2/11/2010;1,57;197,872;198,782
3;11;2010;3/11/2010;1,56;197,858;198,768
4;11;2010;4/11/2010;1,52;197,822;198,732
5;11;2010;5/11/2010;1,49;197,79;198,7
6;11;2010;6/11/2010;1,48;197,78;198,69
7;11;2010;7/11/2010;1,48;197,778;198,688
8;11;2010;8/11/2010;1,48;197,778;198,688
9;11;2010;9/11/2010;1,48;197,777;198,687
10;11;2010;10/11/2010;1,47;197,769;198,679
11;11;2010;11/11/2010;1,47;197,769;198,679
12;11;2010;12/11/2010;1,46;197,764;198,674
13;11;2010;13/11/2010;1,46;197,759;198,669
14;11;2010;14/11/2010;1,46;197,756;198,666
15;11;2010;15/11/2010;1,46;197,758;198,668
16;11;2010;16/11/2010;1,46;197,759;198,669
17;11;2010;17/11/2010;1,46;197,757;198,667
18;11;2010;18/11/2010;1,46;197,758;198,668
19;11;2010;19/11/2010;1,45;197,755;198,665
20;11;2010;20/11/2010;1,46;197,756;198,666
21;11;2010;21/11/2010;1,46;197,756;198,666
22;11;2010;22/11/2010;1,46;197,761;198,671
23;11;2010;23/11/2010;1,46;197,763;198,673
24;11;2010;24/11/2010;1,46;197,758;198,668
25;11;2010;25/11/2010;1,46;197,757;198,667
26;11;2010;26/11/2010;1,46;197,758;198,668
27;11;2010;27/11/2010;1,46;197,759;198,669
28;11;2010;28/11/2010;1,46;197,761;198,671
29;11;2010;29/11/2010;1,46;197,762;198,672
30;11;2010;30/11/2010;1,46;197,761;198,671
1;12;2010;1/12/2010;1,46;197,762;198,672
2;12;2010;2/12/2010;1,46;197,759;198,669
3;12;2010;3/12/2010;1,46;197,759;198,669
4;12;2010;4/12/2010;1,46;197,759;198,669
5;12;2010;5/12/2010;1,46;197,764;198,674
6;12;2010;6/12/2010;1,47;197,766;198,676
7;12;2010;7/12/2010;1,46;197,762;198,672
8;12;2010;8/12/2010;1,47;197,765;198,675
9;12;2010;9/12/2010;1,46;197,765;198,675
10;12;2010;10/12/2010;1,46;197,764;198,674
11;12;2010;11/12/2010;1,46;197,762;198,672
12;12;2010;12/12/2010;1,46;197,764;198,674
13;12;2010;13/12/2010;1,47;197,768;198,678
14;12;2010;14/12/2010;1,47;197,765;198,675
15;12;2010;15/12/2010;1,47;197,766;198,676
16;12;2010;16/12/2010;1,46;197,765;198,675
17;12;2010;17/12/2010;1,46;197,762;198,672
18;12;2010;18/12/2010;1,46;197,759;198,669
19;12;2010;19/12/2010;1,46;197,762;198,672
20;12;2010;20/12/2010;1,46;197,762;198,672
21;12;2010;21/12/2010;1,47;197,766;198,676
22;12;2010;22/12/2010;1,46;197,763;198,673
23;12;2010;23/12/2010;1,46;197,763;198,673
24;12;2010;24/12/2010;1,46;197,763;198,673
25;12;2010;25/12/2010;1,47;197,765;198,675
26;12;2010;26/12/2010;1,47;197,768;198,678
27;12;2010;27/12/2010;1,48;197,776;198,686
28;12;2010;28/12/2010;1,47;197,771;198,681
29;12;2010;29/12/2010;1,47;197,772;198,682
30;12;2010;30/12/2010;1,47;197,772;198,682
31;12;2010;31/12/2010;1,48;197,779;198,689
1;1;2011;1/1/2011;1,49;197,787;198,697
2;1;2011;2/1/2011;1,49;197,79;198,7
3;1;2011;3/1/2011;1,49;197,789;198,699
4;1;2011;4/1/2011;1,49;197,789;198,699
5;1;2011;5/1/2011;1,49;197,79;198,7
6;1;2011;6/1/2011;1,49;197,79;198,7
7;1;2011;7/1/2011;1,5;197,799;198,709
8;1;2011;8/1/2011;1,5;197,802;198,712
9;1;2011;9/1/2011;1,5;197,803;198,713
10;1;2011;10/1/2011;1,51;197,808;198,718
11;1;2011;11/1/2011;1,51;197,806;198,716
12;1;2011;12/1/2011;1,5;197,802;198,712
13;1;2011;13/1/2011;1,5;197,8;198,71
14;1;2011;14/1/2011;1,49;197,793;198,703
15;1;2011;15/1/2011;1,5;197,798;198,708
16;1;2011;16/1/2011;1,49;197,791;198,701
17;1;2011;17/1/2011;1,5;197,796;198,706
18;1;2011;18/1/2011;1,49;197,792;198,702
19;1;2011;19/1/2011;1,49;197,795;198,705
20;1;2011;20/1/2011;1,49;197,79;198,7
21;1;2011;21/1/2011;1,5;197,796;198,706
22;1;2011;22/1/2011;1,49;197,793;198,703
23;1;2011;23/1/2011;1,5;197,801;198,711
24;1;2011;24/1/2011;1,5;197,799;198,709
25;1;2011;25/1/2011;1,49;197,795;198,705
26;1;2011;26/1/2011;1,5;197,798;198,708
27;1;2011;27/1/2011;1,5;197,801;198,711
28;1;2011;28/1/2011;1,5;197,796;198,706
29;1;2011;29/1/2011;1,5;197,798;198,708
30;1;2011;30/1/2011;1,5;197,799;198,709
31;1;2011;31/1/2011;1,5;197,797;198,707
1;2;2011;1/2/2011;1,5;197,797;198,707
2;2;2011;2/2/2011;1,5;197,796;198,706
3;2;2011;3/2/2011;1,49;197,794;198,704
4;2;2011;4/2/2011;1,49;197,792;198,702
5;2;2011;5/2/2011;1,49;197,788;198,698
6;2;2011;6/2/2011;1,49;197,791;198,701
7;2;2011;7/2/2011;1,49;197,792;198,702
8;2;2011;8/2/2011;1,49;197,792;198,702
9;2;2011;9/2/2011;1,49;197,793;198,703
10;2;2011;10/2/2011;1,49;197,791;198,701
11;2;2011;11/2/2011;1,49;197,792;198,702
12;2;2011;12/2/2011;1,49;197,793;198,703
13;2;2011;13/2/2011;1,49;197,792;198,702
14;2;2011;14/2/2011;1,49;197,794;198,704
15;2;2011;15/2/2011;1,5;197,798;198,708
16;2;2011;16/2/2011;1,5;197,795;198,705
17;2;2011;17/2/2011;1,49;197,793;198,703
18;2;2011;18/2/2011;1,49;197,793;198,703
19;2;2011;19/2/2011;1,49;197,794;198,704
20;2;2011;20/2/2011;1,5;197,796;198,706
21;2;2011;21/2/2011;1,5;197,798;198,708
22;2;2011;22/2/2011;1,5;197,798;198,708
23;2;2011;23/2/2011;1,5;197,8;198,71
24;2;2011;24/2/2011;1,5;197,801;198,711
25;2;2011;25/2/2011;1,5;197,801;198,711
26;2;2011;26/2/2011;1,5;197,8;198,71
27;2;2011;27/2/2011;1,5;197,799;198,709
28;2;2011;28/2/2011;1,5;197,8;198,71
1;3;2011;1/3/2011;1,49;197,795;198,705
2;3;2011;2/3/2011;1,49;197,793;198,703
3;3;2011;3/3/2011;1,49;197,79;198,7
4;3;2011;4/3/2011;1,49;197,791;198,701
5;3;2011;5/3/2011;1,49;197,79;198,7
6;3;2011;6/3/2011;1,49;197,79;198,7
7;3;2011;7/3/2011;1,49;197,792;198,702
8;3;2011;8/3/2011;1,49;197,793;198,703
9;3;2011;9/3/2011;1,49;197,792;198,702
10;3;2011;10/3/2011;1,49;197,79;198,7
11;3;2011;11/3/2011;1,49;197,787;198,697
12;3;2011;12/3/2011;1,46;197,759;198,669
13;3;2011;13/3/2011;1,41;197,71;198,62
14;3;2011;14/3/2011;1,41;197,708;198,618
15;3;2011;15/3/2011;1,41;197,706;198,616
16;3;2011;16/3/2011;1,41;197,709;198,619
17;3;2011;17/3/2011;1,41;197,708;198,618
18;3;2011;18/3/2011;1,4;197,702;198,612
19;3;2011;19/3/2011;1,38;197,68;198,59
20;3;2011;20/3/2011;1,38;197,676;198,586
21;3;2011;21/3/2011;1,37;197,666;198,576
22;3;2011;22/3/2011;1,34;197,641;198,551
23;3;2011;23/3/2011;1,32;197,624;198,534
24;3;2011;24/3/2011;1,32;197,622;198,532
25;3;2011;25/3/2011;1,32;197,622;198,532
26;3;2011;26/3/2011;1,32;197,621;198,531
27;3;2011;27/3/2011;1,32;197,62;198,53
28;3;2011;28/3/2011;1,32;197,619;198,529
29;3;2011;29/3/2011;1,32;197,618;198,528
30;3;2011;30/3/2011;1,32;197,617;198,527
31;3;2011;31/3/2011;1,31;197,614;198,524
1;4;2011;1/4/2011;1,31;197,607;198,517
2;4;2011;2/4/2011;1,31;197,607;198,517
3;4;2011;3/4/2011;1,31;197,606;198,516
4;4;2011;4/4/2011;1,31;197,607;198,517
5;4;2011;5/4/2011;1,3;197,604;198,514
6;4;2011;6/4/2011;1,29;197,585;198,495
7;4;2011;7/4/2011;1,27;197,572;198,482
8;4;2011;8/4/2011;1,25;197,546;198,456
9;4;2011;9/4/2011;1,24;197,541;198,451
10;4;2011;10/4/2011;1,24;197,54;198,45
11;4;2011;11/4/2011;1,24;197,539;198,449
12;4;2011;12/4/2011;1,24;197,537;198,447
13;4;2011;13/4/2011;1,24;197,536;198,446
14;4;2011;14/4/2011;1,23;197,534;198,444
15;4;2011;15/4/2011;1,23;197,531;198,441
16;4;2011;16/4/2011;1,23;197,529;198,439
17;4;2011;17/4/2011;1,23;197,527;198,437
18;4;2011;18/4/2011;1,22;197,525;198,435
19;4;2011;19/4/2011;1,22;197,523;198,433
20;4;2011;20/4/2011;1,22;197,521;198,431
21;4;2011;21/4/2011;1,22;197,518;198,428
22;4;2011;22/4/2011;1,22;197,515;198,425
23;4;2011;23/4/2011;1,21;197,512;198,422
24;4;2011;24/4/2011;1,21;197,51;198,42
25;4;2011;25/4/2011;1,21;197,507;198,417
26;4;2011;26/4/2011;1,2;197,504;198,414
27;4;2011;27/4/2011;1,21;197,508;198,418
28;4;2011;28/4/2011;1,38;197,676;198,586
29;4;2011;29/4/2011;1,44;197,738;198,648
30;4;2011;30/4/2011;1,56;197,856;198,766
1;5;2011;1/5/2011;1,86;198,157;199,067
2;5;2011;2/5/2011;1,86;198,158;199,068
3;5;2011;3/5/2011;1,86;198,161;199,071
4;5;2011;4/5/2011;1,87;198,173;199,083
5;5;2011;5/5/2011;1,87;198,174;199,084
6;5;2011;6/5/2011;1,88;198,176;199,086
7;5;2011;7/5/2011;1,89;198,188;199,098
8;5;2011;8/5/2011;1,87;198,174;199,084
9;5;2011;9/5/2011;1,88;198,179;199,089
10;5;2011;10/5/2011;1,93;198,226;199,136
11;5;2011;11/5/2011;2,07;198,366;199,276
12;5;2011;12/5/2011;2,08;198,383;199,293
13;5;2011;13/5/2011;2,08;198,384;199,294
14;5;2011;14/5/2011;2,09;198,394;199,304
15;5;2011;15/5/2011;2,09;198,39;199,3
16;5;2011;16/5/2011;2,09;198,391;199,301
17;5;2011;17/5/2011;2,1;198,402;199,312
18;5;2011;18/5/2011;2,1;198,4;199,31
19;5;2011;19/5/2011;2,1;198,402;199,312
20;5;2011;20/5/2011;2,09;198,385;199,295
21;5;2011;21/5/2011;2,05;198,346;199,256
22;5;2011;22/5/2011;2,04;198,341;199,251
23;5;2011;23/5/2011;2,04;198,342;199,252
24;5;2011;24/5/2011;2,04;198,34;199,25
25;5;2011;25/5/2011;2,02;198,322;199,232
26;5;2011;26/5/2011;1,88;198,178;199,088
27;5;2011;27/5/2011;1,83;198,132;199,042
28;5;2011;28/5/2011;1,83;198,134;199,044
29;5;2011;29/5/2011;1,83;198,133;199,043
30;5;2011;30/5/2011;1,79;198,087;198,997
31;5;2011;31/5/2011;1,66;197,962;198,872
1;6;2011;1/6/2011;1,62;197,919;198,829
2;6;2011;2/6/2011;1,61;197,914;198,824
3;6;2011;3/6/2011;1,53;197,831;198,741
4;6;2011;4/6/2011;1,5;197,801;198,711
5;6;2011;5/6/2011;1,49;197,793;198,703
6;6;2011;6/6/2011;1,49;197,789;198,699
7;6;2011;7/6/2011;1,49;197,792;198,702
8;6;2011;8/6/2011;1,49;197,786;198,696
9;6;2011;9/6/2011;1,48;197,781;198,691
10;6;2011;10/6/2011;1,49;197,788;198,698
11;6;2011;11/6/2011;1,49;197,793;198,703
12;6;2011;12/6/2011;1,48;197,784;198,694
13;6;2011;13/6/2011;1,49;197,787;198,697
14;6;2011;14/6/2011;1,48;197,782;198,692
15;6;2011;15/6/2011;1,48;197,777;198,687
16;6;2011;16/6/2011;1,48;197,783;198,693
17;6;2011;17/6/2011;1,48;197,782;198,692
18;6;2011;18/6/2011;1,48;197,777;198,687
19;6;2011;19/6/2011;1,47;197,768;198,678
20;6;2011;20/6/2011;1,45;197,751;198,661
21;6;2011;21/6/2011;1,44;197,741;198,651
22;6;2011;22/6/2011;1,46;197,762;198,672
23;6;2011;23/6/2011;1,49;197,785;198,695
24;6;2011;24/6/2011;1,48;197,777;198,687
25;6;2011;25/6/2011;1,49;197,786;198,696
26;6;2011;26/6/2011;1,47;197,77;198,68
27;6;2011;27/6/2011;1,48;197,781;198,691
28;6;2011;28/6/2011;1,66;197,963;198,873
29;6;2011;29/6/2011;1,78;198,084;198,994
30;6;2011;30/6/2011;1,8;198,101;199,011
1;7;2011;1/7/2011;1,8;198,103;199,013
2;7;2011;2/7/2011;1,81;198,113;199,023
3;7;2011;3/7/2011;1,81;198,107;199,017
4;7;2011;4/7/2011;1,82;198,115;199,025
5;7;2011;5/7/2011;1,81;198,114;199,024
6;7;2011;6/7/2011;1,82;198,119;199,029
7;7;2011;7/7/2011;1,82;198,118;199,028
8;7;2011;8/7/2011;1,83;198,129;199,039
9;7;2011;9/7/2011;1,83;198,129;199,039
10;7;2011;10/7/2011;1,83;198,126;199,036
11;7;2011;11/7/2011;1,71;198,006;198,916
12;7;2011;12/7/2011;1,55;197,855;198,765
13;7;2011;13/7/2011;1,5;197,796;198,706
14;7;2011;14/7/2011;1,48;197,78;198,69
15;7;2011;15/7/2011;1,47;197,769;198,679
16;7;2011;16/7/2011;1,47;197,77;198,68
17;7;2011;17/7/2011;1,47;197,773;198,683
18;7;2011;18/7/2011;1,48;197,777;198,687
19;7;2011;19/7/2011;1,47;197,775;198,685
20;7;2011;20/7/2011;1,48;197,776;198,686
21;7;2011;21/7/2011;1,47;197,771;198,681
22;7;2011;22/7/2011;1,47;197,773;198,683
23;7;2011;23/7/2011;1,48;197,777;198,687
24;7;2011;24/7/2011;1,48;197,775;198,685
25;7;2011;25/7/2011;1,47;197,768;198,678
26;7;2011;26/7/2011;1,46;197,764;198,674
27;7;2011;27/7/2011;1,47;197,773;198,683
28;7;2011;28/7/2011;1,47;197,775;198,685
29;7;2011;29/7/2011;1,48;197,782;198,692
30;7;2011;30/7/2011;1,48;197,776;198,686
31;7;2011;31/7/2011;1,48;197,782;198,692
1;8;2011;1/8/2011;1,48;197,779;198,689
2;8;2011;2/8/2011;1,47;197,771;198,681
3;8;2011;3/8/2011;1,47;197,775;198,685
4;8;2011;4/8/2011;1,48;197,782;198,692
5;8;2011;5/8/2011;1,48;197,782;198,692
6;8;2011;6/8/2011;1,48;197,784;198,694
7;8;2011;7/8/2011;1,48;197,785;198,695
8;8;2011;8/8/2011;1,48;197,783;198,693
9;8;2011;9/8/2011;1,47;197,772;198,682
10;8;2011;10/8/2011;1,48;197,78;198,69
11;8;2011;11/8/2011;1,48;197,785;198,695
12;8;2011;12/8/2011;1,49;197,789;198,699
13;8;2011;13/8/2011;1,49;197,787;198,697
14;8;2011;14/8/2011;1,49;197,792;198,702
15;8;2011;15/8/2011;1,49;197,794;198,704
16;8;2011;16/8/2011;1,49;197,791;198,701
17;8;2011;17/8/2011;1,49;197,787;198,697
18;8;2011;18/8/2011;1,5;197,796;198,706
19;8;2011;19/8/2011;1,5;197,803;198,713
20;8;2011;20/8/2011;1,5;197,803;198,713
21;8;2011;21/8/2011;1,51;197,812;198,722
22;8;2011;22/8/2011;1,52;197,816;198,726
23;8;2011;23/8/2011;1,51;197,807;198,717
24;8;2011;24/8/2011;1,51;197,809;198,719
25;8;2011;25/8/2011;1,51;197,809;198,719
26;8;2011;26/8/2011;1,5;197,804;198,714
27;8;2011;27/8/2011;1,47;197,769;198,679
28;8;2011;28/8/2011;1,5;197,796;198,706
29;8;2011;29/8/2011;1,49;197,793;198,703
30;8;2011;30/8/2011;1,47;197,774;198,684
31;8;2011;31/8/2011;1,47;197,772;198,682
1;9;2011;1/9/2011;1,47;197,768;198,678
2;9;2011;2/9/2011;1,47;197,766;198,676
3;9;2011;3/9/2011;1,46;197,757;198,667
4;9;2011;4/9/2011;1,47;197,765;198,675
5;9;2011;5/9/2011;1,47;197,767;198,677
6;9;2011;6/9/2011;1,44;197,742;198,652
7;9;2011;7/9/2011;1,42;197,724;198,634
8;9;2011;8/9/2011;1,41;197,715;198,625
9;9;2011;9/9/2011;1,41;197,714;198,624
10;9;2011;10/9/2011;1,41;197,706;198,616
11;9;2011;11/9/2011;1,42;197,719;198,629
12;9;2011;12/9/2011;1,42;197,722;198,632
13;9;2011;13/9/2011;1,42;197,725;198,635
14;9;2011;14/9/2011;1,41;197,709;198,619
15;9;2011;15/9/2011;1,39;197,694;198,604
16;9;2011;16/9/2011;1,39;197,687;198,597
17;9;2011;17/9/2011;1,38;197,684;198,594
18;9;2011;18/9/2011;1,39;197,691;198,601
19;9;2011;19/9/2011;1,43;197,727;198,637
20;9;2011;20/9/2011;1,41;197,71;198,62
21;9;2011;21/9/2011;1,45;197,747;198,657
22;9;2011;22/9/2011;1,46;197,762;198,672
23;9;2011;23/9/2011;1,48;197,779;198,689
24;9;2011;24/9/2011;1,47;197,774;198,684
25;9;2011;25/9/2011;1,49;197,788;198,698
26;9;2011;26/9/2011;1,5;197,797;198,707
27;9;2011;27/9/2011;1,48;197,785;198,695
28;9;2011;28/9/2011;1,48;197,777;198,687
29;9;2011;29/9/2011;1,47;197,771;198,681
30;9;2011;30/9/2011;1,47;197,769;198,679
1;10;2011;1/10/2011;1,46;197,76;198,67
2;10;2011;2/10/2011;1,46;197,759;198,669
3;10;2011;3/10/2011;1,48;197,777;198,687
4;10;2011;4/10/2011;1,48;197,78;198,69
5;10;2011;5/10/2011;1,49;197,786;198,696
6;10;2011;6/10/2011;1,5;197,796;198,706
7;10;2011;7/10/2011;1,53;197,825;198,735
8;10;2011;8/10/2011;1,56;197,862;198,772
9;10;2011;9/10/2011;1,58;197,879;198,789
10;10;2011;10/10/2011;1,58;197,883;198,793
11;10;2011;11/10/2011;1,57;197,872;198,782
12;10;2011;12/10/2011;1,59;197,889;198,799
13;10;2011;13/10/2011;1,57;197,872;198,782
14;10;2011;14/10/2011;1,57;197,866;198,776
15;10;2011;15/10/2011;1,56;197,858;198,768
16;10;2011;16/10/2011;1,65;197,945;198,855
17;10;2011;17/10/2011;1,59;197,891;198,801
18;10;2011;18/10/2011;1,58;197,877;198,787
19;10;2011;19/10/2011;1,58;197,88;198,79
20;10;2011;20/10/2011;1,57;197,875;198,785
21;10;2011;21/10/2011;1,62;197,921;198,831
22;10;2011;22/10/2011;1,64;197,944;198,854
23;10;2011;23/10/2011;1,64;197,939;198,849
24;10;2011;24/10/2011;1,64;197,941;198,851
25;10;2011;25/10/2011;1,61;197,914;198,824
26;10;2011;26/10/2011;1,69;197,987;198,897
27;10;2011;27/10/2011;1,74;198,036;198,946
28;10;2011;28/10/2011;1,7;197,999;198,909
29;10;2011;29/10/2011;1,69;197,988;198,898
30;10;2011;30/10/2011;1,69;197,988;198,898
31;10;2011;31/10/2011;1,7;198;198,91
1;11;2011;1/11/2011;1,7;197,997;198,907
2;11;2011;2/11/2011;1,69;197,995;198,905
3;11;2011;3/11/2011;1,69;197,992;198,902
4;11;2011;4/11/2011;1,69;197,986;198,896
5;11;2011;5/11/2011;1,69;197,987;198,897
6;11;2011;6/11/2011;1,7;198,002;198,912
7;11;2011;7/11/2011;1,72;198,02;198,93
8;11;2011;8/11/2011;1,71;198,015;198,925
9;11;2011;9/11/2011;1,71;198,007;198,917
10;11;2011;10/11/2011;1,71;198,007;198,917
11;11;2011;11/11/2011;1,71;198,012;198,922
12;11;2011;12/11/2011;1,71;198,009;198,919
13;11;2011;13/11/2011;1,71;198,015;198,925
14;11;2011;14/11/2011;1,72;198,021;198,931
15;11;2011;15/11/2011;1,71;198,006;198,916
16;11;2011;16/11/2011;1,68;197,983;198,893
17;11;2011;17/11/2011;1,47;197,774;198,684
18;11;2011;18/11/2011;1,45;197,748;198,658
19;11;2011;19/11/2011;1,44;197,739;198,649
20;11;2011;20/11/2011;1,44;197,74;198,65
21;11;2011;21/11/2011;1,46;197,76;198,67
22;11;2011;22/11/2011;1,46;197,761;198,671
23;11;2011;23/11/2011;1,44;197,737;198,647
24;11;2011;24/11/2011;1,44;197,739;198,649
25;11;2011;25/11/2011;1,42;197,725;198,635
26;11;2011;26/11/2011;1,43;197,727;198,637
27;11;2011;27/11/2011;1,62;197,922;198,832
28;11;2011;28/11/2011;1,73;198,026;198,936
29;11;2011;29/11/2011;1,72;198,022;198,932
30;11;2011;30/11/2011;1,73;198,026;198,936
1;12;2011;1/12/2011;1,73;198,03;198,94
2;12;2011;2/12/2011;1,7;198,001;198,911
3;12;2011;3/12/2011;1,7;198,001;198,911
4;12;2011;4/12/2011;1,69;197,994;198,904
5;12;2011;5/12/2011;1,7;197,997;198,907
6;12;2011;6/12/2011;1,7;197,998;198,908
7;12;2011;7/12/2011;1,7;197,995;198,905
8;12;2011;8/12/2011;1,69;197,994;198,904
9;12;2011;9/12/2011;1,7;197,997;198,907
10;12;2011;10/12/2011;1,7;197,996;198,906
11;12;2011;11/12/2011;1,69;197,994;198,904
12;12;2011;12/12/2011;1,7;197,996;198,906
13;12;2011;13/12/2011;1,69;197,993;198,903
14;12;2011;14/12/2011;1,69;197,994;198,904
15;12;2011;15/12/2011;1,7;198;198,91
16;12;2011;16/12/2011;1,74;198,041;198,951
17;12;2011;17/12/2011;1,77;198,068;198,978
18;12;2011;18/12/2011;1,76;198,064;198,974
19;12;2011;19/12/2011;1,76;198,064;198,974
20;12;2011;20/12/2011;1,76;198,061;198,971
21;12;2011;21/12/2011;1,76;198,06;198,97
22;12;2011;22/12/2011;1,76;198,057;198,967
23;12;2011;23/12/2011;1,76;198,058;198,968
24;12;2011;24/12/2011;1,76;198,058;198,968
25;12;2011;25/12/2011;1,76;198,062;198,972
26;12;2011;26/12/2011;1,77;198,066;198,976
27;12;2011;27/12/2011;1,76;198,064;198,974
28;12;2011;28/12/2011;1,76;198,062;198,972
29;12;2011;29/12/2011;1,76;198,064;198,974
30;12;2011;30/12/2011;1,76;198,06;198,97
31;12;2011;31/12/2011;1,76;198,063;198,973
1;1;2012;1/1/2012;1,77;198,065;198,975
2;1;2012;2/1/2012;1,76;198,062;198,972
3;1;2012;3/1/2012;1,76;198,064;198,974
4;1;2012;4/1/2012;1,76;198,065;198,975
5;1;2012;5/1/2012;1,76;198,058;198,968
6;1;2012;6/1/2012;1,73;198,032;198,942
7;1;2012;7/1/2012;1,73;198,029;198,939
8;1;2012;8/1/2012;1,73;198,033;198,943
9;1;2012;9/1/2012;1,73;198,03;198,94
10;1;2012;10/1/2012;1,73;198,025;198,935
11;1;2012;11/1/2012;1,72;198,023;198,933
12;1;2012;12/1/2012;1,7;197,998;198,908
13;1;2012;13/1/2012;1,68;197,983;198,893
14;1;2012;14/1/2012;1,68;197,981;198,891
15;1;2012;15/1/2012;1,68;197,984;198,894
16;1;2012;16/1/2012;1,68;197,977;198,887
17;1;2012;17/1/2012;1,68;197,98;198,89
18;1;2012;18/1/2012;1,68;197,983;198,893
19;1;2012;19/1/2012;1,68;197,978;198,888
20;1;2012;20/1/2012;1,68;197,977;198,887
21;1;2012;21/1/2012;1,69;197,991;198,901
22;1;2012;22/1/2012;1,88;198,18;199,09
23;1;2012;23/1/2012;1,88;198,177;199,087
24;1;2012;24/1/2012;1,87;198,174;199,084
25;1;2012;25/1/2012;1,87;198,173;199,083
26;1;2012;26/1/2012;1,85;198,154;199,064
27;1;2012;27/1/2012;1,84;198,145;199,055
28;1;2012;28/1/2012;1,83;198,131;199,041
29;1;2012;29/1/2012;1,82;198,115;199,025
30;1;2012;30/1/2012;1,78;198,076;198,986
31;1;2012;31/1/2012;1,76;198,062;198,972
1;2;2012;1/2/2012;1,75;198,055;198,965
2;2;2012;2/2/2012;1,69;197,992;198,902
3;2;2012;3/2/2012;1,65;197,952;198,862
4;2;2012;4/2/2012;1,61;197,911;198,821
5;2;2012;5/2/2012;1,61;197,907;198,817
6;2;2012;6/2/2012;1,61;197,905;198,815
7;2;2012;7/2/2012;1,6;197,904;198,814
8;2;2012;8/2/2012;1,6;197,905;198,815
9;2;2012;9/2/2012;1,6;197,901;198,811
10;2;2012;10/2/2012;1,6;197,898;198,808
11;2;2012;11/2/2012;1,6;197,902;198,812
12;2;2012;12/2/2012;1,6;197,904;198,814
13;2;2012;13/2/2012;1,6;197,904;198,814
14;2;2012;14/2/2012;1,61;197,907;198,817
15;2;2012;15/2/2012;1,61;197,907;198,817
16;2;2012;16/2/2012;1,61;197,913;198,823
17;2;2012;17/2/2012;1,62;197,919;198,829
18;2;2012;18/2/2012;1,63;197,927;198,837
19;2;2012;19/2/2012;1,62;197,924;198,834
20;2;2012;20/2/2012;1,63;197,931;198,841
21;2;2012;21/2/2012;1,63;197,931;198,841
22;2;2012;22/2/2012;1,63;197,934;198,844
23;2;2012;23/2/2012;1,63;197,934;198,844
24;2;2012;24/2/2012;1,64;197,938;198,848
25;2;2012;25/2/2012;1,64;197,939;198,849
26;2;2012;26/2/2012;1,65;197,945;198,855
27;2;2012;27/2/2012;1,65;197,949;198,859
28;2;2012;28/2/2012;1,65;197,953;198,863
29;2;2012;29/2/2012;1,65;197,948;198,858
1;3;2012;1/3/2012;1,66;197,963;198,873
2;3;2012;2/3/2012;1,67;197,972;198,882
3;3;2012;3/3/2012;1,69;197,988;198,898
4;3;2012;4/3/2012;1,7;197,999;198,909
5;3;2012;5/3/2012;1,71;198,011;198,921
6;3;2012;6/3/2012;1,72;198,018;198,928
7;3;2012;7/3/2012;1,73;198,031;198,941
8;3;2012;8/3/2012;1,74;198,045;198,955
9;3;2012;9/3/2012;1,85;198,153;199,063
10;3;2012;10/3/2012;1,88;198,178;199,088
11;3;2012;11/3/2012;1,89;198,186;199,096
12;3;2012;12/3/2012;1,9;198,197;199,107
13;3;2012;13/3/2012;1,9;198,204;199,114
14;3;2012;14/3/2012;1,92;198,215;199,125
15;3;2012;15/3/2012;1,92;198,223;199,133
16;3;2012;16/3/2012;1,93;198,234;199,144
17;3;2012;17/3/2012;1,94;198,244;199,154
18;3;2012;18/3/2012;1,95;198,252;199,162
19;3;2012;19/3/2012;1,96;198,264;199,174
20;3;2012;20/3/2012;1,96;198,264;199,174
21;3;2012;21/3/2012;1,98;198,275;199,185
22;3;2012;22/3/2012;1,98;198,281;199,191
23;3;2012;23/3/2012;1,99;198,292;199,202
24;3;2012;24/3/2012;2,04;198,335;199,245
25;3;2012;25/3/2012;2,23;198,529;199,439
26;3;2012;26/3/2012;2,33;198,627;199,537
27;3;2012;27/3/2012;2,37;198,669;199,579
28;3;2012;28/3/2012;2,39;198,685;199,595
29;3;2012;29/3/2012;2,41;198,707;199,617
30;3;2012;30/3/2012;2,42;198,719;199,629
31;3;2012;31/3/2012;2,43;198,732;199,642
1;4;2012;1/4/2012;2,41;198,708;199,618
2;4;2012;2/4/2012;2,39;198,692;199,602
3;4;2012;3/4/2012;2,38;198,681;199,591
4;4;2012;4/4/2012;2,37;198,671;199,581
5;4;2012;5/4/2012;2,35;198,654;199,564
6;4;2012;6/4/2012;2,34;198,639;199,549
7;4;2012;7/4/2012;2,33;198,628;199,538
8;4;2012;8/4/2012;2,32;198,615;199,525
9;4;2012;9/4/2012;2,3;198,604;199,514
10;4;2012;10/4/2012;2,29;198,59;199,5
11;4;2012;11/4/2012;2,27;198,573;199,483
12;4;2012;12/4/2012;2,26;198,562;199,472
13;4;2012;13/4/2012;2,25;198,547;199,457
14;4;2012;14/4/2012;2,23;198,531;199,441
15;4;2012;15/4/2012;2,22;198,521;199,431
16;4;2012;16/4/2012;2,21;198,507;199,417
17;4;2012;17/4/2012;2,19;198,492;199,402
18;4;2012;18/4/2012;2,18;198,48;199,39
19;4;2012;19/4/2012;2,16;198,465;199,375
20;4;2012;20/4/2012;2,15;198,451;199,361
21;4;2012;21/4/2012;2,14;198,437;199,347
22;4;2012;22/4/2012;2,12;198,425;199,335
23;4;2012;23/4/2012;2,11;198,412;199,322
24;4;2012;24/4/2012;2,1;198,403;199,313
25;4;2012;25/4/2012;2,09;198,39;199,3
26;4;2012;26/4/2012;2,1;198,401;199,311
27;4;2012;27/4/2012;2,1;198,399;199,309
28;4;2012;28/4/2012;2,1;198,403;199,313
29;4;2012;29/4/2012;2,1;198,401;199,311
30;4;2012;30/4/2012;2,09;198,39;199,3
1;5;2012;1/5/2012;2,1;198,396;199,306
2;5;2012;2/5/2012;2,1;198,403;199,313
3;5;2012;3/5/2012;2,12;198,418;199,328
4;5;2012;4/5/2012;2,16;198,457;199,367
5;5;2012;5/5/2012;2,13;198,427;199,337
6;5;2012;6/5/2012;1,95;198,249;199,159
7;5;2012;7/5/2012;1,75;198,048;198,958
8;5;2012;8/5/2012;1,63;197,926;198,836
9;5;2012;9/5/2012;1,57;197,866;198,776
10;5;2012;10/5/2012;1,55;197,852;198,762
11;5;2012;11/5/2012;1,56;197,861;198,771
12;5;2012;12/5/2012;1,56;197,863;198,773
13;5;2012;13/5/2012;1,57;197,867;198,777
14;5;2012;14/5/2012;1,57;197,869;198,779
15;5;2012;15/5/2012;1,57;197,872;198,782
16;5;2012;16/5/2012;1,58;197,875;198,785
17;5;2012;17/5/2012;1,58;197,878;198,788
18;5;2012;18/5/2012;1,58;197,882;198,792
19;5;2012;19/5/2012;1,58;197,885;198,795
20;5;2012;20/5/2012;1,58;197,876;198,786
21;5;2012;21/5/2012;1,56;197,855;198,765
22;5;2012;22/5/2012;1,55;197,849;198,759
23;5;2012;23/5/2012;1,52;197,825;198,735
24;5;2012;24/5/2012;1,54;197,841;198,751
25;5;2012;25/5/2012;1,49;197,786;198,696
26;5;2012;26/5/2012;1,49;197,795;198,705
27;5;2012;27/5/2012;1,51;197,807;198,717
28;5;2012;28/5/2012;1,51;197,813;198,723
29;5;2012;29/5/2012;1,52;197,816;198,726
30;5;2012;30/5/2012;1,52;197,821;198,731
31;5;2012;31/5/2012;1,64;197,936;198,846
1;6;2012;1/6/2012;1,69;197,988;198,898
2;6;2012;2/6/2012;1,82;198,119;199,029
3;6;2012;3/6/2012;1,89;198,194;199,104
4;6;2012;4/6/2012;2,17;198,47;199,38
5;6;2012;5/6/2012;2,48;198,777;199,687
6;6;2012;6/6/2012;2,77;199,073;199,983
7;6;2012;7/6/2012;3;199,297;200,207
8;6;2012;8/6/2012;3,12;199,42;200,33
9;6;2012;9/6/2012;3;199,305;200,215
10;6;2012;10/6/2012;2,99;199,289;200,199
11;6;2012;11/6/2012;2,8;199,104;200,014
12;6;2012;12/6/2012;2,72;199,015;199,925
13;6;2012;13/6/2012;2,67;198,972;199,882
14;6;2012;14/6/2012;2,64;198,943;199,853
15;6;2012;15/6/2012;2,87;199,165;200,075
16;6;2012;16/6/2012;2,89;199,19;200,1
17;6;2012;17/6/2012;3;199,303;200,213
18;6;2012;18/6/2012;2,95;199,255;200,165
19;6;2012;19/6/2012;2,96;199,258;200,168
20;6;2012;20/6/2012;2,95;199,253;200,163
21;6;2012;21/6/2012;2,95;199,253;200,163
22;6;2012;22/6/2012;3,02;199,316;200,226
23;6;2012;23/6/2012;3,22;199,523;200,433
24;6;2012;24/6/2012;3,33;199,626;200,536
25;6;2012;25/6/2012;3,45;199,745;200,655
26;6;2012;26/6/2012;3,5;199,8;200,71
27;6;2012;27/6/2012;3,52;199,816;200,726
28;6;2012;28/6/2012;3,52;199,818;200,728
29;6;2012;29/6/2012;3,5;199,802;200,712
30;6;2012;30/6/2012;3,38;199,678;200,588
1;7;2012;1/7/2012;3,34;199,637;200,547
2;7;2012;2/7/2012;3,35;199,65;200,56
3;7;2012;3/7/2012;3,54;199,835;200,745
4;7;2012;4/7/2012;3,81;200,105;201,015
5;7;2012;5/7/2012;3,83;200,134;201,044
6;7;2012;6/7/2012;3,85;200,151;201,061
7;7;2012;7/7/2012;3,86;200,158;201,068
8;7;2012;8/7/2012;3,85;200,147;201,057
9;7;2012;9/7/2012;3,76;200,057;200,967
10;7;2012;10/7/2012;3,71;200,007;200,917
11;7;2012;11/7/2012;3,71;200,006;200,916
12;7;2012;12/7/2012;3,68;199,978;200,888
13;7;2012;13/7/2012;3,62;199,915;200,825
14;7;2012;14/7/2012;3,62;199,918;200,828
15;7;2012;15/7/2012;3,51;199,812;200,722
16;7;2012;16/7/2012;3,21;199,506;200,416
17;7;2012;17/7/2012;3,01;199,31;200,22
18;7;2012;18/7/2012;3,03;199,334;200,244
19;7;2012;19/7/2012;3,02;199,321;200,231
20;7;2012;20/7/2012;2,98;199,283;200,193
21;7;2012;21/7/2012;2,99;199,293;200,203
22;7;2012;22/7/2012;2,97;199,272;200,182
23;7;2012;23/7/2012;2,96;199,259;200,169
24;7;2012;24/7/2012;2,94;199,235;200,145
25;7;2012;25/7/2012;2,92;199,224;200,134
26;7;2012;26/7/2012;2,91;199,211;200,121
27;7;2012;27/7/2012;2,91;199,208;200,118
28;7;2012;28/7/2012;2,92;199,217;200,127
29;7;2012;29/7/2012;2,91;199,206;200,116
30;7;2012;30/7/2012;2,81;199,11;200,02
31;7;2012;31/7/2012;2,77;199,073;199,983
1;8;2012;1/8/2012;2,78;199,084;199,994
2;8;2012;2/8/2012;2,79;199,094;200,004
3;8;2012;3/8/2012;2,8;199,096;200,006
4;8;2012;4/8/2012;2,79;199,085;199,995
5;8;2012;5/8/2012;2,78;199,075;199,985
6;8;2012;6/8/2012;2,72;199,02;199,93
7;8;2012;7/8/2012;2,72;199,018;199,928
8;8;2012;8/8/2012;2,7;198,996;199,906
9;8;2012;9/8/2012;2,69;198,992;199,902
10;8;2012;10/8/2012;2,7;198,999;199,909
11;8;2012;11/8/2012;2,67;198,967;199,877
12;8;2012;12/8/2012;2,65;198,946;199,856
13;8;2012;13/8/2012;2,65;198,948;199,858
14;8;2012;14/8/2012;2,63;198,929;199,839
15;8;2012;15/8/2012;2,65;198,952;199,862
16;8;2012;16/8/2012;2,67;198,97;199,88
17;8;2012;17/8/2012;2,5;198,801;199,711
18;8;2012;18/8/2012;2,23;198,535;199,445
19;8;2012;19/8/2012;2,04;198,339;199,249
20;8;2012;20/8/2012;1,85;198,147;199,057
21;8;2012;21/8/2012;1,75;198,054;198,964
22;8;2012;22/8/2012;1,89;198,185;199,095
23;8;2012;23/8/2012;1,69;197,988;198,898
24;8;2012;24/8/2012;1,6;197,896;198,806
25;8;2012;25/8/2012;1,61;197,912;198,822
26;8;2012;26/8/2012;1,61;197,907;198,817
27;8;2012;27/8/2012;1,6;197,901;198,811
28;8;2012;28/8/2012;1,58;197,88;198,79
29;8;2012;29/8/2012;1,58;197,878;198,788
30;8;2012;30/8/2012;1,57;197,867;198,777
31;8;2012;31/8/2012;1,5;197,798;198,708
1;9;2012;1/9/2012;1,43;197,733;198,643
2;9;2012;2/9/2012;1,45;197,745;198,655
3;9;2012;3/9/2012;1,45;197,75;198,66
4;9;2012;4/9/2012;1,43;197,734;198,644
5;9;2012;5/9/2012;1,44;197,736;198,646
6;9;2012;6/9/2012;1,41;197,711;198,621
7;9;2012;7/9/2012;1,39;197,694;198,604
8;9;2012;8/9/2012;1,37;197,674;198,584
9;9;2012;9/9/2012;1,36;197,655;198,565
10;9;2012;10/9/2012;1,36;197,664;198,574
11;9;2012;11/9/2012;1,37;197,67;198,58
12;9;2012;12/9/2012;1,36;197,658;198,568
13;9;2012;13/9/2012;1,35;197,649;198,559
14;9;2012;14/9/2012;1,33;197,634;198,544
15;9;2012;15/9/2012;1,32;197,622;198,532
16;9;2012;16/9/2012;1,31;197,614;198,524
17;9;2012;17/9/2012;1,33;197,627;198,537
18;9;2012;18/9/2012;1,32;197,622;198,532
19;9;2012;19/9/2012;1,33;197,63;198,54
20;9;2012;20/9/2012;1,31;197,61;198,52
21;9;2012;21/9/2012;1,3;197,598;198,508
22;9;2012;22/9/2012;1,27;197,572;198,482
23;9;2012;23/9/2012;1,25;197,548;198,458
24;9;2012;24/9/2012;1,24;197,538;198,448
25;9;2012;25/9/2012;1,24;197,536;198,446
26;9;2012;26/9/2012;1,23;197,529;198,439
27;9;2012;27/9/2012;1,21;197,513;198,423
28;9;2012;28/9/2012;1,23;197,526;198,436
29;9;2012;29/9/2012;1,23;197,531;198,441
30;9;2012;30/9/2012;1,22;197,524;198,434
1;10;2012;1/10/2012;1,23;197,528;198,438
2;10;2012;2/10/2012;1,22;197,518;198,428
3;10;2012;3/10/2012;1,21;197,509;198,419
4;10;2012;4/10/2012;1,21;197,507;198,417
5;10;2012;5/10/2012;1,21;197,506;198,416
6;10;2012;6/10/2012;1,21;197,505;198,415
7;10;2012;7/10/2012;1,21;197,505;198,415
8;10;2012;8/10/2012;1,21;197,506;198,416
9;10;2012;9/10/2012;1,2;197,504;198,414
10;10;2012;10/10/2012;1,2;197,501;198,411
11;10;2012;11/10/2012;1,2;197,499;198,409
12;10;2012;12/10/2012;1,2;197,497;198,407
13;10;2012;13/10/2012;1,2;197,495;198,405
14;10;2012;14/10/2012;1,19;197,493;198,403
15;10;2012;15/10/2012;1,23;197,526;198,436
16;10;2012;16/10/2012;1,26;197,559;198,469
17;10;2012;17/10/2012;1,25;197,553;198,463
18;10;2012;18/10/2012;1,25;197,548;198,458
19;10;2012;19/10/2012;1,25;197,547;198,457
20;10;2012;20/10/2012;1,24;197,544;198,454
21;10;2012;21/10/2012;1,24;197,542;198,452
22;10;2012;22/10/2012;1,24;197,54;198,45
23;10;2012;23/10/2012;1,24;197,54;198,45
24;10;2012;24/10/2012;1,24;197,536;198,446
25;10;2012;25/10/2012;1,23;197,533;198,443
26;10;2012;26/10/2012;1,23;197,53;198,44
27;10;2012;27/10/2012;1,23;197,526;198,436
28;10;2012;28/10/2012;1,22;197,523;198,433
29;10;2012;29/10/2012;1,22;197,519;198,429
30;10;2012;30/10/2012;1,22;197,515;198,425
31;10;2012;31/10/2012;1,21;197,506;198,416
1;11;2012;1/11/2012;1,19;197,489;198,399
2;11;2012;2/11/2012;1,18;197,483;198,393
3;11;2012;3/11/2012;1,18;197,48;198,39
4;11;2012;4/11/2012;1,18;197,477;198,387
5;11;2012;5/11/2012;1,17;197,474;198,384
6;11;2012;6/11/2012;1,17;197,471;198,381
7;11;2012;7/11/2012;1,16;197,462;198,372
8;11;2012;8/11/2012;1,17;197,466;198,376
9;11;2012;9/11/2012;1,25;197,554;198,464
10;11;2012;10/11/2012;1,33;197,629;198,539
11;11;2012;11/11/2012;1,32;197,621;198,531
12;11;2012;12/11/2012;1,28;197,58;198,49
13;11;2012;13/11/2012;1,22;197,521;198,431
14;11;2012;14/11/2012;1,19;197,485;198,395
15;11;2012;15/11/2012;1,18;197,481;198,391
16;11;2012;16/11/2012;1,18;197,476;198,386
17;11;2012;17/11/2012;1,19;197,49;198,4
18;11;2012;18/11/2012;1,2;197,498;198,408
19;11;2012;19/11/2012;1,2;197,496;198,406
20;11;2012;20/11/2012;1,19;197,493;198,403
21;11;2012;21/11/2012;1,19;197,494;198,404
22;11;2012;22/11/2012;1,2;197,495;198,405
23;11;2012;23/11/2012;1,2;197,495;198,405
24;11;2012;24/11/2012;1,19;197,493;198,403
25;11;2012;25/11/2012;1,19;197,493;198,403
26;11;2012;26/11/2012;1,19;197,495;198,405
27;11;2012;27/11/2012;1,2;197,495;198,405
28;11;2012;28/11/2012;1,19;197,493;198,403
29;11;2012;29/11/2012;1,19;197,492;198,402
30;11;2012;30/11/2012;1,19;197,495;198,405
1;12;2012;1/12/2012;1,2;197,498;198,408
2;12;2012;2/12/2012;1,2;197,501;198,411
3;12;2012;3/12/2012;1,2;197,5;198,41
4;12;2012;4/12/2012;1,2;197,502;198,412
5;12;2012;5/12/2012;1,21;197,505;198,415
6;12;2012;6/12/2012;1,21;197,506;198,416
7;12;2012;7/12/2012;1,21;197,507;198,417
8;12;2012;8/12/2012;1,21;197,508;198,418
9;12;2012;9/12/2012;1,21;197,511;198,421
10;12;2012;10/12/2012;1,21;197,511;198,421
11;12;2012;11/12/2012;1,21;197,509;198,419
12;12;2012;12/12/2012;1,2;197,505;198,415
13;12;2012;13/12/2012;1,21;197,507;198,417
14;12;2012;14/12/2012;1,21;197,508;198,418
15;12;2012;15/12/2012;1,21;197,508;198,418
16;12;2012;16/12/2012;1,21;197,51;198,42
17;12;2012;17/12/2012;1,21;197,512;198,422
18;12;2012;18/12/2012;1,21;197,515;198,425
19;12;2012;19/12/2012;1,22;197,516;198,426
20;12;2012;20/12/2012;1,22;197,518;198,428
21;12;2012;21/12/2012;1,22;197,52;198,43
22;12;2012;22/12/2012;1,22;197,524;198,434
23;12;2012;23/12/2012;1,23;197,526;198,436
24;12;2012;24/12/2012;1,23;197,527;198,437
25;12;2012;25/12/2012;1,23;197,527;198,437
26;12;2012;26/12/2012;1,23;197,529;198,439
27;12;2012;27/12/2012;1,23;197,532;198,442
28;12;2012;28/12/2012;1,23;197,533;198,443
29;12;2012;29/12/2012;1,24;197,535;198,445
30;12;2012;30/12/2012;1,24;197,538;198,448
31;12;2012;31/12/2012;1,24;197,538;198,448
1;1;2013;1/1/2013;1,24;197,537;198,447
2;1;2013;2/1/2013;1,24;197,54;198,45
3;1;2013;3/1/2013;1,24;197,544;198,454
4;1;2013;4/1/2013;1,24;197,543;198,453
5;1;2013;5/1/2013;1,25;197,546;198,456
6;1;2013;6/1/2013;1,25;197,547;198,457
7;1;2013;7/1/2013;1,25;197,546;198,456
8;1;2013;8/1/2013;1,25;197,547;198,457
9;1;2013;9/1/2013;1,25;197,551;198,461
10;1;2013;10/1/2013;1,25;197,553;198,463
11;1;2013;11/1/2013;1,26;197,557;198,467
12;1;2013;12/1/2013;1,25;197,554;198,464
13;1;2013;13/1/2013;1,25;197,554;198,464
14;1;2013;14/1/2013;1,41;197,706;198,616
15;1;2013;15/1/2013;1,36;197,66;198,57
16;1;2013;16/1/2013;1,35;197,646;198,556
17;1;2013;17/1/2013;1,34;197,638;198,548
18;1;2013;18/1/2013;1,35;197,647;198,557
19;1;2013;19/1/2013;1,37;197,67;198,58
20;1;2013;20/1/2013;1,41;197,71;198,62
21;1;2013;21/1/2013;1,39;197,695;198,605
22;1;2013;22/1/2013;1,37;197,674;198,584
23;1;2013;23/1/2013;1,36;197,66;198,57
24;1;2013;24/1/2013;1,35;197,65;198,56
25;1;2013;25/1/2013;1,35;197,649;198,559
26;1;2013;26/1/2013;1,35;197,649;198,559
27;1;2013;27/1/2013;1,35;197,65;198,56
28;1;2013;28/1/2013;1,35;197,65;198,56
29;1;2013;29/1/2013;1,35;197,648;198,558
30;1;2013;30/1/2013;1,35;197,649;198,559
31;1;2013;31/1/2013;1,35;197,651;198,561
;;2013;1/2/2013;;;
;;2013;2/2/2013;;;
;;2013;3/2/2013;;;
;;2013;4/2/2013;;;
;;2013;5/2/2013;;;
;;2013;6/2/2013;;;
;;2013;7/2/2013;;;
;;2013;8/2/2013;;;
;;2013;9/2/2013;;;
;;2013;10/2/2013;;;
;;2013;11/2/2013;;;
;;2013;12/2/2013;;;
;;2013;13/2/2013;;;
;;2013;14/2/2013;;;
;;2013;15/2/2013;;;
;;2013;16/2/2013;;;
;;2013;17/2/2013;;;
;;2013;18/2/2013;;;
;;2013;19/2/2013;;;
;;2013;20/2/2013;;;
;;2013;21/2/2013;;;
;;2013;22/2/2013;;;
;;2013;23/2/2013;;;
;;2013;24/2/2013;;;
;;2013;25/2/2013;;;
;;2013;26/2/2013;;;
;;2013;27/2/2013;;;
;;2013;28/2/2013;;;
;;2013;1/3/2013;;;
;;2013;2/3/2013;;;
;;2013;3/3/2013;;;
;;2013;4/3/2013;;;
;;2013;5/3/2013;;;
;;2013;6/3/2013;;;
;;2013;7/3/2013;;;
;;2013;8/3/2013;;;
;;2013;9/3/2013;;;
;;2013;10/3/2013;;;
;;2013;11/3/2013;;;
;;2013;12/3/2013;;;
;;2013;13/3/2013;;;
;;2013;14/3/2013;;;
;;2013;15/3/2013;;;
;;2013;16/3/2013;;;
;;2013;17/3/2013;;;
;;2013;18/3/2013;;;
;;2013;19/3/2013;;;
;;2013;20/3/2013;;;
;;2013;21/3/2013;;;
;;2013;22/3/2013;;;
;;2013;23/3/2013;;;
;;2013;24/3/2013;;;
;;2013;25/3/2013;;;
;;2013;26/3/2013;;;
;;2013;27/3/2013;;;
;;2013;28/3/2013;;;
;;2013;29/3/2013;;;
;;2013;30/3/2013;;;
;;2013;31/3/2013;;;
;;2013;1/4/2013;;;
;;2013;2/4/2013;;;
;;2013;3/4/2013;;;
;;2013;4/4/2013;;;
;;2013;5/4/2013;;;
;;2013;6/4/2013;;;
;;2013;7/4/2013;;;
;;2013;8/4/2013;;;
;;2013;9/4/2013;;;
;;2013;10/4/2013;;;
;;2013;11/4/2013;;;
;;2013;12/4/2013;;;
;;2013;13/4/2013;;;
;;2013;14/4/2013;;;
;;2013;15/4/2013;;;
;;2013;16/4/2013;;;
;;2013;17/4/2013;;;
;;2013;18/4/2013;;;
;;2013;19/4/2013;;;
;;2013;20/4/2013;;;
;;2013;21/4/2013;;;
;;2013;22/4/2013;;;
;;2013;23/4/2013;;;
;;2013;24/4/2013;;;
;;2013;25/4/2013;;;
;;2013;26/4/2013;;;
;;2013;27/4/2013;;;
;;2013;28/4/2013;;;
;;2013;29/4/2013;;;
;;2013;30/4/2013;;;
;;2013;1/5/2013;;;
;;2013;2/5/2013;;;
;;2013;3/5/2013;;;
;;2013;4/5/2013;;;
;;2013;5/5/2013;;;
;;2013;6/5/2013;;;
;;2013;7/5/2013;;;
;;2013;8/5/2013;;;
;;2013;9/5/2013;;;
;;2013;10/5/2013;;;
;;2013;11/5/2013;;;
;;2013;12/5/2013;;;
;;2013;13/5/2013;;;
;;2013;14/5/2013;;;
;;2013;15/5/2013;;;
;;2013;16/5/2013;;;
;;2013;17/5/2013;;;
;;2013;18/5/2013;;;
;;2013;19/5/2013;;;
;;2013;20/5/2013;;;
;;2013;21/5/2013;;;
;;2013;22/5/2013;;;
;;2013;23/5/2013;;;
;;2013;24/5/2013;;;
;;2013;25/5/2013;;;
;;2013;26/5/2013;;;
;;2013;27/5/2013;;;
;;2013;28/5/2013;;;
;;2013;29/5/2013;;;
;;2013;30/5/2013;;;
;;2013;31/5/2013;;;
;;2013;1/6/2013;;;
;;2013;2/6/2013;;;
;;2013;3/6/2013;;;
;;2013;4/6/2013;;;
;;2013;5/6/2013;;;
;;2013;6/6/2013;;;
;;2013;7/6/2013;;;
;;2013;8/6/2013;;;
;;2013;9/6/2013;;;
;;2013;10/6/2013;;;
;;2013;11/6/2013;;;
;;2013;12/6/2013;;;
;;2013;13/6/2013;;;
;;2013;14/6/2013;;;
;;2013;15/6/2013;;;
;;2013;16/6/2013;;;
;;2013;17/6/2013;;;
;;2013;18/6/2013;;;
;;2013;19/6/2013;;;
;;2013;20/6/2013;;;
;;2013;21/6/2013;;;
;;2013;22/6/2013;;;
;;2013;23/6/2013;;;
;;2013;24/6/2013;;;
;;2013;25/6/2013;;;
;;2013;26/6/2013;;;
;;2013;27/6/2013;;;
;;2013;28/6/2013;;;
;;2013;29/6/2013;;;
;;2013;30/6/2013;;;
;;2013;1/7/2013;;;
;;2013;2/7/2013;;;
;;2013;3/7/2013;;;
;;2013;4/7/2013;;;
;;2013;5/7/2013;;;
;;2013;6/7/2013;;;
;;2013;7/7/2013;;;
;;2013;8/7/2013;;;
;;2013;9/7/2013;;;
;;2013;10/7/2013;;;
;;2013;11/7/2013;;;
;;2013;12/7/2013;;;
;;2013;13/7/2013;;;
;;2013;14/7/2013;;;
;;2013;15/7/2013;;;
;;2013;16/7/2013;;;
;;2013;17/7/2013;;;
;;2013;18/7/2013;;;
;;2013;19/7/2013;;;
;;2013;20/7/2013;;;
;;2013;21/7/2013;;;
;;2013;22/7/2013;;;
;;2013;23/7/2013;;;
;;2013;24/7/2013;;;
;;2013;25/7/2013;;;
;;2013;26/7/2013;;;
;;2013;27/7/2013;;;
;;2013;28/7/2013;;;
;;2013;29/7/2013;;;
;;2013;30/7/2013;;;
;;2013;31/7/2013;;;
;;2013;1/8/2013;;;
;;2013;2/8/2013;;;
;;2013;3/8/2013;;;
;;2013;4/8/2013;;;
;;2013;5/8/2013;;;
;;2013;6/8/2013;;;
;;2013;7/8/2013;;;
;;2013;8/8/2013;;;
;;2013;9/8/2013;;;
;;2013;10/8/2013;;;
;;2013;11/8/2013;;;
;;2013;12/8/2013;;;
;;2013;13/8/2013;;;
;;2013;14/8/2013;;;
;;2013;15/8/2013;;;
;;2013;16/8/2013;;;
;;2013;17/8/2013;;;
;;2013;18/8/2013;;;
;;2013;19/8/2013;;;
;;2013;20/8/2013;;;
;;2013;21/8/2013;;;
;;2013;22/8/2013;;;
;;2013;23/8/2013;;;
;;2013;24/8/2013;;;
25;8;2013;25/8/2013;1,5;197,797;198,707
26;8;2013;26/8/2013;1,68;197,979;198,889
27;8;2013;27/8/2013;1,83;198,132;199,042
28;8;2013;28/8/2013;1,86;198,162;199,072
29;8;2013;29/8/2013;1,85;198,148;199,058
30;8;2013;30/8/2013;1,83;198,133;199,043
31;8;2013;31/8/2013;1,84;198,138;199,048
1;9;2013;1/9/2013;1,7;198,003;198,913
2;9;2013;2/9/2013;1,54;197,844;198,754
3;9;2013;3/9/2013;1,39;197,691;198,601
4;9;2013;4/9/2013;1,35;197,647;198,557
5;9;2013;5/9/2013;1,33;197,628;198,538
6;9;2013;6/9/2013;1,32;197,621;198,531
7;9;2013;7/9/2013;1,32;197,622;198,532
8;9;2013;8/9/2013;1,33;197,633;198,543
9;9;2013;9/9/2013;1,34;197,637;198,547
10;9;2013;10/9/2013;1,33;197,628;198,538
11;9;2013;11/9/2013;1,49;197,788;198,698
12;9;2013;12/9/2013;1,71;198,014;198,924
13;9;2013;13/9/2013;1,91;198,21;199,12
14;9;2013;14/9/2013;2,13;198,427;199,337
15;9;2013;15/9/2013;2,4;198,7;199,61
16;9;2013;16/9/2013;2,69;198,992;199,902
17;9;2013;17/9/2013;2,97;199,273;200,183
18;9;2013;18/9/2013;3,15;199,45;200,36
19;9;2013;19/9/2013;3,27;199,573;200,483
20;9;2013;20/9/2013;3,3;199,6;200,51
21;9;2013;21/9/2013;3,18;199,484;200,394
22;9;2013;22/9/2013;2,84;199,138;200,048
23;9;2013;23/9/2013;2,63;198,933;199,843
24;9;2013;24/9/2013;2,58;198,878;199,788
25;9;2013;25/9/2013;2,57;198,871;199,781
26;9;2013;26/9/2013;2,58;198,878;199,788
27;9;2013;27/9/2013;2,58;198,883;199,793
28;9;2013;28/9/2013;2,58;198,878;199,788
29;9;2013;29/9/2013;2,59;198,888;199,798
30;9;2013;30/9/2013;2,59;198,892;199,802
1;10;2013;1/10/2013;2,59;198,89;199,8
2;10;2013;2/10/2013;2,64;198,944;199,854
3;10;2013;3/10/2013;2,64;198,939;199,849
4;10;2013;4/10/2013;2,66;198,96;199,87
5;10;2013;5/10/2013;2,66;198,961;199,871
6;10;2013;6/10/2013;2,48;198,785;199,695
7;10;2013;7/10/2013;2,22;198,522;199,432
8;10;2013;8/10/2013;2,08;198,38;199,29
9;10;2013;9/10/2013;1,88;198,182;199,092
10;10;2013;10/10/2013;1,78;198,08;198,99
11;10;2013;11/10/2013;1,58;197,88;198,79
12;10;2013;12/10/2013;1,54;197,838;198,748
13;10;2013;13/10/2013;1,55;197,85;198,76
14;10;2013;14/10/2013;1,55;197,846;198,756
15;10;2013;15/10/2013;1,53;197,829;198,739
16;10;2013;16/10/2013;1,66;197,961;198,871
17;10;2013;17/10/2013;1,71;198,008;198,918
18;10;2013;18/10/2013;1,71;198,008;198,918
19;10;2013;19/10/2013;1,71;198,011;198,921
20;10;2013;20/10/2013;1,72;198,021;198,931
21;10;2013;21/10/2013;1,71;198,013;198,923
22;10;2013;22/10/2013;1,69;197,993;198,903
23;10;2013;23/10/2013;1,7;198,004;198,914
24;10;2013;24/10/2013;1,7;197,996;198,906
25;10;2013;25/10/2013;1,69;197,995;198,905
26;10;2013;26/10/2013;1,67;197,972;198,882
27;10;2013;27/10/2013;1,68;197,983;198,893
28;10;2013;28/10/2013;1,69;197,986;198,896
29;10;2013;29/10/2013;1,67;197,974;198,884
30;10;2013;30/10/2013;1,69;197,994;198,904
31;10;2013;31/10/2013;1,69;197,989;198,899
1;11;2013;1/11/2013;1,7;197,998;198,908
2;11;2013;2/11/2013;1,69;197,991;198,901
3;11;2013;3/11/2013;1,7;197,997;198,907
4;11;2013;4/11/2013;1,71;198,011;198,921
5;11;2013;5/11/2013;1,69;197,985;198,895
6;11;2013;6/11/2013;1,7;198,003;198,913
7;11;2013;7/11/2013;1,68;197,984;198,894
8;11;2013;8/11/2013;1,69;197,994;198,904
9;11;2013;9/11/2013;1,69;197,991;198,901
10;11;2013;10/11/2013;1,71;198,006;198,916
11;11;2013;11/11/2013;1,72;198,016;198,926
12;11;2013;12/11/2013;1,68;197,983;198,893
13;11;2013;13/11/2013;1,69;197,995;198,905
14;11;2013;14/11/2013;1,68;197,977;198,887
15;11;2013;15/11/2013;1,69;197,988;198,898
16;11;2013;16/11/2013;1,71;198,006;198,916
17;11;2013;17/11/2013;1,71;198,008;198,918
18;11;2013;18/11/2013;1,7;198,002;198,912
19;11;2013;19/11/2013;1,64;197,939;198,849
20;11;2013;20/11/2013;1,74;198,038;198,948
21;11;2013;21/11/2013;1,71;198,006;198,916
22;11;2013;22/11/2013;1,73;198,03;198,94
23;11;2013;23/11/2013;1,66;197,957;198,867
24;11;2013;24/11/2013;1,74;198,035;198,945
25;11;2013;25/11/2013;1,71;198,013;198,923
26;11;2013;26/11/2013;1,71;198,012;198,922
27;11;2013;27/11/2013;1,72;198,022;198,932
28;11;2013;28/11/2013;1,74;198,041;198,951
29;11;2013;29/11/2013;1,72;198,021;198,931
30;11;2013;30/11/2013;1,71;198,006;198,916
1;12;2013;1/12/2013;1,72;198,02;198,93
2;12;2013;2/12/2013;1,7;198,002;198,912
3;12;2013;3/12/2013;1,68;197,981;198,891
4;12;2013;4/12/2013;1,71;198,007;198,917
5;12;2013;5/12/2013;1,69;197,99;198,9
6;12;2013;6/12/2013;1,7;197,997;198,907
7;12;2013;7/12/2013;1,69;197,992;198,902
8;12;2013;8/12/2013;1,72;198,021;198,931
9;12;2013;9/12/2013;1,73;198,029;198,939
10;12;2013;10/12/2013;1,72;198,023;198,933
11;12;2013;11/12/2013;1,7;197,999;198,909
12;12;2013;12/12/2013;1,69;197,992;198,902
13;12;2013;13/12/2013;1,64;197,943;198,853
14;12;2013;14/12/2013;1,71;198,014;198,924
15;12;2013;15/12/2013;1,95;198,254;199,164
16;12;2013;16/12/2013;2,12;198,418;199,328
17;12;2013;17/12/2013;2,41;198,707;199,617
18;12;2013;18/12/2013;2,65;198,948;199,858
19;12;2013;19/12/2013;2,63;198,928;199,838
20;12;2013;20/12/2013;2,29;198,586;199,496
21;12;2013;21/12/2013;2,06;198,361;199,271
22;12;2013;22/12/2013;2,01;198,311;199,221
23;12;2013;23/12/2013;2,08;198,375;199,285
24;12;2013;24/12/2013;2,33;198,626;199,536
25;12;2013;25/12/2013;2,44;198,742;199,652
26;12;2013;26/12/2013;2,31;198,61;199,52
27;12;2013;27/12/2013;2,31;198,61;199,52
28;12;2013;28/12/2013;2,53;198,827;199,737
29;12;2013;29/12/2013;2,3;198,604;199,514
30;12;2013;30/12/2013;2,25;198,547;199,457
31;12;2013;31/12/2013;2,23;198,535;199,445
1;1;2014;1/1/2014;2,12;198,418;199,328
2;1;2014;2/1/2014;1,86;198,165;199,075
3;1;2014;3/1/2014;1,66;197,963;198,873
4;1;2014;4/1/2014;1,51;197,806;198,716
5;1;2014;5/1/2014;1,44;197,736;198,646
6;1;2014;6/1/2014;1,43;197,727;198,637
7;1;2014;7/1/2014;1,4;197,702;198,612
8;1;2014;8/1/2014;1,39;197,694;198,604
9;1;2014;9/1/2014;1,4;197,696;198,606
10;1;2014;10/1/2014;1,4;197,697;198,607
11;1;2014;11/1/2014;1,38;197,684;198,594
12;1;2014;12/1/2014;1,38;197,684;198,594
13;1;2014;13/1/2014;1,4;197,698;198,608
14;1;2014;14/1/2014;1,53;197,831;198,741
15;1;2014;15/1/2014;1,41;197,713;198,623
16;1;2014;16/1/2014;1,4;197,704;198,614
17;1;2014;17/1/2014;1,41;197,709;198,619
18;1;2014;18/1/2014;1,41;197,709;198,619
19;1;2014;19/1/2014;1,43;197,727;198,637
20;1;2014;20/1/2014;1,42;197,725;198,635
21;1;2014;21/1/2014;1,44;197,735;198,645
22;1;2014;22/1/2014;1,42;197,722;198,632
23;1;2014;23/1/2014;1,43;197,727;198,637
24;1;2014;24/1/2014;1,42;197,72;198,63
25;1;2014;25/1/2014;1,43;197,729;198,639
26;1;2014;26/1/2014;1,41;197,712;198,622
27;1;2014;27/1/2014;1,42;197,717;198,627
28;1;2014;28/1/2014;1,4;197,698;198,608
29;1;2014;29/1/2014;1,39;197,691;198,601
30;1;2014;30/1/2014;1,41;197,705;198,615
31;1;2014;31/1/2014;1,39;197,692;198,602
1;2;2014;1/2/2014;1,39;197,685;198,595
2;2;2014;2/2/2014;1,38;197,678;198,588
3;2;2014;3/2/2014;1,38;197,676;198,586
4;2;2014;4/2/2014;1,37;197,672;198,582
5;2;2014;5/2/2014;1,38;197,678;198,588
6;2;2014;6/2/2014;1,38;197,677;198,587
7;2;2014;7/2/2014;1,39;197,688;198,598
8;2;2014;8/2/2014;1,38;197,68;198,59
9;2;2014;9/2/2014;1,38;197,682;198,592
10;2;2014;10/2/2014;1,39;197,695;198,605
11;2;2014;11/2/2014;1,39;197,687;198,597
12;2;2014;12/2/2014;1,4;197,697;198,607
13;2;2014;13/2/2014;1,4;197,697;198,607
14;2;2014;14/2/2014;1,39;197,695;198,605
15;2;2014;15/2/2014;1,4;197,701;198,611
16;2;2014;16/2/2014;1,42;197,718;198,628
17;2;2014;17/2/2014;1,42;197,722;198,632
18;2;2014;18/2/2014;1,43;197,735;198,645
19;2;2014;19/2/2014;1,43;197,728;198,638
20;2;2014;20/2/2014;1,43;197,726;198,636
21;2;2014;21/2/2014;1,53;197,827;198,737
22;2;2014;22/2/2014;1,49;197,786;198,696
23;2;2014;23/2/2014;1,48;197,782;198,692
24;2;2014;24/2/2014;1,47;197,767;198,677
25;2;2014;25/2/2014;1,45;197,752;198,662
26;2;2014;26/2/2014;1,44;197,743;198,653
27;2;2014;27/2/2014;1,42;197,721;198,631
28;2;2014;28/2/2014;1,42;197,72;198,63
1;3;2014;1/3/2014;1,41;197,709;198,619
2;3;2014;2/3/2014;1,41;197,707;198,617
3;3;2014;3/3/2014;1,42;197,717;198,627
4;3;2014;4/3/2014;1,41;197,714;198,624
5;3;2014;5/3/2014;1,41;197,705;198,615
6;3;2014;6/3/2014;1,4;197,702;198,612
7;3;2014;7/3/2014;1,4;197,701;198,611
8;3;2014;8/3/2014;1,4;197,697;198,607
9;3;2014;9/3/2014;1,4;197,705;198,615
10;3;2014;10/3/2014;1,39;197,693;198,603
11;3;2014;11/3/2014;1,42;197,716;198,626
12;3;2014;12/3/2014;1,41;197,71;198,62
13;3;2014;13/3/2014;1,4;197,697;198,607
14;3;2014;14/3/2014;1,39;197,686;198,596
15;3;2014;15/3/2014;1,38;197,68;198,59
16;3;2014;16/3/2014;1,38;197,681;198,591
17;3;2014;17/3/2014;1,38;197,678;198,588
18;3;2014;18/3/2014;1,37;197,674;198,584
19;3;2014;19/3/2014;1,37;197,673;198,583
20;3;2014;20/3/2014;1,37;197,671;198,581
21;3;2014;21/3/2014;1,37;197,669;198,579
22;3;2014;22/3/2014;1,37;197,671;198,581
23;3;2014;23/3/2014;1,37;197,667;198,577
24;3;2014;24/3/2014;1,36;197,663;198,573
25;3;2014;25/3/2014;1,35;197,648;198,558
26;3;2014;26/3/2014;1,35;197,648;198,558
27;3;2014;27/3/2014;1,35;197,648;198,558
28;3;2014;28/3/2014;1,35;197,647;198,557
29;3;2014;29/3/2014;1,35;197,646;198,556
30;3;2014;30/3/2014;1,35;197,645;198,555
31;3;2014;31/3/2014;1,34;197,645;198,555
1;4;2014;1/4/2014;1,35;197,646;198,556
2;4;2014;2/4/2014;1,35;197,648;198,558
3;4;2014;3/4/2014;1,35;197,655;198,565
4;4;2014;4/4/2014;1,36;197,656;198,566
5;4;2014;5/4/2014;1,36;197,66;198,57
6;4;2014;6/4/2014;1,4;197,702;198,612
7;4;2014;7/4/2014;1,88;198,184;199,094
8;4;2014;8/4/2014;2,24;198,542;199,452
9;4;2014;9/4/2014;2,05;198,347;199,257
10;4;2014;10/4/2014;1,9;198,203;199,113
11;4;2014;11/4/2014;1,74;198,036;198,946
12;4;2014;12/4/2014;1,66;197,962;198,872
13;4;2014;13/4/2014;1,62;197,923;198,833
14;4;2014;14/4/2014;1,6;197,898;198,808
15;4;2014;15/4/2014;1,58;197,876;198,786
16;4;2014;16/4/2014;1,56;197,864;198,774
17;4;2014;17/4/2014;1,55;197,848;198,758
18;4;2014;18/4/2014;1,54;197,838;198,748
19;4;2014;19/4/2014;1,53;197,834;198,744
20;4;2014;20/4/2014;1,53;197,826;198,736
21;4;2014;21/4/2014;1,52;197,82;198,73
22;4;2014;22/4/2014;1,51;197,812;198,722
23;4;2014;23/4/2014;1,51;197,808;198,718
24;4;2014;24/4/2014;1,5;197,801;198,711
25;4;2014;25/4/2014;1,5;197,801;198,711
26;4;2014;26/4/2014;1,5;197,798;198,708
27;4;2014;27/4/2014;1,48;197,784;198,694
28;4;2014;28/4/2014;1,48;197,776;198,686
29;4;2014;29/4/2014;1,48;197,775;198,685
30;4;2014;30/4/2014;1,48;197,776;198,686
;5;2014;1/5/2014;;;
;5;2014;2/5/2014;;;
;5;2014;3/5/2014;;;
;5;2014;4/5/2014;;;
;5;2014;5/5/2014;;;
;5;2014;6/5/2014;;;
;5;2014;7/5/2014;;;
;5;2014;8/5/2014;;;
;5;2014;9/5/2014;;;
;5;2014;10/5/2014;;;
;5;2014;11/5/2014;;;
;5;2014;12/5/2014;;;
;5;2014;13/5/2014;;;
14;5;2014;14/5/2014;1,7;198,004;198,914
15;5;2014;15/5/2014;1,97;198,273;199,183
16;5;2014;16/5/2014;2,21;198,512;199,422
17;5;2014;17/5/2014;2,48;198,781;199,691
18;5;2014;18/5/2014;2,78;199,077;199,987
19;5;2014;19/5/2014;2,99;199,287;200,197
20;5;2014;20/5/2014;3,07;199,373;200,283
21;5;2014;21/5/2014;3,14;199,443;200,353
22;5;2014;22/5/2014;3,19;199,49;200,4
23;5;2014;23/5/2014;3,17;199,467;200,377
24;5;2014;24/5/2014;3,18;199,484;200,394
25;5;2014;25/5/2014;3,15;199,452;200,362
26;5;2014;26/5/2014;3,13;199,426;200,336
27;5;2014;27/5/2014;3,01;199,308;200,218
28;5;2014;28/5/2014;2,98;199,283;200,193
29;5;2014;29/5/2014;2,77;199,07;199,98
30;5;2014;30/5/2014;2,48;198,776;199,686
31;5;2014;31/5/2014;2,37;198,668;199,578
1;6;2014;1/6/2014;2,37;198,671;199,581
2;6;2014;2/6/2014;2,35;198,653;199,563
3;6;2014;3/6/2014;2,36;198,656;199,566
4;6;2014;4/6/2014;2,36;198,664;199,574
5;6;2014;5/6/2014;2,35;198,649;199,559
6;6;2014;6/6/2014;2,35;198,653;199,563
7;6;2014;7/6/2014;2,35;198,651;199,561
8;6;2014;8/6/2014;2,33;198,633;199,543
9;6;2014;9/6/2014;2,28;198,577;199,487
10;6;2014;10/6/2014;2,27;198,567;199,477
11;6;2014;11/6/2014;2,26;198,558;199,468
12;6;2014;12/6/2014;2,25;198,551;199,461
13;6;2014;13/6/2014;2,21;198,511;199,421
14;6;2014;14/6/2014;2,2;198,503;199,413
15;6;2014;15/6/2014;2,25;198,55;199,46
16;6;2014;16/6/2014;2,25;198,546;199,456
17;6;2014;17/6/2014;2,24;198,543;199,453
18;6;2014;18/6/2014;2,23;198,533;199,443
19;6;2014;19/6/2014;2,26;198,56;199,47
20;6;2014;20/6/2014;2,27;198,568;199,478
21;6;2014;21/6/2014;2,24;198,543;199,453
22;6;2014;22/6/2014;2,25;198,55;199,46
23;6;2014;23/6/2014;2,25;198,547;199,457
24;6;2014;24/6/2014;2,25;198,551;199,461
25;6;2014;25/6/2014;2,26;198,56;199,47
26;6;2014;26/6/2014;2,25;198,552;199,462
27;6;2014;27/6/2014;2,25;198,552;199,462
28;6;2014;28/6/2014;2,24;198,544;199,454
29;6;2014;29/6/2014;2,28;198,581;199,491
30;6;2014;30/6/2014;2,68;198,98;199,89
1;7;2014;1/7/2014;2,76;199,057;199,967
2;7;2014;2/7/2014;2,77;199,074;199,984
3;7;2014;3/7/2014;2,79;199,088;199,998
4;7;2014;4/7/2014;2,78;199,076;199,986
5;7;2014;5/7/2014;2,78;199,082;199,992
6;7;2014;6/7/2014;2,78;199,084;199,994
7;7;2014;7/7/2014;2,78;199,077;199,987
8;7;2014;8/7/2014;2,77;199,07;199,98
9;7;2014;9/7/2014;2,89;199,195;200,105
10;7;2014;10/7/2014;2,9;199,196;200,106
11;7;2014;11/7/2014;2,82;199,122;200,032
12;7;2014;12/7/2014;2,81;199,113;200,023
13;7;2014;13/7/2014;2,62;198,92;199,83
14;7;2014;14/7/2014;2,33;198,635;199,545
15;7;2014;15/7/2014;2,17;198,471;199,381
16;7;2014;16/7/2014;1,96;198,263;199,173
17;7;2014;17/7/2014;1,85;198,152;199,062
18;7;2014;18/7/2014;1,8;198,102;199,012
19;7;2014;19/7/2014;1,79;198,089;198,999
20;7;2014;20/7/2014;1,79;198,087;198,997
21;7;2014;21/7/2014;1,78;198,081;198,991
22;7;2014;22/7/2014;1,77;198,067;198,977
23;7;2014;23/7/2014;1,76;198,063;198,973
24;7;2014;24/7/2014;1,91;198,205;199,115
25;7;2014;25/7/2014;2,11;198,414;199,324
26;7;2014;26/7/2014;2,18;198,476;199,386
27;7;2014;27/7/2014;2,18;198,479;199,389
28;7;2014;28/7/2014;2,17;198,475;199,385
29;7;2014;29/7/2014;2,13;198,43;199,34
30;7;2014;30/7/2014;1,99;198,287;199,197
31;7;2014;31/7/2014;1,83;198,126;199,036
1;8;2014;1/8/2014;1,86;198,159;199,069
2;8;2014;2/8/2014;1,91;198,214;199,124
3;8;2014;3/8/2014;2,02;198,325;199,235
4;8;2014;4/8/2014;2,08;198,377;199,287
5;8;2014;5/8/2014;2,2;198,503;199,413
6;8;2014;6/8/2014;2,3;198,605;199,515
7;8;2014;7/8/2014;2,4;198,7;199,61
8;8;2014;8/8/2014;2,37;198,67;199,58
9;8;2014;9/8/2014;2,45;198,754;199,664
10;8;2014;10/8/2014;2,47;198,769;199,679
11;8;2014;11/8/2014;2,47;198,772;199,682
12;8;2014;12/8/2014;2,57;198,872;199,782
13;8;2014;13/8/2014;2,7;199,002;199,912
14;8;2014;14/8/2014;2,88;199,179;200,089
15;8;2014;15/8/2014;3,08;199,381;200,291
16;8;2014;16/8/2014;3,25;199,554;200,464
17;8;2014;17/8/2014;3,21;199,515;200,425
18;8;2014;18/8/2014;3,2;199,497;200,407
19;8;2014;19/8/2014;3,13;199,435;200,345
20;8;2014;20/8/2014;2,67;198,973;199,883
21;8;2014;21/8/2014;2,48;198,783;199,693
22;8;2014;22/8/2014;2,19;198,49;199,4
23;8;2014;23/8/2014;2,01;198,313;199,223
24;8;2014;24/8/2014;1,91;198,206;199,116
25;8;2014;25/8/2014;1,82;198,12;199,03
26;8;2014;26/8/2014;1,9;198,199;199,109
27;8;2014;27/8/2014;2,12;198,419;199,329
28;8;2014;28/8/2014;2,37;198,67;199,58
29;8;2014;29/8/2014;2,6;198,898;199,808
30;8;2014;30/8/2014;2,58;198,88;199,79
31;8;2014;31/8/2014;2,41;198,715;199,625
1;9;2014;1/9/2014;2,28;198,581;199,491
2;9;2014;2/9/2014;2,22;198,522;199,432
3;9;2014;3/9/2014;2,01;198,313;199,223
4;9;2014;4/9/2014;1,97;198,266;199,176
5;9;2014;5/9/2014;;;
6;9;2014;6/9/2014;;;
7;9;2014;7/9/2014;;;
8;9;2014;8/9/2014;;;
9;9;2014;9/9/2014;;;
10;9;2014;10/9/2014;;;
11;9;2014;11/9/2014;1,61;197,914;198,824
12;9;2014;12/9/2014;1,78;198,08;198,99
13;9;2014;13/9/2014;1,9;198,205;199,115
14;9;2014;14/9/2014;1,95;198,252;199,162
15;9;2014;15/9/2014;1,97;198,266;199,176
16;9;2014;16/9/2014;1,86;198,161;199,071
17;9;2014;17/9/2014;1,8;198,103;199,013
18;9;2014;18/9/2014;1,81;198,11;199,02
19;9;2014;19/9/2014;1,71;198,009;198,919
20;9;2014;20/9/2014;1,53;197,828;198,738
21;9;2014;21/9/2014;1,45;197,753;198,663
22;9;2014;22/9/2014;1,44;197,738;198,648
23;9;2014;23/9/2014;1,42;197,724;198,634
24;9;2014;24/9/2014;1,41;197,713;198,623
25;9;2014;25/9/2014;1,41;197,709;198,619
26;9;2014;26/9/2014;1,41;197,706;198,616
27;9;2014;27/9/2014;1,4;197,703;198,613
28;9;2014;28/9/2014;1,4;197,703;198,613
29;9;2014;29/9/2014;1,4;197,705;198,615
30;9;2014;30/9/2014;1,41;197,705;198,615
1;10;2014;1/10/2014;;;
2;10;2014;2/10/2014;;;
3;10;2014;3/10/2014;;;
4;10;2014;4/10/2014;;;
5;10;2014;5/10/2014;;;
6;10;2014;6/10/2014;;;
7;10;2014;7/10/2014;;;
8;10;2014;8/10/2014;1,55;197,85;198,76
9;10;2014;9/10/2014;1,58;197,877;198,787
10;10;2014;10/10/2014;1,55;197,852;198,762
11;10;2014;11/10/2014;1,53;197,832;198,742
12;10;2014;12/10/2014;1,52;197,817;198,727
13;10;2014;13/10/2014;1,5;197,804;198,714
14;10;2014;14/10/2014;1,48;197,781;198,691
15;10;2014;15/10/2014;1,48;197,782;198,692
16;10;2014;16/10/2014;1,46;197,765;198,675
17;10;2014;17/10/2014;1,45;197,752;198,662
18;10;2014;18/10/2014;1,46;197,761;198,671
19;10;2014;19/10/2014;1,46;197,765;198,675
20;10;2014;20/10/2014;1,46;197,758;198,668
21;10;2014;21/10/2014;1,43;197,732;198,642
22;10;2014;22/10/2014;1,42;197,718;198,628
23;10;2014;23/10/2014;1,4;197,701;198,611
24;10;2014;24/10/2014;1,39;197,693;198,603
25;10;2014;25/10/2014;1,4;197,701;198,611
26;10;2014;26/10/2014;1,42;197,723;198,633
27;10;2014;27/10/2014;1,43;197,727;198,637
28;10;2014;28/10/2014;1,41;197,71;198,62
29;10;2014;29/10/2014;1,42;197,718;198,628
30;10;2014;30/10/2014;1,4;197,705;198,615
31;10;2014;31/10/2014;1,38;197,681;198,591
1;11;2014;1/11/2014;;;
2;11;2014;2/11/2014;;;
3;11;2014;3/11/2014;;;
4;11;2014;4/11/2014;;;
5;11;2014;5/11/2014;;;
6;11;2014;6/11/2014;;;
7;11;2014;7/11/2014;;;
8;11;2014;8/11/2014;;;
9;11;2014;9/11/2014;;;
10;11;2014;10/11/2014;;;
11;11;2014;11/11/2014;;;
12;11;2014;12/11/2014;;;
13;11;2014;13/11/2014;;;
14;11;2014;14/11/2014;;;
15;11;2014;15/11/2014;;;
16;11;2014;16/11/2014;;;
17;11;2014;17/11/2014;;;
18;11;2014;18/11/2014;;;
19;11;2014;19/11/2014;;;
20;11;2014;20/11/2014;;;
21;11;2014;21/11/2014;;;
22;11;2014;22/11/2014;;;
23;11;2014;23/11/2014;;;
24;11;2014;24/11/2014;;;
25;11;2014;25/11/2014;;;
26;11;2014;26/11/2014;;;
27;11;2014;27/11/2014;;;
28;11;2014;28/11/2014;;;
29;11;2014;29/11/2014;;;
30;11;2014;30/11/2014;;;
1;12;2014;1/12/2014;1,31;197,605;198,515
2;12;2014;2/12/2014;1,31;197,605;198,515
3;12;2014;3/12/2014;1,31;197,613;198,523
4;12;2014;4/12/2014;1,53;197,832;198,742
5;12;2014;5/12/2014;1,44;197,743;198,653
6;12;2014;6/12/2014;1,34;197,637;198,547
7;12;2014;7/12/2014;1,32;197,621;198,531
8;12;2014;8/12/2014;1,33;197,628;198,538
9;12;2014;9/12/2014;1,32;197,621;198,531
10;12;2014;10/12/2014;1,32;197,617;198,527
11;12;2014;11/12/2014;1,31;197,613;198,523
12;12;2014;12/12/2014;1,31;197,609;198,519
13;12;2014;13/12/2014;1,31;197,608;198,518
14;12;2014;14/12/2014;1,31;197,609;198,519
15;12;2014;15/12/2014;1,36;197,658;198,568
16;12;2014;16/12/2014;1,37;197,668;198,578
17;12;2014;17/12/2014;1,34;197,644;198,554
18;12;2014;18/12/2014;1,33;197,629;198,539
19;12;2014;19/12/2014;1,32;197,622;198,532
20;12;2014;20/12/2014;1,32;197,616;198,526
21;12;2014;21/12/2014;1,32;197,622;198,532
22;12;2014;22/12/2014;1,32;197,62;198,53
23;12;2014;23/12/2014;1,32;197,621;198,531
24;12;2014;24/12/2014;1,32;197,615;198,525
25;12;2014;25/12/2014;1,32;197,616;198,526
26;12;2014;26/12/2014;1,32;197,619;198,529
27;12;2014;27/12/2014;1,31;197,614;198,524
28;12;2014;28/12/2014;1,31;197,611;198,521
29;12;2014;29/12/2014;1,31;197,612;198,522
30;12;2014;30/12/2014;1,31;197,607;198,517
31;12;2014;31/12/2014;1,31;197,606;198,516
1;1;2015;1/1/2015;1,31;197,608;198,518
2;1;2015;2/1/2015;1,32;197,619;198,529
3;1;2015;3/1/2015;1,31;197,613;198,523
4;1;2015;4/1/2015;1,31;197,615;198,525
5;1;2015;5/1/2015;1,31;197,615;198,525
6;1;2015;6/1/2015;1,31;197,612;198,522
7;1;2015;7/1/2015;1,42;197,721;198,631
8;1;2015;8/1/2015;1,46;197,761;198,671
9;1;2015;9/1/2015;1,49;197,794;198,704
10;1;2015;10/1/2015;1,55;197,848;198,758
11;1;2015;11/1/2015;1,55;197,851;198,761
12;1;2015;12/1/2015;1,56;197,857;198,767
13;1;2015;13/1/2015;1,55;197,854;198,764
14;1;2015;14/1/2015;1,55;197,855;198,765
15;1;2015;15/1/2015;1,55;197,851;198,761
16;1;2015;16/1/2015;1,57;197,871;198,781
17;1;2015;17/1/2015;1,55;197,854;198,764
18;1;2015;18/1/2015;1,58;197,884;198,794
19;1;2015;19/1/2015;1,57;197,866;198,776
20;1;2015;20/1/2015;1,57;197,867;198,777
21;1;2015;21/1/2015;1,58;197,878;198,788
22;1;2015;22/1/2015;1,64;197,939;198,849
23;1;2015;23/1/2015;1,64;197,94;198,85
24;1;2015;24/1/2015;1,65;197,954;198,864
25;1;2015;25/1/2015;1,63;197,925;198,835
26;1;2015;26/1/2015;1,64;197,94;198,85
27;1;2015;27/1/2015;1,6;197,902;198,812
28;1;2015;28/1/2015;1,61;197,907;198,817
29;1;2015;29/1/2015;1,6;197,905;198,815
30;1;2015;30/1/2015;1,59;197,892;198,802
31;1;2015;31/1/2015;1,61;197,906;198,816
1;2;2015;1/2/2015;1,61;197,908;198,818
2;2;2015;2/2/2015;1,61;197,915;198,825
3;2;2015;3/2/2015;1,69;197,989;198,899
4;2;2015;4/2/2015;1,77;198,075;198,985
5;2;2015;5/2/2015;1,77;198,065;198,975
6;2;2015;6/2/2015;1,69;197,994;198,904
7;2;2015;7/2/2015;1,68;197,977;198,887
8;2;2015;8/2/2015;1,68;197,977;198,887
9;2;2015;9/2/2015;1,68;197,976;198,886
10;2;2015;10/2/2015;1,65;197,954;198,864
11;2;2015;11/2/2015;1,67;197,965;198,875
12;2;2015;12/2/2015;1,66;197,955;198,865
13;2;2015;13/2/2015;1,65;197,948;198,858
14;2;2015;14/2/2015;1,64;197,939;198,849
15;2;2015;15/2/2015;1,66;197,96;198,87
16;2;2015;16/2/2015;1,7;197,998;198,908
17;2;2015;17/2/2015;1,66;197,961;198,871
18;2;2015;18/2/2015;1,63;197,928;198,838
19;2;2015;19/2/2015;1,62;197,917;198,827
20;2;2015;20/2/2015;1,62;197,924;198,834
21;2;2015;21/2/2015;1,62;197,922;198,832
22;2;2015;22/2/2015;1,62;197,92;198,83
23;2;2015;23/2/2015;1,63;197,932;198,842
24;2;2015;24/2/2015;1,6;197,901;198,811
25;2;2015;25/2/2015;1,6;197,905;198,815
26;2;2015;26/2/2015;1,6;197,897;198,807
27;2;2015;27/2/2015;1,61;197,909;198,819
28;2;2015;28/2/2015;1,61;197,911;198,821
1;3;2015;1/3/2015;1,57;197,867;198,777
2;3;2015;2/3/2015;1,55;197,855;198,765
3;3;2015;3/3/2015;1,52;197,82;198,73
4;3;2015;4/3/2015;1,53;197,831;198,741
5;3;2015;5/3/2015;1,53;197,827;198,737
6;3;2015;6/3/2015;1,53;197,83;198,74
7;3;2015;7/3/2015;1,52;197,823;198,733
8;3;2015;8/3/2015;1,54;197,844;198,754
9;3;2015;9/3/2015;1,54;197,839;198,749
10;3;2015;10/3/2015;1,54;197,844;198,754
11;3;2015;11/3/2015;1,55;197,846;198,756
12;3;2015;12/3/2015;1,54;197,84;198,75
13;3;2015;13/3/2015;1,54;197,841;198,751
14;3;2015;14/3/2015;1,53;197,829;198,739
15;3;2015;15/3/2015;1,55;197,846;198,756
16;3;2015;16/3/2015;1,56;197,863;198,773
17;3;2015;17/3/2015;1,55;197,852;198,762
18;3;2015;18/3/2015;1,55;197,852;198,762
19;3;2015;19/3/2015;1,57;197,869;198,779
20;3;2015;20/3/2015;1,57;197,868;198,778
21;3;2015;21/3/2015;1,57;197,868;198,778
22;3;2015;22/3/2015;1,58;197,876;198,786
23;3;2015;23/3/2015;1,59;197,894;198,804
24;3;2015;24/3/2015;1,61;197,906;198,816
25;3;2015;25/3/2015;1,6;197,899;198,809
26;3;2015;26/3/2015;1,58;197,879;198,789
27;3;2015;27/3/2015;1,59;197,89;198,8
28;3;2015;28/3/2015;1,59;197,888;198,798
29;3;2015;29/3/2015;1,59;197,895;198,805
30;3;2015;30/3/2015;1,6;197,901;198,811
31;3;2015;31/3/2015;1,59;197,893;198,803
1;4;2015;1/4/2015;1,61;197,906;198,816
2;4;2015;2/4/2015;1,6;197,905;198,815
3;4;2015;3/4/2015;1,61;197,907;198,817
4;4;2015;4/4/2015;1,62;197,918;198,828
5;4;2015;5/4/2015;1,64;197,937;198,847
6;4;2015;6/4/2015;1,64;197,942;198,852
7;4;2015;7/4/2015;1,63;197,935;198,845
8;4;2015;8/4/2015;1,64;197,938;198,848
9;4;2015;9/4/2015;1,64;197,936;198,846
10;4;2015;10/4/2015;1,63;197,934;198,844
11;4;2015;11/4/2015;1,62;197,918;198,828
12;4;2015;12/4/2015;1,64;197,938;198,848
13;4;2015;13/4/2015;1,65;197,953;198,863
14;4;2015;14/4/2015;1,64;197,936;198,846
15;4;2015;15/4/2015;1,64;197,94;198,85
16;4;2015;16/4/2015;1,69;197,987;198,897
17;4;2015;17/4/2015;1,7;198,004;198,914
18;4;2015;18/4/2015;1,69;197,991;198,901
19;4;2015;19/4/2015;1,7;198;198,91
20;4;2015;20/4/2015;1,7;198,002;198,912
21;4;2015;21/4/2015;1,68;197,979;198,889
22;4;2015;22/4/2015;1,69;197,993;198,903
23;4;2015;23/4/2015;1,68;197,978;198,888
24;4;2015;24/4/2015;1,68;197,983;198,893
25;4;2015;25/4/2015;1,69;197,988;198,898
26;4;2015;26/4/2015;1,69;197,992;198,902
27;4;2015;27/4/2015;1,7;197,999;198,909
28;4;2015;28/4/2015;1,69;197,992;198,902
29;4;2015;29/4/2015;1,71;198,011;198,921
30;4;2015;30/4/2015;1,72;198,017;198,927
1;5;2015;1/5/2015;1,74;198,045;198,955
2;5;2015;2/5/2015;1,73;198,034;198,944
3;5;2015;3/5/2015;1,73;198,031;198,941
4;5;2015;4/5/2015;1,73;198,034;198,944
5;5;2015;5/5/2015;1,75;198,049;198,959
6;5;2015;6/5/2015;1,8;198,104;199,014
7;5;2015;7/5/2015;1,71;198,015;198,925
8;5;2015;8/5/2015;1,7;197,999;198,909
9;5;2015;9/5/2015;1,74;198,039;198,949
10;5;2015;10/5/2015;1,67;197,966;198,876
11;5;2015;11/5/2015;1,66;197,96;198,87
12;5;2015;12/5/2015;1,65;197,949;198,859
13;5;2015;13/5/2015;1,64;197,944;198,854
14;5;2015;14/5/2015;1,61;197,908;198,818
15;5;2015;15/5/2015;1,58;197,881;198,791
16;5;2015;16/5/2015;1,59;197,89;198,8
17;5;2015;17/5/2015;1,58;197,879;198,789
18;5;2015;18/5/2015;1,57;197,868;198,778
19;5;2015;19/5/2015;1,57;197,87;198,78
20;5;2015;20/5/2015;1,57;197,869;198,779
21;5;2015;21/5/2015;1,56;197,859;198,769
22;5;2015;22/5/2015;1,55;197,846;198,756
23;5;2015;23/5/2015;1,54;197,844;198,754
24;5;2015;24/5/2015;1,55;197,846;198,756
25;5;2015;25/5/2015;1,54;197,835;198,745
26;5;2015;26/5/2015;1,53;197,834;198,744
27;5;2015;27/5/2015;1,51;197,806;198,716
28;5;2015;28/5/2015;1,41;197,712;198,622
29;5;2015;29/5/2015;1,38;197,68;198,59
30;5;2015;30/5/2015;1,37;197,668;198,578
31;5;2015;31/5/2015;1,36;197,66;198,57
1;6;2015;1/6/2015;1,36;197,66;198,57
2;6;2015;2/6/2015;1,33;197,633;198,543
3;6;2015;3/6/2015;1,32;197,619;198,529
4;6;2015;4/6/2015;1,32;197,619;198,529
5;6;2015;5/6/2015;1,43;197,728;198,638
6;6;2015;6/6/2015;1,77;198,065;198,975
7;6;2015;7/6/2015;1,9;198,204;199,114
8;6;2015;8/6/2015;2,02;198,317;199,227
9;6;2015;9/6/2015;2,09;198,394;199,304
10;6;2015;10/6/2015;2,4;198,702;199,612
11;6;2015;11/6/2015;2,65;198,952;199,862
12;6;2015;12/6/2015;2,89;199,192;200,102
13;6;2015;13/6/2015;3,11;199,415;200,325
14;6;2015;14/6/2015;3,17;199,467;200,377
15;6;2015;15/6/2015;3,16;199,46;200,37
16;6;2015;16/6/2015;3,15;199,45;200,36
17;6;2015;17/6/2015;3,15;199,447;200,357
18;6;2015;18/6/2015;3,15;199,446;200,356
19;6;2015;19/6/2015;3,15;199,449;200,359
20;6;2015;20/6/2015;3,19;199,494;200,404
21;6;2015;21/6/2015;3,16;199,458;200,368
22;6;2015;22/6/2015;3,19;199,486;200,396
23;6;2015;23/6/2015;3,14;199,435;200,345
24;6;2015;24/6/2015;3,14;199,435;200,345
25;6;2015;25/6/2015;3,14;199,44;200,35
26;6;2015;26/6/2015;3,02;199,319;200,229
27;6;2015;27/6/2015;2,99;199,287;200,197
28;6;2015;28/6/2015;2,89;199,192;200,102
29;6;2015;29/6/2015;2,88;199,183;200,093
30;6;2015;30/6/2015;2,86;199,156;200,066
1;7;2015;1/7/2015;2,8;199,097;200,007
2;7;2015;2/7/2015;2,5;198,8;199,71
3;7;2015;3/7/2015;2,5;198,8;199,71
4;7;2015;4/7/2015;2,49;198,791;199,701
5;7;2015;5/7/2015;2,49;198,794;199,704
6;7;2015;6/7/2015;2,49;198,793;199,703
7;7;2015;7/7/2015;2,49;198,788;199,698
8;7;2015;8/7/2015;2,48;198,784;199,694
9;7;2015;9/7/2015;2,52;198,824;199,734
10;7;2015;10/7/2015;2,34;198,64;199,55
11;7;2015;11/7/2015;2,23;198,529;199,439
12;7;2015;12/7/2015;2,22;198,516;199,426
13;7;2015;13/7/2015;2,2;198,501;199,411
14;7;2015;14/7/2015;2,19;198,489;199,399
15;7;2015;15/7/2015;2,19;198,494;199,404
16;7;2015;16/7/2015;2,2;198,5;199,41
17;7;2015;17/7/2015;2,2;198,497;199,407
18;7;2015;18/7/2015;2,19;198,488;199,398
19;7;2015;19/7/2015;2,18;198,484;199,394
20;7;2015;20/7/2015;2,17;198,472;199,382
21;7;2015;21/7/2015;2,19;198,49;199,4
22;7;2015;22/7/2015;2,2;198,5;199,41
23;7;2015;23/7/2015;2,19;198,493;199,403
24;7;2015;24/7/2015;2,19;198,494;199,404
25;7;2015;25/7/2015;2,12;198,424;199,334
26;7;2015;26/7/2015;2,23;198,533;199,443
27;7;2015;27/7/2015;2,41;198,708;199,618
28;7;2015;28/7/2015;2,69;198,989;199,899
29;7;2015;29/7/2015;2,97;199,271;200,181
30;7;2015;30/7/2015;3,22;199,515;200,425
31;7;2015;31/7/2015;3,48;199,784;200,694
1;8;2015;1/8/2015;3,48;199,783;200,693
2;8;2015;2/8/2015;3,14;199,442;200,352
3;8;2015;3/8/2015;2,88;199,185;200,095
4;8;2015;4/8/2015;2,84;199,138;200,048
5;8;2015;5/8/2015;2,83;199,133;200,043
6;8;2015;6/8/2015;2,85;199,148;200,058
7;8;2015;7/8/2015;2,85;199,154;200,064
8;8;2015;8/8/2015;2,85;199,153;200,063
9;8;2015;9/8/2015;2,86;199,163;200,073
10;8;2015;10/8/2015;2,86;199,157;200,067
11;8;2015;11/8/2015;2,85;199,152;200,062
12;8;2015;12/8/2015;2,85;199,15;200,06
13;8;2015;13/8/2015;2,84;199,145;200,055
14;8;2015;14/8/2015;2,85;199,149;200,059
15;8;2015;15/8/2015;2,84;199,142;200,052
16;8;2015;16/8/2015;2,84;199,145;200,055
17;8;2015;17/8/2015;2,83;199,132;200,042
18;8;2015;18/8/2015;2,83;199,132;200,042
19;8;2015;19/8/2015;2,82;199,12;200,03
20;8;2015;20/8/2015;2,83;199,126;200,036
21;8;2015;21/8/2015;2,68;198,976;199,886
22;8;2015;22/8/2015;2,46;198,759;199,669
23;8;2015;23/8/2015;2,41;198,706;199,616
24;8;2015;24/8/2015;2,41;198,711;199,621
25;8;2015;25/8/2015;2,38;198,676;199,586
26;8;2015;26/8/2015;2,36;198,662;199,572
27;8;2015;27/8/2015;2,38;198,682;199,592
28;8;2015;28/8/2015;2,25;198,546;199,456
29;8;2015;29/8/2015;2,06;198,356;199,266
30;8;2015;30/8/2015;1,97;198,271;199,181
31;8;2015;31/8/2015;1,95;198,248;199,158
1;9;2015;1/9/2015;1,93;198,232;199,142
2;9;2015;2/9/2015;1,94;198,239;199,149
3;9;2015;3/9/2015;2,07;198,367;199,277
4;9;2015;4/9/2015;2,28;198,579;199,489
5;9;2015;5/9/2015;2,58;198,877;199,787
6;9;2015;6/9/2015;2,84;199,144;200,054
7;9;2015;7/9/2015;3,02;199,316;200,226
8;9;2015;8/9/2015;2,94;199,238;200,148
9;9;2015;9/9/2015;2,95;199,252;200,162
10;9;2015;10/9/2015;2,92;199,225;200,135
11;9;2015;11/9/2015;2,97;199,269;200,179
12;9;2015;12/9/2015;2,99;199,287;200,197
13;9;2015;13/9/2015;3;199,298;200,208
14;9;2015;14/9/2015;2,98;199,284;200,194
15;9;2015;15/9/2015;2,95;199,246;200,156
16;9;2015;16/9/2015;2,92;199,222;200,132
17;9;2015;17/9/2015;2,85;199,154;200,064
18;9;2015;18/9/2015;2,79;199,093;200,003
19;9;2015;19/9/2015;2,61;198,906;199,816
20;9;2015;20/9/2015;2,34;198,643;199,553
21;9;2015;21/9/2015;2,34;198,639;199,549
22;9;2015;22/9/2015;2,35;198,646;199,556
23;9;2015;23/9/2015;2,46;198,758;199,668
24;9;2015;24/9/2015;2,76;199,058;199,968
25;9;2015;25/9/2015;2,8;199,101;200,011
26;9;2015;26/9/2015;2,8;199,1;200,01
27;9;2015;27/9/2015;2,8;199,098;200,008
28;9;2015;28/9/2015;2,8;199,102;200,012
29;9;2015;29/9/2015;2,66;198,961;199,871
30;9;2015;30/9/2015;2,31;198,611;199,521
1;10;2015;1/10/2015;2,24;198,541;199,451
2;10;2015;2/10/2015;2,22;198,521;199,431
3;10;2015;3/10/2015;2,23;198,526;199,436
4;10;2015;4/10/2015;2,24;198,544;199,454
5;10;2015;5/10/2015;2,23;198,533;199,443
6;10;2015;6/10/2015;2,24;198,538;199,448
7;10;2015;7/10/2015;2,52;198,825;199,735
8;10;2015;8/10/2015;2,6;198,898;199,808
9;10;2015;9/10/2015;2,62;198,922;199,832
10;10;2015;10/10/2015;2,68;198,984;199,894
11;10;2015;11/10/2015;2,74;199,037;199,947
12;10;2015;12/10/2015;2,75;199,047;199,957
13;10;2015;13/10/2015;2,74;199,037;199,947
14;10;2015;14/10/2015;2,72;199,024;199,934
15;10;2015;15/10/2015;2,71;199,015;199,925
16;10;2015;16/10/2015;2,7;198,998;199,908
17;10;2015;17/10/2015;2,71;199,008;199,918
18;10;2015;18/10/2015;2,54;198,841;199,751
19;10;2015;19/10/2015;2,26;198,565;199,475
20;10;2015;20/10/2015;2,17;198,468;199,378
21;10;2015;21/10/2015;2,16;198,457;199,367
22;10;2015;22/10/2015;2,14;198,442;199,352
23;10;2015;23/10/2015;2,14;198,445;199,355
24;10;2015;24/10/2015;2,15;198,452;199,362
25;10;2015;25/10/2015;2,04;198,344;199,254
26;10;2015;26/10/2015;1,93;198,234;199,144
27;10;2015;27/10/2015;1,9;198,198;199,108
28;10;2015;28/10/2015;1,88;198,179;199,089
29;10;2015;29/10/2015;1,86;198,161;199,071
30;10;2015;30/10/2015;1,84;198,137;199,047
31;10;2015;31/10/2015;1,83;198,132;199,042
1;11;2015;1/11/2015;1,84;198,135;199,045
2;11;2015;2/11/2015;1,84;198,141;199,051
3;11;2015;3/11/2015;1,83;198,128;199,038
4;11;2015;4/11/2015;1,7;198,002;198,912
5;11;2015;5/11/2015;1,62;197,916;198,826
6;11;2015;6/11/2015;1,58;197,88;198,79
7;11;2015;7/11/2015;1,57;197,866;198,776
8;11;2015;8/11/2015;1,57;197,871;198,781
9;11;2015;9/11/2015;1,58;197,876;198,786
10;11;2015;10/11/2015;1,56;197,864;198,774
11;11;2015;11/11/2015;1,56;197,861;198,771
12;11;2015;12/11/2015;1,56;197,86;198,77
13;11;2015;13/11/2015;1,54;197,837;198,747
14;11;2015;14/11/2015;1,51;197,811;198,721
15;11;2015;15/11/2015;1,49;197,79;198,7
16;11;2015;16/11/2015;1,46;197,765;198,675
17;11;2015;17/11/2015;1,45;197,748;198,658
18;11;2015;18/11/2015;1,46;197,759;198,669
19;11;2015;19/11/2015;1,48;197,775;198,685
20;11;2015;20/11/2015;1,49;197,787;198,697
21;11;2015;21/11/2015;1,5;197,797;198,707
22;11;2015;22/11/2015;1,5;197,8;198,71
23;11;2015;23/11/2015;1,5;197,803;198,713
24;11;2015;24/11/2015;1,47;197,774;198,684
25;11;2015;25/11/2015;1,46;197,756;198,666
26;11;2015;26/11/2015;1,46;197,758;198,668
27;11;2015;27/11/2015;1,48;197,78;198,69
28;11;2015;28/11/2015;1,54;197,844;198,754
29;11;2015;29/11/2015;1,58;197,883;198,793
30;11;2015;30/11/2015;1,58;197,884;198,794
1;12;2015;1/12/2015;1,56;197,861;198,771
2;12;2015;2/12/2015;1,57;197,868;198,778
3;12;2015;3/12/2015;1,57;197,868;198,778
4;12;2015;4/12/2015;;;
5;12;2015;5/12/2015;;;
6;12;2015;6/12/2015;;;
7;12;2015;7/12/2015;;;
8;12;2015;8/12/2015;;;
9;12;2015;9/12/2015;;;
10;12;2015;10/12/2015;;;
11;12;2015;11/12/2015;;;
12;12;2015;12/12/2015;;;
13;12;2015;13/12/2015;;;
14;12;2015;14/12/2015;;;
15;12;2015;15/12/2015;;;
16;12;2015;16/12/2015;;;
17;12;2015;17/12/2015;;;
18;12;2015;18/12/2015;;;
19;12;2015;19/12/2015;;;
20;12;2015;20/12/2015;;;
21;12;2015;21/12/2015;;;
22;12;2015;22/12/2015;;;
23;12;2015;23/12/2015;;;
24;12;2015;24/12/2015;;;
25;12;2015;25/12/2015;;;
26;12;2015;26/12/2015;;;
27;12;2015;27/12/2015;;;
28;12;2015;28/12/2015;;;
29;12;2015;29/12/2015;;;
30;12;2015;30/12/2015;;;
31;12;2015;31/12/2015;;;
1;1;2016;1/1/2016;;;
2;1;2016;2/1/2016;;;
3;1;2016;3/1/2016;;;
4;1;2016;4/1/2016;;;
5;1;2016;5/1/2016;;;
6;1;2016;6/1/2016;;;
7;1;2016;7/1/2016;;;
8;1;2016;8/1/2016;;;
9;1;2016;9/1/2016;;;
10;1;2016;10/1/2016;;;
11;1;2016;11/1/2016;;;
12;1;2016;12/1/2016;;;
13;1;2016;13/1/2016;;;
14;1;2016;14/1/2016;;;
15;1;2016;15/1/2016;;;
16;1;2016;16/1/2016;;;
17;1;2016;17/1/2016;;;
18;1;2016;18/1/2016;;;
19;1;2016;19/1/2016;;;
20;1;2016;20/1/2016;;;
21;1;2016;21/1/2016;;;
22;1;2016;22/1/2016;;;
23;1;2016;23/1/2016;;;
24;1;2016;24/1/2016;;;
25;1;2016;25/1/2016;;;
26;1;2016;26/1/2016;;;
27;1;2016;27/1/2016;;;
28;1;2016;28/1/2016;;;
29;1;2016;29/1/2016;;;
30;1;2016;30/1/2016;;;
31;1;2016;31/1/2016;;;
;;2016;1/2/2016;;;
;;2016;2/2/2016;;;
;;2016;3/2/2016;;;
;;2016;4/2/2016;;;
;;2016;5/2/2016;;;
;;2016;6/2/2016;;;
;;2016;7/2/2016;;;
;;2016;8/2/2016;;;
;;2016;9/2/2016;;;
;;2016;10/2/2016;;;
;;2016;11/2/2016;;;
;;2016;12/2/2016;;;
;;2016;13/2/2016;;;
;;2016;14/2/2016;;;
;;2016;15/2/2016;;;
;;2016;16/2/2016;;;
;;2016;17/2/2016;;;
18;2;2016;18/2/2016;1,86;198,165;199,075
19;2;2016;19/2/2016;1,77;198,066;198,976
20;2;2016;20/2/2016;1,68;197,982;198,892
21;2;2016;21/2/2016;1,66;197,964;198,874
22;2;2016;22/2/2016;1,67;197,971;198,881
23;2;2016;23/2/2016;1,65;197,95;198,86
24;2;2016;24/2/2016;1,65;197,946;198,856
25;2;2016;25/2/2016;1,63;197,935;198,845
26;2;2016;26/2/2016;1,64;197,937;198,847
27;2;2016;27/2/2016;1,63;197,928;198,838
28;2;2016;28/2/2016;1,65;197,946;198,856
29;2;2016;29/2/2016;1,64;197,945;198,855
1;3;2016;1/3/2016;1,68;197,979;198,889
2;3;2016;2/3/2016;1,69;197,989;198,899
3;3;2016;3/3/2016;1,67;197,972;198,882
4;3;2016;4/3/2016;1,68;197,984;198,894
5;3;2016;5/3/2016;1,67;197,968;198,878
6;3;2016;6/3/2016;1,69;197,987;198,897
7;3;2016;7/3/2016;1,72;198,016;198,926
8;3;2016;8/3/2016;1,73;198,027;198,937
9;3;2016;9/3/2016;1,7;198,002;198,912
10;3;2016;10/3/2016;1,73;198,026;198,936
11;3;2016;11/3/2016;1,74;198,043;198,953
12;3;2016;12/3/2016;1,76;198,056;198,966
13;3;2016;13/3/2016;1,76;198,06;198,97
14;3;2016;14/3/2016;1,77;198,067;198,977
15;3;2016;15/3/2016;1,74;198,035;198,945
16;3;2016;16/3/2016;1,73;198,028;198,938
17;3;2016;17/3/2016;1,74;198,037;198,947
18;3;2016;18/3/2016;1,73;198,028;198,938
19;3;2016;19/3/2016;1,77;198,072;198,982
20;3;2016;20/3/2016;1,75;198,054;198,964
21;3;2016;21/3/2016;1,77;198,071;198,981
22;3;2016;22/3/2016;1,73;198,031;198,941
23;3;2016;23/3/2016;1,76;198,061;198,971
24;3;2016;24/3/2016;1,75;198,052;198,962
25;3;2016;25/3/2016;1,77;198,07;198,98
26;3;2016;26/3/2016;1,77;198,065;198,975
27;3;2016;27/3/2016;1,75;198,053;198,963
28;3;2016;28/3/2016;1,76;198,061;198,971
29;3;2016;29/3/2016;1,75;198,053;198,963
30;3;2016;30/3/2016;1,75;198,05;198,96
31;3;2016;31/3/2016;1,75;198,053;198,963
1;4;2016;1/4/2016;1,73;198,026;198,936
2;4;2016;2/4/2016;1,73;198,031;198,941
3;4;2016;3/4/2016;1,76;198,056;198,966
4;4;2016;4/4/2016;1,79;198,088;198,998
5;4;2016;5/4/2016;1,78;198,079;198,989
6;4;2016;6/4/2016;1,79;198,092;199,002
7;4;2016;7/4/2016;1,77;198,067;198,977
8;4;2016;8/4/2016;1,77;198,07;198,98
9;4;2016;9/4/2016;1,76;198,062;198,972
10;4;2016;10/4/2016;1,8;198,096;199,006
11;4;2016;11/4/2016;1,8;198,098;199,008
12;4;2016;12/4/2016;1,77;198,07;198,98
13;4;2016;13/4/2016;1,77;198,075;198,985
14;4;2016;14/4/2016;1,76;198,065;198,975
15;4;2016;15/4/2016;1,77;198,067;198,977
16;4;2016;16/4/2016;1,87;198,17;199,08
17;4;2016;17/4/2016;1,9;198,197;199,107
18;4;2016;18/4/2016;2,04;198,344;199,254
19;4;2016;19/4/2016;2,04;198,34;199,25
20;4;2016;20/4/2016;2,05;198,349;199,259
21;4;2016;21/4/2016;2,04;198,345;199,255
22;4;2016;22/4/2016;2,03;198,333;199,243
23;4;2016;23/4/2016;2,04;198,342;199,252
24;4;2016;24/4/2016;2,03;198,33;199,24
25;4;2016;25/4/2016;2,06;198,359;199,269
26;4;2016;26/4/2016;2,11;198,412;199,322
27;4;2016;27/4/2016;2,17;198,465;199,375
28;4;2016;28/4/2016;2,17;198,474;199,384
29;4;2016;29/4/2016;2,18;198,476;199,386
30;4;2016;30/4/2016;2,18;198,482;199,392
1;5;2016;1/5/2016;2,15;198,447;199,357
2;5;2016;2/5/2016;2,01;198,314;199,224
3;5;2016;3/5/2016;1,93;198,231;199,141
4;5;2016;4/5/2016;1,87;198,166;199,076
5;5;2016;5/5/2016;1,82;198,124;199,034
6;5;2016;6/5/2016;1,81;198,113;199,023
7;5;2016;7/5/2016;1,81;198,112;199,022
8;5;2016;8/5/2016;1,8;198,104;199,014
9;5;2016;9/5/2016;1,78;198,079;198,989
10;5;2016;10/5/2016;1,77;198,067;198,977
11;5;2016;11/5/2016;1,78;198,077;198,987
12;5;2016;12/5/2016;1,8;198,104;199,014
13;5;2016;13/5/2016;1,78;198,084;198,994
14;5;2016;14/5/2016;1,76;198,063;198,973
15;5;2016;15/5/2016;1,76;198,058;198,968
16;5;2016;16/5/2016;1,74;198,041;198,951
17;5;2016;17/5/2016;1,95;198,247;199,157
18;5;2016;18/5/2016;2,3;198,596;199,506
19;5;2016;19/5/2016;2,53;198,827;199,737
20;5;2016;20/5/2016;2,85;199,155;200,065
21;5;2016;21/5/2016;3,1;199,396;200,306
22;5;2016;22/5/2016;3,25;199,545;200,455
23;5;2016;23/5/2016;3,29;199,588;200,498
24;5;2016;24/5/2016;3,26;199,557;200,467
25;5;2016;25/5/2016;3,28;199,575;200,485
26;5;2016;26/5/2016;3,34;199,639;200,549
27;5;2016;27/5/2016;3,31;199,612;200,522
28;5;2016;28/5/2016;3,33;199,628;200,538
29;5;2016;29/5/2016;3,32;199,616;200,526
30;5;2016;30/5/2016;3,33;199,63;200,54
31;5;2016;31/5/2016;3,34;199,636;200,546
1;6;2016;1/6/2016;3,29;199,589;200,499
2;6;2016;2/6/2016;3,22;199,522;200,432
3;6;2016;3/6/2016;3,21;199,514;200,424
4;6;2016;4/6/2016;3,21;199,513;200,423
5;6;2016;5/6/2016;3,22;199,519;200,429
6;6;2016;6/6/2016;3,19;199,495;200,405
7;6;2016;7/6/2016;3,16;199,463;200,373
8;6;2016;8/6/2016;3,2;199,5;200,41
9;6;2016;9/6/2016;3,18;199,478;200,388
10;6;2016;10/6/2016;3,17;199,473;200,383
11;6;2016;11/6/2016;3,17;199,473;200,383
12;6;2016;12/6/2016;3,17;199,471;200,381
13;6;2016;13/6/2016;3,17;199,473;200,383
14;6;2016;14/6/2016;3,15;199,449;200,359
15;6;2016;15/6/2016;3,16;199,458;200,368
16;6;2016;16/6/2016;3,14;199,438;200,348
17;6;2016;17/6/2016;2,99;199,286;200,196
18;6;2016;18/6/2016;2,59;198,891;199,801
19;6;2016;19/6/2016;2,33;198,634;199,544
20;6;2016;20/6/2016;2,08;198,383;199,293
21;6;2016;21/6/2016;1,86;198,16;199,07
22;6;2016;22/6/2016;1,67;197,974;198,884
23;6;2016;23/6/2016;1,58;197,881;198,791
24;6;2016;24/6/2016;1,58;197,884;198,794
25;6;2016;25/6/2016;1,57;197,873;198,783
26;6;2016;26/6/2016;1,46;197,763;198,673
27;6;2016;27/6/2016;1,34;197,64;198,55
28;6;2016;28/6/2016;1,33;197,629;198,539
29;6;2016;29/6/2016;1,32;197,617;198,527
30;6;2016;30/6/2016;1,31;197,606;198,516
1;7;2016;1/7/2016;1,3;197,597;198,507
2;7;2016;2/7/2016;1,29;197,588;198,498
3;7;2016;3/7/2016;1,28;197,581;198,491
4;7;2016;4/7/2016;1,27;197,573;198,483
5;7;2016;5/7/2016;1,27;197,565;198,475
6;7;2016;6/7/2016;1,26;197,558;198,468
7;7;2016;7/7/2016;1,25;197,55;198,46
8;7;2016;8/7/2016;1,24;197,543;198,453
9;7;2016;9/7/2016;1,24;197,537;198,447
10;7;2016;10/7/2016;1,23;197,53;198,44
11;7;2016;11/7/2016;1,22;197,524;198,434
12;7;2016;12/7/2016;1,22;197,517;198,427
13;7;2016;13/7/2016;1,21;197,511;198,421
14;7;2016;14/7/2016;1,21;197,506;198,416
15;7;2016;15/7/2016;1,2;197,501;198,411
16;7;2016;16/7/2016;1,2;197,495;198,405
17;7;2016;17/7/2016;1,19;197,49;198,4
18;7;2016;18/7/2016;1,18;197,485;198,395
19;7;2016;19/7/2016;1,18;197,48;198,39
20;7;2016;20/7/2016;1,17;197,475;198,385
21;7;2016;21/7/2016;1,17;197,47;198,38
;;2016;22/7/2016;;;
;;2016;23/7/2016;;;
;;2016;24/7/2016;;;
;;2016;25/7/2016;;;
;;2016;26/7/2016;;;
;;2016;27/7/2016;;;
;;2016;28/7/2016;;;
;;2016;29/7/2016;;;
;;2016;30/7/2016;;;
;;2016;31/7/2016;;;
;;2016;1/8/2016;;;
;;2016;2/8/2016;;;
;;2016;3/8/2016;;;
;;2016;4/8/2016;;;
;;2016;5/8/2016;;;
;;2016;6/8/2016;;;
;;2016;7/8/2016;;;
;;2016;8/8/2016;;;
;;2016;9/8/2016;;;
;;2016;10/8/2016;;;
;;2016;11/8/2016;;;
;;2016;12/8/2016;;;
;;2016;13/8/2016;;;
;;2016;14/8/2016;;;
;;2016;15/8/2016;;;
;;2016;16/8/2016;;;
;;2016;17/8/2016;;;
;;2016;18/8/2016;;;
;;2016;19/8/2016;;;
;;2016;20/8/2016;;;
;;2016;21/8/2016;;;
;;2016;22/8/2016;;;
;;2016;23/8/2016;;;
;;2016;24/8/2016;;;
;;2016;25/8/2016;;;
;;2016;26/8/2016;;;
;;2016;27/8/2016;;;
;;2016;28/8/2016;;;
;;2016;29/8/2016;;;
;;2016;30/8/2016;;;
;;2016;31/8/2016;;;
;;2016;1/9/2016;;;
;;2016;2/9/2016;;;
;;2016;3/9/2016;;;
;;2016;4/9/2016;;;
;;2016;5/9/2016;;;
;;2016;6/9/2016;;;
;;2016;7/9/2016;;;
;;2016;8/9/2016;;;
;;2016;9/9/2016;;;
;;2016;10/9/2016;;;
;;2016;11/9/2016;;;
;;2016;12/9/2016;;;
;;2016;13/9/2016;;;
;;2016;14/9/2016;;;
;;2016;15/9/2016;;;
;;2016;16/9/2016;;;
;;2016;17/9/2016;;;
;;2016;18/9/2016;;;
;;2016;19/9/2016;;;
;;2016;20/9/2016;;;
;;2016;21/9/2016;;;
;;2016;22/9/2016;;;
;;2016;23/9/2016;;;
;;2016;24/9/2016;;;
;;2016;25/9/2016;;;
;;2016;26/9/2016;;;
;;2016;27/9/2016;;;
;;2016;28/9/2016;;;
;;2016;29/9/2016;;;
;;2016;30/9/2016;;;
;;2016;1/10/2016;;;
;;2016;2/10/2016;;;
;;2016;3/10/2016;;;
;;2016;4/10/2016;;;
;;2016;5/10/2016;;;
;;2016;6/10/2016;;;
;;2016;7/10/2016;;;
;;2016;8/10/2016;;;
;;2016;9/10/2016;;;
;;2016;10/10/2016;;;
;;2016;11/10/2016;;;
;;2016;12/10/2016;;;
;;2016;13/10/2016;;;
;;2016;14/10/2016;;;
;;2016;15/10/2016;;;
;;2016;16/10/2016;;;
;;2016;17/10/2016;;;
;;2016;18/10/2016;;;
;;2016;19/10/2016;;;
;;2016;20/10/2016;;;
;;2016;21/10/2016;;;
;;2016;22/10/2016;;;
;;2016;23/10/2016;;;
;;2016;24/10/2016;;;
;;2016;25/10/2016;;;
;;2016;26/10/2016;;;
;;2016;27/10/2016;;;
;;2016;28/10/2016;;;
;;2016;29/10/2016;;;
;;2016;30/10/2016;;;
;;2016;31/10/2016;;;
;;2016;1/11/2016;;;
;;2016;2/11/2016;;;
;;2016;3/11/2016;;;
;;2016;4/11/2016;;;
;;2016;5/11/2016;;;
;;2016;6/11/2016;;;
;;2016;7/11/2016;;;
;;2016;8/11/2016;;;
;;2016;9/11/2016;;;
;;2016;10/11/2016;;;
;;2016;11/11/2016;;;
;;2016;12/11/2016;;;
;;2016;13/11/2016;;;
;;2016;14/11/2016;;;
;;2016;15/11/2016;;;
;;2016;16/11/2016;;;
;;2016;17/11/2016;;;
;;2016;18/11/2016;;;
;;2016;19/11/2016;;;
;;2016;20/11/2016;;;
;;2016;21/11/2016;;;
;;2016;22/11/2016;;;
;;2016;23/11/2016;;;
;;2016;24/11/2016;;;
;;2016;25/11/2016;;;
;;2016;26/11/2016;;;
;;2016;27/11/2016;;;
;;2016;28/11/2016;;;
;;2016;29/11/2016;;;
;;2016;30/11/2016;;;
;;2016;1/12/2016;;;
;;2016;2/12/2016;;;
;;2016;3/12/2016;;;
;;2016;4/12/2016;;;
;;2016;5/12/2016;;;
;;2016;6/12/2016;;;
;;2016;7/12/2016;;;
;;2016;8/12/2016;;;
;;2016;9/12/2016;;;
;;2016;10/12/2016;;;
;;2016;11/12/2016;;;
;;2016;12/12/2016;;;
;;2016;13/12/2016;;;
;;2016;14/12/2016;;;
;;2016;15/12/2016;;;
;;2016;16/12/2016;;;
;;2016;17/12/2016;;;
;;2016;18/12/2016;;;
;;2016;19/12/2016;;;
;;2016;20/12/2016;;;
;;2016;21/12/2016;;;
22;12;2016;22/12/2016;1,55;197,854;198,764
23;12;2016;23/12/2016;1,64;197,942;198,852
24;12;2016;24/12/2016;1,65;197,945;198,855
25;12;2016;25/12/2016;1,67;197,966;198,876
26;12;2016;26/12/2016;1,67;197,966;198,876
27;12;2016;27/12/2016;1,65;197,95;198,86
28;12;2016;28/12/2016;1,64;197,936;198,846
29;12;2016;29/12/2016;1,64;197,941;198,851
30;12;2016;30/12/2016;1,64;197,94;198,85
31;12;2016;31/12/2016;1,65;197,95;198,86
1;1;2017;1/1/2017;1,66;197,957;198,867
2;1;2017;2/1/2017;1,66;197,962;198,872
3;1;2017;3/1/2017;1,63;197,926;198,836
4;1;2017;4/1/2017;1,62;197,917;198,827
5;1;2017;5/1/2017;1,61;197,907;198,817
6;1;2017;6/1/2017;1,6;197,905;198,815
7;1;2017;7/1/2017;1,6;197,896;198,806
8;1;2017;8/1/2017;1,6;197,898;198,808
9;1;2017;9/1/2017;1,6;197,901;198,811
10;1;2017;10/1/2017;1,59;197,888;198,798
11;1;2017;11/1/2017;1,59;197,889;198,799
12;1;2017;12/1/2017;1,58;197,883;198,793
13;1;2017;13/1/2017;1,59;197,89;198,8
14;1;2017;14/1/2017;1,58;197,878;198,788
15;1;2017;15/1/2017;1,59;197,886;198,796
16;1;2017;16/1/2017;1,59;197,892;198,802
17;1;2017;17/1/2017;1,57;197,872;198,782
18;1;2017;18/1/2017;1,57;197,869;198,779
19;1;2017;19/1/2017;1,57;197,875;198,785
20;1;2017;20/1/2017;1,56;197,863;198,773
21;1;2017;21/1/2017;1,56;197,861;198,771
22;1;2017;22/1/2017;1,57;197,867;198,777
23;1;2017;23/1/2017;1,57;197,87;198,78
24;1;2017;24/1/2017;1,55;197,852;198,762
25;1;2017;25/1/2017;1,55;197,852;198,762
26;1;2017;26/1/2017;1,55;197,846;198,756
27;1;2017;27/1/2017;1,55;197,849;198,759
28;1;2017;28/1/2017;1,55;197,849;198,759
29;1;2017;29/1/2017;1,55;197,847;198,757
30;1;2017;30/1/2017;1,56;197,864;198,774
31;1;2017;31/1/2017;1,52;197,825;198,735
1;2;2017;1/2/2017;1,53;197,832;198,742
2;2;2017;2/2/2017;1,52;197,824;198,734
3;2;2017;3/2/2017;1,53;197,833;198,743
4;2;2017;4/2/2017;1,53;197,829;198,739
5;2;2017;5/2/2017;1,54;197,844;198,754
6;2;2017;6/2/2017;1,57;197,874;198,784
7;2;2017;7/2/2017;1,56;197,86;198,77
8;2;2017;8/2/2017;1,56;197,856;198,766
9;2;2017;9/2/2017;1,55;197,846;198,756
10;2;2017;10/2/2017;1,55;197,849;198,759
11;2;2017;11/2/2017;1,56;197,858;198,768
12;2;2017;12/2/2017;1,55;197,851;198,761
13;2;2017;13/2/2017;1,54;197,842;198,752
14;2;2017;14/2/2017;1,53;197,832;198,742
15;2;2017;15/2/2017;1,53;197,829;198,739
16;2;2017;16/2/2017;1,52;197,82;198,73
17;2;2017;17/2/2017;1,52;197,817;198,727
18;2;2017;18/2/2017;1,53;197,828;198,738
19;2;2017;19/2/2017;1,54;197,844;198,754
20;2;2017;20/2/2017;1,54;197,839;198,749
21;2;2017;21/2/2017;1,54;197,836;198,746
22;2;2017;22/2/2017;1,53;197,832;198,742
23;2;2017;23/2/2017;1,52;197,822;198,732
24;2;2017;24/2/2017;1,55;197,85;198,76
25;2;2017;25/2/2017;1,56;197,861;198,771
26;2;2017;26/2/2017;1,57;197,867;198,777
27;2;2017;27/2/2017;1,58;197,884;198,794
28;2;2017;28/2/2017;1,56;197,864;198,774
1;3;2017;1/3/2017;1,55;197,85;198,76
2;3;2017;2/3/2017;1,56;197,864;198,774
3;3;2017;3/3/2017;1,57;197,872;198,782
4;3;2017;4/3/2017;1,59;197,888;198,798
5;3;2017;5/3/2017;1,59;197,89;198,8
6;3;2017;6/3/2017;1,58;197,882;198,792
7;3;2017;7/3/2017;1,58;197,876;198,786
8;3;2017;8/3/2017;1,58;197,884;198,794
9;3;2017;9/3/2017;1,58;197,884;198,794
10;3;2017;10/3/2017;1,6;197,897;198,807
11;3;2017;11/3/2017;1,6;197,9;198,81
12;3;2017;12/3/2017;1,61;197,906;198,816
13;3;2017;13/3/2017;1,61;197,905;198,815
14;3;2017;14/3/2017;1,59;197,895;198,805
15;3;2017;15/3/2017;1,6;197,899;198,809
16;3;2017;16/3/2017;1,59;197,887;198,797
17;3;2017;17/3/2017;1,59;197,892;198,802
18;3;2017;18/3/2017;1,6;197,9;198,81
19;3;2017;19/3/2017;1,59;197,89;198,8
20;3;2017;20/3/2017;1,59;197,891;198,801
21;3;2017;21/3/2017;1,54;197,838;198,748
22;3;2017;22/3/2017;1,51;197,805;198,715
23;3;2017;23/3/2017;1,51;197,805;198,715
24;3;2017;24/3/2017;1,51;197,809;198,719
25;3;2017;25/3/2017;1,53;197,834;198,744
26;3;2017;26/3/2017;1,52;197,825;198,735
27;3;2017;27/3/2017;1,54;197,836;198,746
28;3;2017;28/3/2017;1,61;197,905;198,815
29;3;2017;29/3/2017;1,67;197,969;198,879
30;3;2017;30/3/2017;1,7;197,998;198,908
31;3;2017;31/3/2017;1,66;197,958;198,868
1;4;2017;1/4/2017;1,64;197,941;198,851
2;4;2017;2/4/2017;1,71;198,008;198,918
3;4;2017;3/4/2017;1,66;197,963;198,873
4;4;2017;4/4/2017;1,63;197,932;198,842
5;4;2017;5/4/2017;1,54;197,843;198,753
6;4;2017;6/4/2017;1,52;197,823;198,733
7;4;2017;7/4/2017;1,52;197,815;198,725
8;4;2017;8/4/2017;1,51;197,814;198,724
9;4;2017;9/4/2017;1,51;197,811;198,721
10;4;2017;10/4/2017;1,5;197,804;198,714
11;4;2017;11/4/2017;1,5;197,799;198,709
12;4;2017;12/4/2017;1,49;197,786;198,696
13;4;2017;13/4/2017;1,48;197,783;198,693
14;4;2017;14/4/2017;1,5;197,803;198,713
15;4;2017;15/4/2017;1,51;197,811;198,721
16;4;2017;16/4/2017;1,5;197,797;198,707
17;4;2017;17/4/2017;1,46;197,759;198,669
18;4;2017;18/4/2017;1,45;197,755;198,665
19;4;2017;19/4/2017;1,48;197,775;198,685
20;4;2017;20/4/2017;1,46;197,755;198,665
21;4;2017;21/4/2017;1,48;197,782;198,692
22;4;2017;22/4/2017;1,46;197,764;198,674
23;4;2017;23/4/2017;1,46;197,756;198,666
24;4;2017;24/4/2017;1,46;197,758;198,668
25;4;2017;25/4/2017;1,44;197,737;198,647
26;4;2017;26/4/2017;1,43;197,728;198,638
27;4;2017;27/4/2017;1,43;197,734;198,644
28;4;2017;28/4/2017;1,43;197,73;198,64
29;4;2017;29/4/2017;1,42;197,718;198,628
30;4;2017;30/4/2017;1,41;197,713;198,623
;;2017;1/5/2017;;;
;;2017;2/5/2017;;;
;;2017;3/5/2017;;;
;;2017;4/5/2017;;;
;;2017;5/5/2017;;;
;;2017;6/5/2017;;;
;;2017;7/5/2017;;;
;;2017;8/5/2017;;;
;;2017;9/5/2017;;;
;;2017;10/5/2017;;;
;;2017;11/5/2017;;;
;;2017;12/5/2017;;;
;;2017;13/5/2017;;;
;;2017;14/5/2017;;;
;;2017;15/5/2017;;;
;;2017;16/5/2017;;;
;;2017;17/5/2017;;;
;;2017;18/5/2017;;;
;;2017;19/5/2017;;;
;;2017;20/5/2017;;;
;;2017;21/5/2017;;;
;;2017;22/5/2017;;;
;;2017;23/5/2017;;;
;;2017;24/5/2017;;;
;;2017;25/5/2017;;;
;;2017;26/5/2017;;;
;;2017;27/5/2017;;;
;;2017;28/5/2017;;;
;;2017;29/5/2017;;;
;;2017;30/5/2017;;;
;;2017;31/5/2017;;;
;;2017;1/6/2017;;;
;;2017;2/6/2017;;;
;;2017;3/6/2017;;;
;;2017;4/6/2017;;;
;;2017;5/6/2017;;;
;;2017;6/6/2017;;;
;;2017;7/6/2017;;;
;;2017;8/6/2017;;;
;;2017;9/6/2017;;;
;;2017;10/6/2017;;;
;;2017;11/6/2017;;;
;;2017;12/6/2017;;;
;;2017;13/6/2017;;;
;;2017;14/6/2017;;;
;;2017;15/6/2017;;;
;;2017;16/6/2017;;;
;;2017;17/6/2017;;;
;;2017;18/6/2017;;;
;;2017;19/6/2017;;;
;;2017;20/6/2017;;;
;;2017;21/6/2017;;;
;;2017;22/6/2017;;;
;;2017;23/6/2017;;;
;;2017;24/6/2017;;;
;;2017;25/6/2017;;;
;;2017;26/6/2017;;;
;;2017;27/6/2017;;;
;;2017;28/6/2017;;;
;;2017;29/6/2017;;;
;;2017;30/6/2017;;;
;;2017;1/7/2017;;;
;;2017;2/7/2017;;;
;;2017;3/7/2017;;;
;;2017;4/7/2017;;;
;;2017;5/7/2017;;;
;;2017;6/7/2017;;;
;;2017;7/7/2017;;;
;;2017;8/7/2017;;;
;;2017;9/7/2017;;;
;;2017;10/7/2017;;;
;;2017;11/7/2017;;;
;;2017;12/7/2017;;;
;;2017;13/7/2017;;;
;;2017;14/7/2017;;;
;;2017;15/7/2017;;;
;;2017;16/7/2017;;;
;;2017;17/7/2017;;;
;;2017;18/7/2017;;;
;;2017;19/7/2017;;;
;;2017;20/7/2017;;;
;;2017;21/7/2017;;;
;;2017;22/7/2017;;;
;;2017;23/7/2017;;;
;;2017;24/7/2017;;;
;;2017;25/7/2017;;;
;;2017;26/7/2017;;;
;;2017;27/7/2017;;;
;;2017;28/7/2017;;;
;;2017;29/7/2017;;;
;;2017;30/7/2017;;;
;;2017;31/7/2017;;;
;;2017;1/8/2017;;;
;;2017;2/8/2017;;;
;;2017;3/8/2017;;;
;;2017;4/8/2017;;;
;;2017;5/8/2017;;;
;;2017;6/8/2017;;;
;;2017;7/8/2017;;;
;;2017;8/8/2017;;;
;;2017;9/8/2017;;;
;;2017;10/8/2017;;;
;;2017;11/8/2017;;;
;;2017;12/8/2017;;;
;;2017;13/8/2017;;;
;;2017;14/8/2017;;;
;;2017;15/8/2017;;;
;;2017;16/8/2017;;;
;;2017;17/8/2017;;;
;;2017;18/8/2017;;;
;;2017;19/8/2017;;;
;;2017;20/8/2017;;;
;;2017;21/8/2017;;;
;;2017;22/8/2017;;;
;;2017;23/8/2017;;;
;;2017;24/8/2017;;;
;;2017;25/8/2017;;;
;;2017;26/8/2017;;;
;;2017;27/8/2017;;;
;;2017;28/8/2017;;;
;;2017;29/8/2017;;;
;;2017;30/8/2017;;;
;;2017;31/8/2017;;;
;;2017;1/9/2017;;;
;;2017;2/9/2017;;;
;;2017;3/9/2017;;;
;;2017;4/9/2017;;;
;;2017;5/9/2017;;;
;;2017;6/9/2017;;;
;;2017;7/9/2017;;;
;;2017;8/9/2017;;;
;;2017;9/9/2017;;;
;;2017;10/9/2017;;;
;;2017;11/9/2017;;;
;;2017;12/9/2017;;;
;;2017;13/9/2017;;;
;;2017;14/9/2017;;;
;;2017;15/9/2017;;;
;;2017;16/9/2017;;;
;;2017;17/9/2017;;;
;;2017;18/9/2017;;;
;;2017;19/9/2017;;;
;;2017;20/9/2017;;;
;;2017;21/9/2017;;;
;;2017;22/9/2017;;;
;;2017;23/9/2017;;;
;;2017;24/9/2017;;;
;;2017;25/9/2017;;;
;;2017;26/9/2017;;;
;;2017;27/9/2017;;;
;;2017;28/9/2017;;;
;;2017;29/9/2017;;;
;;2017;30/9/2017;;;
;;2017;1/10/2017;;;
;;2017;2/10/2017;;;
;;2017;3/10/2017;;;
;;2017;4/10/2017;;;
;;2017;5/10/2017;;;
;;2017;6/10/2017;;;
;;2017;7/10/2017;;;
;;2017;8/10/2017;;;
;;2017;9/10/2017;;;
;;2017;10/10/2017;;;
;;2017;11/10/2017;;;
;;2017;12/10/2017;;;
;;2017;13/10/2017;;;
;;2017;14/10/2017;;;
;;2017;15/10/2017;;;
;;2017;16/10/2017;;;
;;2017;17/10/2017;;;
;;2017;18/10/2017;;;
;;2017;19/10/2017;;;
;;2017;20/10/2017;;;
;;2017;21/10/2017;;;
;;2017;22/10/2017;;;
;;2017;23/10/2017;;;
;;2017;24/10/2017;;;
;;2017;25/10/2017;;;
;;2017;26/10/2017;;;
;;2017;27/10/2017;;;
;;2017;28/10/2017;;;
;;2017;29/10/2017;;;
;;2017;30/10/2017;;;
;;2017;31/10/2017;;;
;;2017;1/11/2017;;;
2;11;2017;2/11/2017;1,56;197,86;198,77
3;11;2017;3/11/2017;1,64;197,943;198,853
4;11;2017;4/11/2017;1,65;197,953;198,863
5;11;2017;5/11/2017;1,67;197,968;198,878
6;11;2017;6/11/2017;1,69;197,992;198,902
7;11;2017;7/11/2017;1,71;198,006;198,916
8;11;2017;8/11/2017;1,72;198,025;198,935
9;11;2017;9/11/2017;1,7;198;198,91
10;11;2017;10/11/2017;1,69;197,988;198,898
11;11;2017;11/11/2017;1,67;197,974;198,884
12;11;2017;12/11/2017;1,66;197,961;198,871
13;11;2017;13/11/2017;1,65;197,951;198,861
14;11;2017;14/11/2017;1,63;197,932;198,842
15;11;2017;15/11/2017;1,61;197,907;198,817
16;11;2017;16/11/2017;1,56;197,865;198,775
17;11;2017;17/11/2017;1,6;197,896;198,806
18;11;2017;18/11/2017;1,6;197,899;198,809
19;11;2017;19/11/2017;1,61;197,908;198,818
20;11;2017;20/11/2017;1,61;197,914;198,824
21;11;2017;21/11/2017;1,61;197,913;198,823
22;11;2017;22/11/2017;1,61;197,909;198,819
23;11;2017;23/11/2017;1,59;197,89;198,8
24;11;2017;24/11/2017;1,59;197,893;198,803
25;11;2017;25/11/2017;1,59;197,891;198,801
26;11;2017;26/11/2017;1,59;197,893;198,803
27;11;2017;27/11/2017;1,59;197,892;198,802
28;11;2017;28/11/2017;1,6;197,898;198,808
;11;2017;29/11/2017;;;
;11;2017;30/11/2017;;;
1;12;2017;1/12/2017;1,58;197,88;198,79
2;12;2017;2/12/2017;1,61;197,913;198,823
3;12;2017;3/12/2017;1,68;197,981;198,891
4;12;2017;4/12/2017;1,67;197,975;198,885
5;12;2017;5/12/2017;1,64;197,939;198,849
6;12;2017;6/12/2017;1,67;197,966;198,876
7;12;2017;7/12/2017;1,64;197,94;198,85
8;12;2017;8/12/2017;1,63;197,932;198,842
9;12;2017;9/12/2017;1,62;197,923;198,833
10;12;2017;10/12/2017;1,62;197,923;198,833
11;12;2017;11/12/2017;1,63;197,927;198,837
12;12;2017;12/12/2017;1,61;197,91;198,82
13;12;2017;13/12/2017;1,59;197,895;198,805
14;12;2017;14/12/2017;1,59;197,885;198,795
15;12;2017;15/12/2017;1,58;197,884;198,794
16;12;2017;16/12/2017;1,57;197,873;198,783
17;12;2017;17/12/2017;1,59;197,89;198,8
18;12;2017;18/12/2017;1,59;197,895;198,805
19;12;2017;19/12/2017;1,59;197,895;198,805
20;12;2017;20/12/2017;1,59;197,888;198,798
21;12;2017;21/12/2017;1,58;197,88;198,79
22;12;2017;22/12/2017;1,57;197,87;198,78
23;12;2017;23/12/2017;1,58;197,878;198,788
24;12;2017;24/12/2017;1,59;197,894;198,804
25;12;2017;25/12/2017;1,61;197,906;198,816
26;12;2017;26/12/2017;1,61;197,907;198,817
27;12;2017;27/12/2017;1,6;197,895;198,805
28;12;2017;28/12/2017;1,59;197,893;198,803
29;12;2017;29/12/2017;1,58;197,875;198,785
30;12;2017;30/12/2017;1,58;197,879;198,789
31;12;2017;31/12/2017;1,59;197,887;198,797
;1;2018;1/1/2018;1,6;197,904;198,814
;1;2018;2/1/2018;1,6;197,902;198,812
;1;2018;3/1/2018;1,6;197,896;198,806
;1;2018;4/1/2018;1,59;197,89;198,8
;1;2018;5/1/2018;1,61;197,914;198,824
;1;2018;6/1/2018;1,61;197,911;198,821
;1;2018;7/1/2018;1,63;197,932;198,842
;1;2018;8/1/2018;1,63;197,934;198,844
;1;2018;9/1/2018;1,62;197,921;198,831
;1;2018;10/1/2018;1,61;197,912;198,822
;1;2018;11/1/2018;1,65;197,946;198,856
;1;2018;12/1/2018;1,63;197,932;198,842
;1;2018;13/1/2018;1,62;197,917;198,827
;1;2018;14/1/2018;1,65;197,947;198,857
;1;2018;15/1/2018;1,65;197,949;198,859
;1;2018;16/1/2018;1,64;197,938;198,848
;1;2018;17/1/2018;1,63;197,935;198,845
;1;2018;18/1/2018;1,62;197,918;198,828
;1;2018;19/1/2018;1,63;197,935;198,845
;1;2018;20/1/2018;1,62;197,925;198,835
;1;2018;21/1/2018;1,64;197,944;198,854
;1;2018;22/1/2018;1,65;197,951;198,861
;1;2018;23/1/2018;1,65;197,95;198,86
;1;2018;24/1/2018;1,65;197,948;198,858
;1;2018;25/1/2018;1,67;197,968;198,878
;1;2018;26/1/2018;1,66;197,964;198,874
;1;2018;27/1/2018;1,66;197,962;198,872
;1;2018;28/1/2018;1,66;197,956;198,866
;1;2018;29/1/2018;1,65;197,948;198,858
;1;2018;30/1/2018;1,65;197,951;198,861
;1;2018;31/1/2018;1,63;197,93;198,84
;2;2018;1/2/2018;1,63;197,932;198,842
;2;2018;2/2/2018;1,64;197,937;198,847
;2;2018;3/2/2018;1,65;197,954;198,864
;2;2018;4/2/2018;1,67;197,97;198,88
;2;2018;5/2/2018;1,67;197,969;198,879
;2;2018;6/2/2018;1,65;197,951;198,861
;2;2018;7/2/2018;1,66;197,956;198,866
;2;2018;8/2/2018;1,64;197,944;198,854
;2;2018;9/2/2018;1,64;197,939;198,849
;2;2018;10/2/2018;1,66;197,963;198,873
;2;2018;11/2/2018;1,66;197,961;198,871
;2;2018;12/2/2018;1,68;197,98;198,89
;2;2018;13/2/2018;1,67;197,968;198,878
;2;2018;14/2/2018;1,65;197,955;198,865
;2;2018;15/2/2018;1,66;197,959;198,869
;2;2018;16/2/2018;1,65;197,953;198,863
;2;2018;17/2/2018;1,64;197,942;198,852
;2;2018;18/2/2018;1,61;197,915;198,825
;2;2018;19/2/2018;1,63;197,929;198,839
;2;2018;20/2/2018;1,62;197,917;198,827
;2;2018;21/2/2018;1,62;197,92;198,83
;2;2018;22/2/2018;1,63;197,929;198,839
;2;2018;23/2/2018;1,65;197,947;198,857
;2;2018;24/2/2018;1,67;197,974;198,884
;2;2018;25/2/2018;1,7;198,002;198,912
;2;2018;26/2/2018;1,7;197,995;198,905
;2;2018;27/2/2018;1,67;197,969;198,879
;2;2018;28/2/2018;1,65;197,947;198,857
;3;2018;1/3/2018;1,66;197,96;198,87
;3;2018;2/3/2018;1,65;197,95;198,86
;3;2018;3/3/2018;1,64;197,943;198,853
;3;2018;4/3/2018;1,65;197,955;198,865
;3;2018;5/3/2018;1,65;197,949;198,859
;3;2018;6/3/2018;1,64;197,944;198,854
;3;2018;7/3/2018;1,62;197,92;198,83
;3;2018;8/3/2018;1,62;197,916;198,826
;3;2018;9/3/2018;1,6;197,901;198,811
;3;2018;10/3/2018;1,62;197,92;198,83
;3;2018;11/3/2018;1,64;197,943;198,853
;3;2018;12/3/2018;1,65;197,95;198,86
;3;2018;13/3/2018;1,64;197,943;198,853
;3;2018;14/3/2018;1,63;197,925;198,835
;3;2018;15/3/2018;1,64;197,94;198,85
;3;2018;16/3/2018;1,64;197,937;198,847
;3;2018;17/3/2018;1,64;197,939;198,849
;3;2018;18/3/2018;1,64;197,944;198,854
;3;2018;19/3/2018;1,65;197,953;198,863
;3;2018;20/3/2018;1,63;197,929;198,839
;3;2018;21/3/2018;1,64;197,938;198,848
;3;2018;22/3/2018;1,65;197,948;198,858
;3;2018;23/3/2018;1,64;197,94;198,85
;3;2018;24/3/2018;1,64;197,941;198,851
;3;2018;25/3/2018;1,65;197,952;198,862
;3;2018;26/3/2018;1,65;197,954;198,864
;3;2018;27/3/2018;1,65;197,946;198,856
;3;2018;28/3/2018;1,63;197,932;198,842
;3;2018;29/3/2018;1,63;197,93;198,84
;3;2018;30/3/2018;1,65;197,95;198,86
;3;2018;31/3/2018;1,64;197,938;198,848
;4;2018;1/4/2018;1,66;197,955;198,865
;4;2018;2/4/2018;1,66;197,957;198,867
;4;2018;3/4/2018;1,65;197,949;198,859
;4;2018;4/4/2018;1,63;197,932;198,842
;4;2018;5/4/2018;1,63;197,928;198,838
;4;2018;6/4/2018;1,62;197,917;198,827
;4;2018;7/4/2018;1,64;197,941;198,851
;4;2018;8/4/2018;1,63;197,933;198,843
;4;2018;9/4/2018;1,66;197,958;198,868
;4;2018;10/4/2018;1,63;197,932;198,842
;4;2018;11/4/2018;1,65;197,945;198,855
;4;2018;12/4/2018;1,64;197,944;198,854
;4;2018;13/4/2018;1,64;197,939;198,849
;4;2018;14/4/2018;1,65;197,948;198,858
;4;2018;15/4/2018;1,65;197,948;198,858
;4;2018;16/4/2018;1,65;197,954;198,864
;4;2018;17/4/2018;1,64;197,941;198,851
;4;2018;18/4/2018;1,64;197,939;198,849
;4;2018;19/4/2018;1,65;197,951;198,861
;4;2018;20/4/2018;1,65;197,954;198,864
;4;2018;21/4/2018;1,65;197,952;198,862
;4;2018;22/4/2018;1,65;197,95;198,86
;4;2018;23/4/2018;1,65;197,954;198,864
;4;2018;24/4/2018;1,65;197,952;198,862
;4;2018;25/4/2018;1,67;197,965;198,875
;4;2018;26/4/2018;1,67;197,967;198,877
;4;2018;27/4/2018;1,69;197,99;198,9
;4;2018;28/4/2018;1,7;198;198,91
;4;2018;29/4/2018;1,68;197,981;198,891
;4;2018;30/4/2018;1,65;197,95;198,86
;5;2018;1/5/2018;1,67;197,965;198,875
;5;2018;2/5/2018;1,67;197,968;198,878
;5;2018;3/5/2018;1,66;197,958;198,868
;5;2018;4/5/2018;1,65;197,951;198,861
;5;2018;5/5/2018;1,66;197,958;198,868
;5;2018;6/5/2018;1,67;197,972;198,882
;5;2018;7/5/2018;1,67;197,968;198,878
;5;2018;8/5/2018;1,66;197,963;198,873
;5;2018;9/5/2018;1,66;197,957;198,867
;5;2018;10/5/2018;1,65;197,952;198,862
;5;2018;11/5/2018;1,66;197,957;198,867
;5;2018;12/5/2018;1,65;197,949;198,859
;5;2018;13/5/2018;1,63;197,932;198,842
;5;2018;14/5/2018;1,63;197,932;198,842
;5;2018;15/5/2018;1,63;197,934;198,844
;5;2018;16/5/2018;1,63;197,934;198,844
;5;2018;17/5/2018;1,65;197,947;198,857
;5;2018;18/5/2018;1,63;197,931;198,841
;5;2018;19/5/2018;1,63;197,928;198,838
;5;2018;20/5/2018;1,62;197,925;198,835
;5;2018;21/5/2018;1,62;197,921;198,831
;5;2018;22/5/2018;1,57;197,866;198,776
;5;2018;23/5/2018;1,49;197,793;198,703
;5;2018;24/5/2018;1,53;197,829;198,739
;5;2018;25/5/2018;1,51;197,812;198,722
;5;2018;26/5/2018;1,49;197,791;198,701
;5;2018;27/5/2018;1,51;197,811;198,721
;5;2018;28/5/2018;1,51;197,808;198,718
;5;2018;29/5/2018;1,52;197,818;198,728
;5;2018;30/5/2018;1,5;197,8;198,71
;5;2018;31/5/2018;1,49;197,794;198,704
;6;2018;1/6/2018;1,5;197,798;198,708
;6;2018;2/6/2018;1,51;197,813;198,723
;6;2018;3/6/2018;1,64;197,939;198,849
;6;2018;4/6/2018;1,88;198,177;199,087
;6;2018;5/6/2018;1,96;198,264;199,174
;6;2018;6/6/2018;2,02;198,323;199,233
;6;2018;7/6/2018;2,08;198,38;199,29
;6;2018;8/6/2018;2,08;198,383;199,293
;6;2018;9/6/2018;2,1;198,401;199,311
;6;2018;10/6/2018;2,1;198,405;199,315
;6;2018;11/6/2018;2,16;198,455;199,365
;6;2018;12/6/2018;2,32;198,621;199,531
;6;2018;13/6/2018;2,53;198,826;199,736
;6;2018;14/6/2018;2,7;198,998;199,908
;6;2018;15/6/2018;2,74;199,043;199,953
;6;2018;16/6/2018;2,84;199,145;200,055
;6;2018;17/6/2018;2,91;199,208;200,118
;6;2018;18/6/2018;3,01;199,312;200,222
;6;2018;19/6/2018;3,06;199,358;200,268
;6;2018;20/6/2018;3,18;199,48;200,39
;6;2018;21/6/2018;3,22;199,52;200,43
;6;2018;22/6/2018;3,33;199,632;200,542
;6;2018;23/6/2018;3,42;199,715;200,625
;6;2018;24/6/2018;3,47;199,773;200,683
;6;2018;25/6/2018;3,47;199,771;200,681
;6;2018;26/6/2018;3,49;199,785;200,695
;6;2018;27/6/2018;3,5;199,8;200,71
;6;2018;28/6/2018;3,33;199,625;200,535
;6;2018;29/6/2018;3,24;199,539;200,449
;6;2018;30/6/2018;3,11;199,408;200,318
;7;2018;1/7/2018;3,04;199,339;200,249
;7;2018;2/7/2018;2,95;199,246;200,156
;7;2018;3/7/2018;2,91;199,212;200,122
;7;2018;4/7/2018;2,85;199,151;200,061
;7;2018;5/7/2018;2,83;199,127;200,037
;7;2018;6/7/2018;2,77;199,074;199,984
;7;2018;7/7/2018;2,78;199,079;199,989
;7;2018;8/7/2018;2,78;199,077;199,987
;7;2018;9/7/2018;2,77;199,07;199,98
;7;2018;10/7/2018;2,75;199,052;199,962
;7;2018;11/7/2018;2,73;199,028;199,938
;7;2018;12/7/2018;2,76;199,057;199,967
;7;2018;13/7/2018;2,79;199,09;200
;7;2018;14/7/2018;2,77;199,067;199,977
;7;2018;15/7/2018;2,77;199,07;199,98
;7;2018;16/7/2018;2,75;199,052;199,962
;7;2018;17/7/2018;2,59;198,888;199,798
;7;2018;18/7/2018;2,73;199,029;199,939
;7;2018;19/7/2018;2,83;199,132;200,042
;7;2018;20/7/2018;2,83;199,125;200,035
;7;2018;21/7/2018;2,78;199,084;199,994
;7;2018;22/7/2018;2,79;199,088;199,998
;7;2018;23/7/2018;2,78;199,08;199,99
;7;2018;24/7/2018;2,77;199,073;199,983
;7;2018;25/7/2018;2,85;199,151;200,061
;7;2018;26/7/2018;2,92;199,217;200,127
;7;2018;27/7/2018;2,99;199,289;200,199
;7;2018;28/7/2018;3,06;199,357;200,267
;7;2018;29/7/2018;3,02;199,318;200,228
;7;2018;30/7/2018;2,99;199,293;200,203
;7;2018;31/7/2018;3,03;199,33;200,24
;8;2018;1/8/2018;3,05;199,347;200,257
;8;2018;2/8/2018;3,06;199,362;200,272
;8;2018;3/8/2018;3,08;199,376;200,286
;8;2018;4/8/2018;3,07;199,373;200,283
;8;2018;5/8/2018;3,01;199,309;200,219
;8;2018;6/8/2018;2,97;199,269;200,179
;8;2018;7/8/2018;2,9;199,204;200,114
;8;2018;8/8/2018;2,89;199,188;200,098
;8;2018;9/8/2018;2,9;199,197;200,107
;8;2018;10/8/2018;2,91;199,209;200,119
;8;2018;11/8/2018;2,74;199,041;199,951
;8;2018;12/8/2018;2,81;199,113;200,023
;8;2018;13/8/2018;2,84;199,144;200,054
;8;2018;14/8/2018;2,84;199,14;200,05
;8;2018;15/8/2018;2,81;199,107;200,017
;8;2018;16/8/2018;2,72;199,016;199,926
;8;2018;17/8/2018;2,46;198,764;199,674
;8;2018;18/8/2018;2,29;198,586;199,496
;8;2018;19/8/2018;2,08;198,376;199,286
;8;2018;20/8/2018;1,92;198,215;199,125
;8;2018;21/8/2018;1,78;198,078;198,988
;8;2018;22/8/2018;1,74;198,037;198,947
;8;2018;23/8/2018;1,72;198,022;198,932
;8;2018;24/8/2018;1,72;198,016;198,926
;8;2018;25/8/2018;1,69;197,991;198,901
;8;2018;26/8/2018;1,69;197,994;198,904
;8;2018;27/8/2018;1,69;197,991;198,901
;8;2018;28/8/2018;1,67;197,975;198,885
;8;2018;29/8/2018;1,66;197,965;198,875
;8;2018;30/8/2018;1,66;197,956;198,866
;8;2018;31/8/2018;1,65;197,948;198,858
;9;2018;1/9/2018;1,65;197,948;198,858
;9;2018;2/9/2018;1,65;197,948;198,858
;9;2018;3/9/2018;1,65;197,95;198,86
;9;2018;4/9/2018;1,58;197,877;198,787
;9;2018;5/9/2018;1,52;197,816;198,726
;9;2018;6/9/2018;1,49;197,788;198,698
;9;2018;7/9/2018;1,47;197,77;198,68
;9;2018;8/9/2018;1,46;197,76;198,67
;9;2018;9/9/2018;1,47;197,771;198,681
;9;2018;10/9/2018;1,46;197,759;198,669
;9;2018;11/9/2018;1,47;197,769;198,679
;9;2018;12/9/2018;1,45;197,751;198,661
;9;2018;13/9/2018;1,44;197,743;198,653
;9;2018;14/9/2018;1,46;197,756;198,666
;9;2018;15/9/2018;1,45;197,753;198,663
;9;2018;16/9/2018;1,45;197,752;198,662
;9;2018;17/9/2018;1,44;197,742;198,652
;9;2018;18/9/2018;1,45;197,752;198,662
;9;2018;19/9/2018;1,49;197,791;198,701
;9;2018;20/9/2018;1,48;197,776;198,686
;9;2018;21/9/2018;1,45;197,75;198,66
;9;2018;22/9/2018;1,45;197,754;198,664
;9;2018;23/9/2018;1,43;197,733;198,643
;9;2018;24/9/2018;1,42;197,721;198,631
;9;2018;25/9/2018;1,43;197,727;198,637
;9;2018;26/9/2018;1,44;197,736;198,646
;9;2018;27/9/2018;1,49;197,79;198,7
;9;2018;28/9/2018;1,55;197,849;198,759
;9;2018;29/9/2018;1,54;197,838;198,748
;9;2018;30/9/2018;1,51;197,807;198,717
;10;2018;1/10/2018;1,48;197,779;198,689
;10;2018;2/10/2018;1,47;197,77;198,68
;10;2018;3/10/2018;1,48;197,782;198,692
;10;2018;4/10/2018;1,46;197,765;198,675
;10;2018;5/10/2018;1,47;197,77;198,68
;10;2018;6/10/2018;1,47;197,77;198,68
;10;2018;7/10/2018;1,49;197,785;198,695
;10;2018;8/10/2018;1,47;197,773;198,683
;10;2018;9/10/2018;1,46;197,764;198,674
;10;2018;10/10/2018;1,43;197,727;198,637
;10;2018;11/10/2018;1,42;197,719;198,629
;10;2018;12/10/2018;1,45;197,746;198,656
;10;2018;13/10/2018;1,45;197,747;198,657
;10;2018;14/10/2018;1,44;197,738;198,648
;10;2018;15/10/2018;1,45;197,75;198,66
;10;2018;16/10/2018;1,46;197,764;198,674
;10;2018;17/10/2018;1,45;197,749;198,659
;10;2018;18/10/2018;1,48;197,778;198,688
;10;2018;19/10/2018;1,51;197,805;198,715
;10;2018;20/10/2018;1,54;197,838;198,748
;10;2018;21/10/2018;1,56;197,857;198,767
;10;2018;22/10/2018;1,54;197,835;198,745
;10;2018;23/10/2018;1,52;197,822;198,732
;10;2018;24/10/2018;1,58;197,876;198,786
;10;2018;25/10/2018;1,57;197,873;198,783
;10;2018;26/10/2018;1,59;197,895;198,805
;10;2018;27/10/2018;1,6;197,9;198,81
;10;2018;28/10/2018;1,57;197,871;198,781
;10;2018;29/10/2018;1,59;197,886;198,796
;10;2018;30/10/2018;1,58;197,876;198,786
;10;2018;31/10/2018;1,56;197,862;198,772
;11;2018;1/11/2018;1,55;197,853;198,763
;11;2018;2/11/2018;1,6;197,897;198,807
;11;2018;3/11/2018;1,63;197,927;198,837
;11;2018;4/11/2018;1,59;197,887;198,797
;11;2018;5/11/2018;1,58;197,879;198,789
;11;2018;6/11/2018;1,56;197,856;198,766
;11;2018;7/11/2018;1,54;197,843;198,753
;11;2018;8/11/2018;1,53;197,834;198,744
;11;2018;9/11/2018;1,52;197,822;198,732
;11;2018;10/11/2018;1,5;197,797;198,707
;11;2018;11/11/2018;1,51;197,807;198,717
;11;2018;12/11/2018;1,52;197,82;198,73
;11;2018;13/11/2018;1,66;197,963;198,873
;11;2018;14/11/2018;1,85;198,152;199,062
;11;2018;15/11/2018;2,07;198,366;199,276
;11;2018;16/11/2018;2,18;198,478;199,388
;11;2018;17/11/2018;2,1;198,399;199,309
;11;2018;18/11/2018;1,9;198,196;199,106
;11;2018;19/11/2018;1,73;198,032;198,942
;11;2018;20/11/2018;1,58;197,884;198,794
;11;2018;21/11/2018;1,5;197,795;198,705
;11;2018;22/11/2018;1,47;197,768;198,678
;11;2018;23/11/2018;1,45;197,752;198,662
;11;2018;24/11/2018;1,44;197,74;198,65
;11;2018;25/11/2018;1,45;197,753;198,663
;11;2018;26/11/2018;1,47;197,766;198,676
;11;2018;27/11/2018;1,47;197,769;198,679
;11;2018;28/11/2018;1,47;197,765;198,675
;11;2018;29/11/2018;1,48;197,779;198,689
;11;2018;30/11/2018;1,48;197,776;198,686
;12;2018;1/12/2018;1,47;197,775;198,685
;12;2018;2/12/2018;1,48;197,776;198,686
;12;2018;3/12/2018;1,53;197,835;198,745
;12;2018;4/12/2018;1,49;197,793;198,703
;12;2018;5/12/2018;1,49;197,793;198,703
;12;2018;6/12/2018;1,47;197,774;198,684
;12;2018;7/12/2018;1,49;197,795;198,705
;12;2018;8/12/2018;1,49;197,789;198,699
;12;2018;9/12/2018;1,5;197,795;198,705
;12;2018;10/12/2018;1,5;197,8;198,71
;12;2018;11/12/2018;1,5;197,798;198,708
;12;2018;12/12/2018;1,5;197,805;198,715
;12;2018;13/12/2018;1,51;197,808;198,718
;12;2018;14/12/2018;1,5;197,802;198,712
;12;2018;15/12/2018;1,49;197,79;198,7
;12;2018;16/12/2018;1,49;197,789;198,699
;12;2018;17/12/2018;1,49;197,788;198,698
;12;2018;18/12/2018;1,5;197,805;198,715
;12;2018;19/12/2018;1,49;197,786;198,696
;12;2018;20/12/2018;1,49;197,785;198,695
;12;2018;21/12/2018;1,51;197,809;198,719
;12;2018;22/12/2018;1,51;197,808;198,718
;12;2018;23/12/2018;1,49;197,788;198,698
;12;2018;24/12/2018;1,5;197,799;198,709
;12;2018;25/12/2018;1,59;197,892;198,802
;12;2018;26/12/2018;1,77;198,071;198,981
;12;2018;27/12/2018;1,83;198,131;199,041
;12;2018;28/12/2018;1,83;198,133;199,043
;12;2018;29/12/2018;1,84;198,144;199,054
;12;2018;30/12/2018;1,85;198,153;199,063
;12;2018;31/12/2018;1,87;198,17;199,08
