Mes,Mañana,Tarde,Caudal,Año,Día,Abertura
AGOSTO,,,0.0,2009,1,
AGOSTO,,,0.0,2009,2,
AGOSTO,,,0.0,2009,3,
AGOSTO,,,0.0,2009,4,
AGOSTO,,,0.0,2009,5,
AGOSTO,,,0.0,2009,6,
AGOSTO,,,0.0,2009,7,
AGOSTO,,,0.0,2009,8,
AGOSTO,,,0.0,2009,9,
AGOSTO,,,0.0,2009,10,
AGOSTO,,,0.0,2009,11,
AGOSTO,,,0.0,2009,12,
AGOSTO,,,0.0,2009,13,
AGOSTO,,,0.0,2009,14,
AGOSTO,,,0.0,2009,15,
AGOSTO,,,0.0,2009,16,
AGOSTO,,,0.0,2009,17,
AGOSTO,,,0.0,2009,18,
AGOSTO,,,0.0,2009,19,
AGOSTO,,,0.0,2009,20,
AGOSTO,,,0.0,2009,21,
AGOSTO,,,0.0,2009,22,
AGOSTO,,,0.0,2009,23,
AGOSTO,,,0.0,2009,24,
AGOSTO,,,0.0,2009,25,
AGOSTO,1.85,1.85,5394.311944861429,2009,26,0.29
AGOSTO,1.85,1.85,5394.311944861429,2009,27,0.29
AGOSTO,0.0,1.85,,2009,28,0.49
AGOSTO,0.0,0.0,0.0,2009,29,
AGOSTO,0.0,0.0,0.0,2009,30,
AGOSTO,0.0,0.0,0.0,2009,31,
SEPT,1.5,1.69,6346.667271742081,2009,1,0.39
SEPT,1.65,1.8,6701.499222764115,2009,2,0.39
SEPT,1.65,1.7,6701.499222764115,2009,3,0.39
SEPT,1.78,1.68,7993.805522834211,2009,4,0.45
SEPT,1.75,1.66,7916.319310770226,2009,5,0.45
SEPT,1.78,1.75,7993.805522834211,2009,6,0.45
SEPT,1.84,1.76,8146.56721266921,2009,7,0.45
SEPT,1.5,1.78,9363.058595503671,2009,8,0.6
SEPT,1.9,1.7,10811.52880110457,2009,9,0.6
SEPT,1.85,1.79,10641.257863750356,2009,10,0.6
SEPT,1.71,1.85,10149.313664422403,2009,11,0.6
SEPT,1.79,1.78,10433.26533783585,2009,12,0.6
SEPT,1.84,1.84,10606.875680612638,2009,13,0.6
SEPT,1.89,1.78,10777.689817315055,2009,14,0.6
SEPT,1.76,1.78,10635.344410743677,2009,15,0.62
SEPT,1.7,1.79,11873.008083490848,2009,16,0.72
SEPT,1.88,1.89,12645.329733281429,2009,17,0.72
SEPT,1.72,1.75,11961.284451970325,2009,18,0.72
SEPT,1.75,1.78,12672.133622508296,2009,19,0.76
SEPT,1.64,1.79,12288.20522674607,2009,20,0.77
SEPT,1.8,1.75,13339.548220376746,2009,21,0.79
SEPT,1.74,1.67,13051.610400723708,2009,22,0.79
SEPT,1.71,1.79,12905.232571191451,2009,23,0.79
SEPT,1.79,1.73,13291.991747358392,2009,24,0.79
SEPT,1.56,1.4,12146.913025038415,2009,25,0.79
SEPT,1.83,1.74,13481.21111248893,2009,26,0.79
SEPT,1.7,1.78,12856.069601733958,2009,27,0.79
SEPT,1.75,1.75,13522.036983975688,2009,28,0.82
SEPT,1.8,1.82,13772.003372417796,2009,29,0.82
SEPT,1.95,1.85,14953.047587010426,2009,30,0.85
SEPT,1.93,,15153.59642529424,2009,1,0.87
OCT.,1.93,1.85,15450.021970400128,2009,1,0.89
OCT.,1.83,1.83,14920.75369226989,2009,2,0.89
OCT.,1.83,1.8,14920.75369226989,2009,3,0.89
OCT.,1.81,1.8,14812.63086414069,2009,4,0.89
OCT.,1.82,1.85,14866.790572660246,2009,5,0.89
OCT.,1.8,1.79,14758.272402393422,2009,6,0.89
OCT.,1.77,1.79,14593.982248211383,2009,7,0.89
OCT.,1.8,1.85,14758.272402393422,2009,8,0.89
OCT.,1.84,1.84,14974.522348289833,2009,9,0.89
OCT.,1.85,1.85,15028.098628019376,2009,10,0.89
OCT.,1.85,1.85,15028.098628019376,2009,11,0.89
OCT.,1.84,1.9,14974.522348289833,2009,12,0.89
OCT.,1.9,1.86,15293.16489297452,2009,13,0.89
OCT.,1.8,1.8,14758.272402393422,2009,14,0.89
OCT.,1.75,1.78,14483.420184231927,2009,15,0.89
OCT.,1.75,1.84,14483.420184231927,2009,16,0.89
OCT.,1.85,1.87,15028.098628019376,2009,17,0.89
OCT.,1.9,1.87,15293.16489297452,2009,18,0.89
OCT.,1.9,1.86,15293.16489297452,2009,19,0.89
OCT.,1.81,1.85,14812.63086414069,2009,20,0.89
OCT.,1.88,1.84,15187.693531791327,2009,21,0.89
OCT.,1.85,1.89,15028.098628019376,2009,22,0.89
OCT.,1.81,1.76,14812.63086414069,2009,23,0.89
OCT.,1.84,1.82,14974.522348289833,2009,24,0.89
OCT.,1.85,1.87,15028.098628019376,2009,25,0.89
OCT.,1.85,1.89,15028.098628019376,2009,26,0.89
OCT.,1.75,1.8,14483.420184231927,2009,27,0.89
OCT.,1.75,1.87,14483.420184231927,2009,28,0.89
OCT.,1.84,1.78,14974.522348289833,2009,29,0.89
OCT.,1.71,1.7,14259.72457577047,2009,30,0.89
OCT.,1.64,1.58,13859.572261744215,2009,31,0.89
NOV.,1.75,1.85,14483.420184231927,2009,1,0.89
NOV.,1.86,1.86,15081.484581682398,2009,2,0.89
NOV.,1.85,1.88,15028.098628019376,2009,3,0.89
NOV.,1.85,1.88,15028.098628019376,2009,4,0.89
NOV.,1.89,1.95,15240.520451403954,2009,5,0.89
NOV.,1.82,1.92,14866.790572660246,2009,6,0.89
NOV.,1.83,1.85,15200.87575406834,2009,7,0.91
NOV.,1.83,1.85,15200.87575406834,2009,8,0.91
NOV.,1.85,1.85,15311.02846847612,2009,9,0.91
NOV.,1.78,1.84,14921.936905474558,2009,10,0.91
NOV.,1.86,1.86,15365.808709547899,2009,11,0.91
NOV.,1.87,1.89,15420.394347562902,2009,12,0.91
NOV.,1.88,1.85,15474.787441844936,2009,13,0.91
NOV.,1.85,1.84,15311.02846847612,2009,14,0.91
NOV.,1.8,1.85,15034.133499567819,2009,15,0.91
NOV.,1.86,1.88,15365.808709547899,2009,16,0.91
NOV.,1.76,1.78,14808.89030073152,2009,17,0.91
NOV.,1.75,1.75,14483.420184231927,2009,18,0.89
NOV.,1.75,1.77,14483.420184231927,2009,19,0.89
NOV.,1.75,1.75,14483.420184231927,2009,20,0.89
NOV.,1.89,1.96,15240.520451403954,2009,21,0.89
NOV.,1.92,1.96,15397.913822066954,2009,22,0.89
NOV.,1.93,1.97,15450.021970400128,2009,23,0.89
NOV.,1.97,1.64,15656.720414634448,2009,24,0.89
NOV.,1.4,1.35,12389.893128732107,2009,25,0.89
NOV.,1.28,1.94,11585.348763539656,2009,26,0.89
NOV.,1.75,1.8,14483.420184231927,2009,27,0.89
NOV.,1.78,1.83,14648.95036086733,2009,28,0.89
NOV.,1.78,1.79,14648.95036086733,2009,29,0.89
NOV.,1.78,1.76,14648.95036086733,2009,30,0.89
NOV.,1.75,1.75,14483.420184231927,2009,1,0.89
DIC.,1.75,1.75,14483.420184231927,2009,1,0.89
DIC.,1.9,1.88,15293.16489297452,2009,2,0.89
DIC.,1.82,1.87,14866.790572660246,2009,3,0.89
DIC.,1.83,1.9,14920.75369226989,2009,4,0.89
DIC.,1.83,1.82,14920.75369226989,2009,5,0.89
DIC.,1.83,1.9,14920.75369226989,2009,6,0.89
DIC.,1.87,1.87,15134.68222334285,2009,7,0.89
DIC.,1.9,1.94,15293.16489297452,2009,8,0.89
DIC.,1.94,1.91,15501.95496380675,2009,9,0.89
DIC.,1.87,1.9,15134.68222334285,2009,10,0.89
DIC.,1.86,1.82,15081.484581682398,2009,11,0.89
DIC.,1.82,1.79,14866.790572660246,2009,12,0.89
DIC.,1.82,1.8,14866.790572660246,2009,13,0.89
DIC.,1.83,1.85,14920.75369226989,2009,14,0.89
DIC.,1.81,1.81,14812.63086414069,2009,15,0.89
DIC.,1.78,1.84,14648.95036086733,2009,16,0.89
DIC.,1.82,1.9,14866.790572660246,2009,17,0.89
DIC.,1.82,1.86,14866.790572660246,2009,18,0.89
DIC.,1.84,1.94,14974.522348289833,2009,19,0.89
DIC.,1.94,1.91,15501.95496380675,2009,20,0.89
DIC.,1.93,1.94,15450.021970400128,2009,21,0.89
DIC.,1.93,1.96,15450.021970400128,2009,22,0.89
DIC.,1.8,1.82,15034.133499567819,2009,23,0.91
DIC.,1.75,1.85,14483.420184231927,2009,24,0.89
DIC.,1.83,1.86,14920.75369226989,2009,25,0.89
DIC.,1.83,1.82,14920.75369226989,2009,26,0.89
DIC.,1.8,1.83,14758.272402393422,2009,27,0.89
DIC.,1.84,1.85,14974.522348289833,2009,28,0.89
DIC.,1.75,1.79,14483.420184231927,2009,29,0.89
DIC.,1.75,1.8,14483.420184231927,2009,30,0.89
DIC.,1.82,1.9,14866.790572660246,2009,31,0.89
ENERO,1.89,1.9,15385.0752,2009,1.0,0.9
ENERO,1.88,1.87,15331.561732818573,2009,2.0,0.9
ENERO,1.86,1.89,15223.970496633607,2009,3.0,0.9
ENERO,1.85,1.84,15169.888725364548,2009,4.0,0.9
ENERO,1.78,1.78,14785.778563976444,2009,5.0,0.9
ENERO,1.75,1.81,14618.070546951838,2009,6.0,0.9
ENERO,1.85,1.92,15169.888725364548,2009,7.0,0.9
ENERO,1.9,1.79,15438.403176885982,2009,8.0,0.9
ENERO,1.85,1.84,15169.888725364548,2009,9.0,0.9
ENERO,1.85,1.84,15169.888725364548,2009,10.0,0.9
ENERO,1.89,1.88,15385.0752,2009,11.0,0.9
ENERO,1.89,1.92,15385.0752,2009,12.0,0.9
ENERO,1.97,1.93,15806.662166601787,2009,13.0,0.9
ENERO,1.89,1.85,15956.876862922127,2009,14.0,0.94
ENERO,1.85,1.85,15730.526716857588,2009,15.0,0.94
ENERO,1.84,1.85,15673.428427839208,2009,16.0,0.94
ENERO,1.83,1.83,15616.121367850148,2009,17.0,0.94
ENERO,1.83,1.85,15339.951227246886,2009,18.0,0.92
ENERO,1.87,1.87,15562.280952114355,2009,19.0,0.92
ENERO,1.85,1.86,15451.515978810208,2009,20.0,0.92
ENERO,1.77,1.84,14730.088051349765,2009,21.0,0.9
ENERO,1.74,1.84,14427.821437035136,2009,22.0,0.89
ENERO,1.84,1.87,14974.522348289833,2009,23.0,0.89
ENERO,1.85,1.87,15169.888725364548,2009,24.0,0.9
ENERO,1.9,1.84,15438.403176885982,2009,25.0,0.9
ENERO,1.8,1.84,14896.535007437185,2009,26.0,0.9
ENERO,1.8,1.84,14896.535007437185,2009,27.0,0.9
ENERO,1.88,1.8,15331.561732818573,2009,28.0,0.9
ENERO,1.88,1.84,15187.693531791327,2009,29.0,0.89
ENERO,1.84,1.77,14974.522348289833,2009,30.0,0.89
ENERO,1.85,1.81,15028.098628019376,2009,31.0,0.89
ENERO,,,15239.535442376957,2009,,
ENERO,,15240.741669388612,,2009,,
FEB,1.85,1.84,15028.098628019376,2009,1.0,0.89
FEB,1.84,1.85,14974.522348289833,2009,2.0,0.89
FEB,1.82,1.82,14866.790572660246,2009,3.0,0.89
FEB,1.89,1.82,15240.520451403954,2009,4.0,0.89
FEB,1.92,1.98,15397.913822066954,2009,5.0,0.89
FEB,1.9,1.92,15583.00405705348,2009,6.0,0.91
FEB,1.86,1.94,15365.808709547899,2009,7.0,0.91
FEB,1.88,1.92,15474.787441844936,2009,8.0,0.91
FEB,1.9,1.95,15583.00405705348,2009,9.0,0.91
FEB,1.85,1.84,15311.02846847612,2009,10.0,0.91
FEB,1.84,1.83,15256.051528051237,2009,11.0,0.91
FEB,1.82,1.81,15145.498973447226,2009,12.0,0.91
FEB,1.85,1.8,15311.02846847612,2009,13.0,0.91
FEB,1.8,1.8,15034.133499567819,2009,14.0,0.91
FEB,1.83,1.82,15200.87575406834,2009,15.0,0.91
FEB,1.8,1.83,15034.133499567819,2009,16.0,0.91
FEB,1.9,1.87,15583.00405705348,2009,17.0,0.91
FEB,1.8,1.8,12007.646915355765,2009,18.0,0.7
FEB,1.78,1.76,11924.548014414448,2009,19.0,0.7
FEB,1.75,1.69,11798.802341950202,2009,20.0,0.7
FEB,1.74,1.75,11756.588244746898,2009,21.0,0.7
FEB,1.8,1.81,12007.646915355765,2009,22.0,0.7
FEB,1.75,1.79,11798.802341950202,2009,23.0,0.7
FEB,1.69,1.74,11543.202303393879,2009,24.0,0.7
FEB,1.74,1.75,11756.588244746898,2009,25.0,0.7
FEB,1.65,1.7,12741.508883757844,2009,26.0,0.8
FEB,1.75,1.7,13241.364451055275,2009,27.0,0.8
FEB,1.75,1.69,13241.364451055275,2009,28.0,0.8
FEB,1.65,1.8,12741.508883757844,2009,1.0,0.8
FEB,1.82,,12843.135211857265,2009,2.0,0.75
FEB,,,,2009,,
FEB,,,13959.763718001528,2009,,
FEB,,13997.6643325386,,2009,,
MAR,1.65,1.8,12741.508883757844,2009,1.0,0.8
MAR,1.82,1.8,12843.135211857265,2009,2.0,0.75
MAR,1.7,1.75,12298.299647369142,2009,3.0,0.75
MAR,1.8,1.65,12753.945693828244,2009,4.0,0.75
MAR,1.8,1.7,12753.945693828244,2009,5.0,0.75
MAR,1.74,1.75,12482.554098994962,2009,6.0,0.75
MAR,1.75,1.8,12528.194302803577,2009,7.0,0.75
MAR,1.7,1.75,12298.299647369142,2009,8.0,0.75
MAR,1.68,1.8,11500.0499942039,2009,9.0,0.7
MAR,1.55,1.55,10923.568361420952,2009,10.0,0.7
MAR,1.55,1.58,10923.568361420952,2009,11.0,0.7
MAR,1.55,1.59,10923.568361420952,2009,12.0,0.7
MAR,1.58,1.6,11059.270065890549,2009,13.0,0.7
MAR,1.64,1.64,11325.796734783587,2009,14.0,0.7
MAR,1.7,1.67,11586.193894673366,2009,15.0,0.7
MAR,1.6,1.6,11148.820273288111,2009,16.0,0.7
MAR,1.62,1.63,11237.65689909855,2009,17.0,0.7
MAR,1.57,1.55,11014.221935407606,2009,18.0,0.7
MAR,1.6,1.6,11148.820273288111,2009,19.0,0.7
MAR,1.61,1.6,11193.326718807446,2009,20.0,0.7
MAR,1.7,1.64,11586.193894673366,2009,21.0,0.7
MAR,1.64,1.8,11325.796734783587,2009,22.0,0.7
MAR,1.75,1.84,12238.371006019126,2009,23.0,0.73
MAR,1.78,1.86,12370.206454638374,2009,24.0,0.73
MAR,1.75,1.78,12238.371006019126,2009,25.0,0.73
MAR,1.8,1.8,12457.321660907495,2009,26.0,0.73
MAR,1.79,1.79,12413.84047532616,2009,27.0,0.73
MAR,1.79,1.81,12413.84047532616,2009,28.0,0.73
MAR,1.8,1.81,12457.321660907495,2009,29.0,0.73
MAR,1.75,1.8,13241.364451055275,2009,30.0,0.8
MAR,1.7,1.9,12993.840486179412,2009,31.0,0.8
MAR,,,11949.07139868865,2009,,
MAR,,12006.469251071345,,2009,,
ABRIL,1.86,1.8,14505.10056407037,2009,1.0,0.85
ABRIL,1.78,1.81,14094.979260712818,2009,2.0,0.85
ABRIL,1.79,1.85,14146.894645527627,2009,3.0,0.85
ABRIL,1.85,1.9,14454.471786338676,2009,4.0,0.85
ABRIL,1.85,1.8,14454.471786338676,2009,5.0,0.85
ABRIL,1.79,1.85,14146.894645527627,2009,6.0,0.85
ABRIL,1.75,1.9,14348.093160867009,2009,7.0,0.88
ABRIL,1.99,1.9,15607.178200167189,2009,8.0,0.88
ABRIL,1.85,1.85,14885.660041152863,2009,9.0,0.88
ABRIL,1.91,1.92,15199.076727403175,2009,10.0,0.88
ABRIL,1.94,1.86,15353.386031030604,2009,11.0,0.88
ABRIL,1.88,1.87,15043.18464,2009,12.0,0.88
ABRIL,1.94,1.92,15353.386031030604,2009,13.0,0.88
ABRIL,1.9,1.85,15147.290966199309,2009,14.0,0.88
ABRIL,1.92,1.86,15250.68664409162,2009,15.0,0.88
ABRIL,1.85,1.86,14885.660041152863,2009,16.0,0.88
ABRIL,1.88,1.89,15043.18464,2009,17.0,0.88
ABRIL,1.89,1.87,15095.32755073296,2009,18.0,0.88
ABRIL,1.85,1.9,14885.660041152863,2009,19.0,0.88
ABRIL,1.89,1.85,15095.32755073296,2009,20.0,0.88
ABRIL,1.85,1.86,14885.660041152863,2009,21.0,0.88
ABRIL,1.85,1.85,14885.660041152863,2009,22.0,0.88
ABRIL,1.85,1.84,14885.660041152863,2009,23.0,0.88
ABRIL,1.85,,14885.660041152863,2009,24.0,0.88
ABRIL,,,0.0,2009,25.0,
ABRIL,,,0.0,2009,26.0,
ABRIL,,,0.0,2009,27.0,
ABRIL,,,0.0,2009,28.0,
ABRIL,,,0.0,2009,29.0,
ABRIL,,,0.0,2009,30.0,
ABRIL,,,,2009,,
ABRIL,,,14855.773129951713,2009,,
ABRIL,,14849.872232518417,,2009,,
AGOSTO,,,0.0,2010,1,
AGOSTO,,,0.0,2010,2,
AGOSTO,,,0.0,2010,3,
AGOSTO,,,0.0,2010,4,
AGOSTO,,,0.0,2010,5,
AGOSTO,,,0.0,2010,6,
AGOSTO,,,0.0,2010,7,
AGOSTO,,,0.0,2010,8,
AGOSTO,,,0.0,2010,9,
AGOSTO,,,0.0,2010,10,
AGOSTO,,,0.0,2010,11,
AGOSTO,,,0.0,2010,12,
AGOSTO,,,0.0,2010,13,
AGOSTO,,,0.0,2010,14,
AGOSTO,,,0.0,2010,15,
AGOSTO,,,0.0,2010,16,
AGOSTO,,,0.0,2010,17,
AGOSTO,,,0.0,2010,18,
AGOSTO,,,0.0,2010,19,
AGOSTO,,,0.0,2010,20,
AGOSTO,,,0.0,2010,21,
AGOSTO,,,0.0,2010,22,
AGOSTO,,,0.0,2010,23,
AGOSTO,,,0.0,2010,24,
AGOSTO,,,0.0,2010,25,
AGOSTO,0.0,0.0,0.0,2010,26,0.0
AGOSTO,0.0,0.0,0.0,2010,27,0.0
AGOSTO,0.0,0.0,0.0,2010,28,0.0
AGOSTO,0.0,0.0,0.0,2010,29,0.0
AGOSTO,0.0,0.0,0.0,2010,30,0.0
AGOSTO,1.75,0.0,5405.764400552285,2010,31,0.3
SEPT,1.85,1.75,8508.636866565617,2010,1,0.47
SEPT,1.8,1.7,9192.625589864288,2010,2,0.52
SEPT,1.6,1.7,8574.950282521168,2010,3,0.52
SEPT,1.75,1.7,9042.16329279107,2010,4,0.52
SEPT,1.73,1.8,8981.272611647331,2010,5,0.52
SEPT,1.83,1.74,9281.73228274687,2010,6,0.52
SEPT,1.95,1.6,10477.504172657944,2010,7,0.57
SEPT,1.75,1.74,9828.099301884191,2010,8,0.57
SEPT,1.5,1.75,10301.812312374353,2010,9,0.67
SEPT,1.75,1.85,11353.477156996863,2010,10,0.67
SEPT,1.8,1.85,11552.327249583173,2010,11,0.67
SEPT,1.9,1.83,12728.250816735166,2010,12,0.72
SEPT,1.85,1.9,12519.918405403021,2010,13,0.72
SEPT,1.85,1.8,12519.918405403021,2010,14,0.72
SEPT,1.83,1.85,14209.039130191366,2010,15,0.84
SEPT,1.9,1.93,14557.473614814726,2010,16,0.84
SEPT,1.88,1.87,14898.036845754428,2010,17,0.87
SEPT,1.95,1.8,15254.621520247032,2010,18,0.87
SEPT,1.97,1.95,15354.98195476886,2010,19,0.87
SEPT,1.97,1.85,15354.98195476886,2010,20,0.87
SEPT,1.87,1.85,14846.397047930846,2010,21,0.87
SEPT,1.86,1.9,14794.577004840765,2010,22,0.87
SEPT,1.93,1.88,15153.59642529424,2010,23,0.87
SEPT,1.86,1.85,14794.577004840765,2010,24,0.87
SEPT,1.86,1.84,14794.577004840765,2010,25,0.87
SEPT,1.84,1.85,14690.388546490849,2010,26,0.87
SEPT,1.8,1.7,14479.762754834159,2010,27,0.87
SEPT,1.27,1.0,10423.457659932576,2010,28,0.78
SEPT,0.96,1.1,6943.830099056238,2010,29,0.6
SEPT,1.2,0.0,8108.646600828426,2010,30,0.6
SEPT,0.0,0.0,0.0,2010,1,0.0
OCT.,1.2,1.33,8108.646600828426,2010,1,0.6
OCT.,1.34,1.36,9568.27615994377,2010,2,0.67
OCT.,1.4,1.46,9849.756051058479,2010,3,0.67
OCT.,1.44,1.4,10033.023040289154,2010,4,0.67
OCT.,1.45,1.75,11319.868894500041,2010,5,0.77
OCT.,1.75,1.75,12815.422208301497,2010,6,0.77
OCT.,1.73,1.78,12721.18988424969,2010,7,0.77
OCT.,1.9,1.85,13501.216747804843,2010,8,0.77
OCT.,1.85,1.77,13276.555197282154,2010,9,0.77
OCT.,1.74,1.86,12768.392977351614,2010,10,0.77
OCT.,1.82,1.84,13139.91462862845,2010,11,0.77
OCT.,1.8,1.9,13048.025986399376,2010,12,0.77
OCT.,1.83,1.96,13481.21111248893,2010,13,0.79
OCT.,1.85,1.83,14309.457617297336,2010,14,0.84
OCT.,1.85,1.9,14309.457617297336,2010,15,0.84
OCT.,1.95,1.92,14801.334358456508,2010,16,0.84
OCT.,1.85,1.85,14309.457617297336,2010,17,0.84
OCT.,1.75,1.84,13800.05999304468,2010,18,0.84
OCT.,1.93,1.85,14704.275381429235,2010,19,0.84
OCT.,1.87,1.8,14409.176298426919,2010,20,0.84
OCT.,1.88,1.73,14458.777740462978,2010,21,0.84
OCT.,1.69,1.65,13485.188278918262,2010,22,0.84
OCT.,1.85,1.9,14309.457617297336,2010,23,0.84
OCT.,1.92,1.93,14655.504847801942,2010,24,0.84
OCT.,1.93,1.94,14704.275381429235,2010,25,0.84
OCT.,1.9,1.87,14557.473614814726,2010,26,0.84
OCT.,1.9,1.45,13957.623664573279,2010,27,0.8
OCT.,1.27,1.24,10629.809492642684,2010,28,0.8
OCT.,1.22,1.24,10319.835652978263,2010,29,0.8
OCT.,1.27,1.27,10629.809492642684,2010,30,0.8
OCT.,1.27,1.27,10629.809492642684,2010,31,0.8
OCT.,1.27,,10629.809492642684,2010,1,0.8
NOV.,1.0,1.59,8827.576300703517,2010,1,0.8
NOV.,1.55,1.75,12221.225991858983,2010,2,0.8
NOV.,1.75,1.8,12528.194302803577,2010,3,0.75
NOV.,1.8,1.88,13484.345533657375,2010,4,0.8
NOV.,1.95,1.95,14188.343818333808,2010,5,0.8
NOV.,1.95,1.9,14801.334358456508,2010,6,0.84
NOV.,1.95,1.88,14801.334358456508,2010,7,0.84
NOV.,1.91,1.84,14606.57147297019,2010,8,0.84
NOV.,1.9,1.93,14557.473614814726,2010,9,0.84
NOV.,1.85,1.85,14598.844789481944,2010,10,0.86
NOV.,1.84,1.77,14547.349585672115,2010,11,0.86
NOV.,1.91,1.92,14904.08012945317,2010,12,0.86
NOV.,1.93,1.94,15004.445439416275,2010,13,0.86
NOV.,1.92,1.97,14954.346984231386,2010,14,0.86
NOV.,1.95,1.93,15104.143848086153,2010,15,0.86
NOV.,1.89,1.94,14803.034353331142,2010,16,0.86
NOV.,1.9,1.94,14853.643165416739,2010,17,0.86
NOV.,1.92,1.89,15250.68664409162,2010,18,0.88
NOV.,1.81,1.85,14672.996826062237,2010,19,0.88
NOV.,1.82,1.81,14726.450543441148,2010,20,0.88
NOV.,1.79,1.8,14565.500896160804,2010,21,0.88
NOV.,1.9,1.85,15147.290966199309,2010,22,0.88
NOV.,1.84,1.75,14832.780087023113,2010,23,0.88
NOV.,1.76,1.75,14402.75276131977,2010,24,0.88
NOV.,1.71,1.89,14127.340101723894,2010,25,0.88
NOV.,1.89,1.95,15095.32755073296,2010,26,0.88
NOV.,1.94,1.85,15353.386031030604,2010,27,0.88
NOV.,1.85,1.87,14885.660041152863,2010,28,0.88
NOV.,1.88,1.95,15043.18464,2010,29,0.88
NOV.,1.92,1.97,15250.68664409162,2010,30,0.88
NOV.,,,0.0,2010,1,
DIC.,1.89,2.0,15240.520451403954,2010,1,0.89
DIC.,1.8,1.93,14758.272402393422,2010,2,0.89
DIC.,1.92,1.99,15397.913822066954,2010,3,0.89
DIC.,1.95,1.97,15553.714556784784,2010,4,0.89
DIC.,1.97,1.95,15656.720414634448,2010,5,0.89
DIC.,1.96,1.95,15605.30247473547,2010,6,0.89
DIC.,1.99,2.0,15759.05300994077,2010,7,0.89
DIC.,1.9,2.0,15293.16489297452,2010,8,0.89
DIC.,1.96,1.96,15605.30247473547,2010,9,0.89
DIC.,1.96,1.98,15605.30247473547,2010,10,0.89
DIC.,1.92,1.92,15397.913822066954,2010,11,0.89
DIC.,1.93,1.99,15450.021970400128,2010,12,0.89
DIC.,1.99,1.96,15759.05300994077,2010,13,0.89
DIC.,1.85,1.92,15028.098628019376,2010,14,0.89
DIC.,1.87,1.85,15134.68222334285,2010,15,0.89
DIC.,1.93,1.95,15450.021970400128,2010,16,0.89
DIC.,1.94,1.96,15501.95496380675,2010,17,0.89
DIC.,1.92,1.94,15397.913822066954,2010,18,0.89
DIC.,1.92,1.93,15397.913822066954,2010,19,0.89
DIC.,1.9,1.89,15293.16489297452,2010,20,0.89
DIC.,1.92,1.83,15397.913822066954,2010,21,0.89
DIC.,1.89,1.88,15240.520451403954,2010,22,0.89
DIC.,1.88,1.85,15187.693531791327,2010,23,0.89
DIC.,1.82,1.9,14866.790572660246,2010,24,0.89
DIC.,1.89,1.85,15240.520451403954,2010,25,0.89
DIC.,1.81,1.82,14812.63086414069,2010,26,0.89
DIC.,1.82,1.75,14866.790572660246,2010,27,0.89
DIC.,1.76,1.79,14538.806314380245,2010,28,0.89
DIC.,1.79,1.9,14703.7129830938,2010,29,0.89
DIC.,1.89,1.9,15240.520451403954,2010,30,0.89
DIC.,1.95,1.75,15553.714556784784,2010,31,0.89
ENERO,1.86,1.93,15081.484581682398,2010,1.0,0.89
ENERO,1.93,1.9,15450.021970400128,2010,2.0,0.89
ENERO,1.9,1.9,15293.16489297452,2010,3.0,0.89
ENERO,1.92,1.92,15397.913822066954,2010,4.0,0.89
ENERO,1.9,1.92,15293.16489297452,2010,5.0,0.89
ENERO,1.99,1.9,15759.05300994077,2010,6.0,0.89
ENERO,1.92,1.91,15397.913822066954,2010,7.0,0.89
ENERO,1.9,1.89,15293.16489297452,2010,8.0,0.89
ENERO,1.85,1.89,15028.098628019376,2010,9.0,0.89
ENERO,1.88,1.85,15187.693531791327,2010,10.0,0.89
ENERO,1.94,1.9,15501.95496380675,2010,11.0,0.89
ENERO,1.85,1.98,15028.098628019376,2010,12.0,0.89
ENERO,1.9,1.89,15293.16489297452,2010,13.0,0.89
ENERO,1.99,1.97,15759.05300994077,2010,14.0,0.89
ENERO,1.9,1.9,15293.16489297452,2010,15.0,0.89
ENERO,1.91,1.98,15345.628734520931,2010,16.0,0.89
ENERO,1.98,1.97,15707.970045683087,2010,17.0,0.89
ENERO,1.97,1.92,15656.720414634448,2010,18.0,0.89
ENERO,1.85,1.97,15028.098628019376,2010,19.0,0.89
ENERO,1.94,1.93,15501.95496380675,2010,20.0,0.89
ENERO,1.93,1.89,15450.021970400128,2010,21.0,0.89
ENERO,1.88,1.9,15187.693531791327,2010,22.0,0.89
ENERO,1.92,1.88,15397.913822066954,2010,23.0,0.89
ENERO,1.89,1.92,15240.520451403954,2010,24.0,0.89
ENERO,1.9,1.98,15293.16489297452,2010,25.0,0.89
ENERO,1.96,1.95,15605.30247473547,2010,26.0,0.89
ENERO,1.95,1.9,15553.714556784784,2010,27.0,0.89
ENERO,1.97,1.97,15656.720414634448,2010,28.0,0.89
ENERO,1.94,1.92,15501.95496380675,2010,29.0,0.89
ENERO,1.85,1.89,15028.098628019376,2010,30.0,0.89
ENERO,1.92,1.85,15397.913822066954,2010,31.0,0.89
ENERO,,,15374.532346708282,2010,,
ENERO,,15381.433841639613,,2010,,
FEB,1.95,1.95,15553.714556784784,2010,1.0,0.89
FEB,1.9,1.96,15293.16489297452,2010,2.0,0.89
FEB,1.92,1.99,15397.913822066954,2010,3.0,0.89
FEB,1.89,1.9,15240.520451403954,2010,4.0,0.89
FEB,1.92,1.89,15397.913822066954,2010,5.0,0.89
FEB,1.95,1.94,15553.714556784784,2010,6.0,0.89
FEB,1.94,1.97,15501.95496380675,2010,7.0,0.89
FEB,1.99,1.96,15759.05300994077,2010,8.0,0.89
FEB,1.9,1.92,15293.16489297452,2010,9.0,0.89
FEB,1.93,1.9,15450.021970400128,2010,10.0,0.89
FEB,1.9,1.94,15293.16489297452,2010,11.0,0.89
FEB,1.94,1.98,15501.95496380675,2010,12.0,0.89
FEB,2.03,1.9,15961.750124165825,2010,13.0,0.89
FEB,1.95,1.93,15553.714556784784,2010,14.0,0.89
FEB,1.92,2.0,15397.913822066954,2010,15.0,0.89
FEB,1.92,1.9,15397.913822066954,2010,16.0,0.89
FEB,1.92,1.95,15397.913822066954,2010,17.0,0.89
FEB,1.89,1.98,15240.520451403954,2010,18.0,0.89
FEB,1.9,1.93,15293.16489297452,2010,19.0,0.89
FEB,1.99,1.95,15759.05300994077,2010,20.0,0.89
FEB,1.99,1.9,15759.05300994077,2010,21.0,0.89
FEB,1.94,1.97,15501.95496380675,2010,22.0,0.89
FEB,1.87,1.92,15134.68222334285,2010,23.0,0.89
FEB,1.9,1.92,15293.16489297452,2010,24.0,0.89
FEB,1.89,1.9,15240.520451403954,2010,25.0,0.89
FEB,1.96,1.95,15605.30247473547,2010,26.0,0.89
FEB,1.87,1.9,15134.68222334285,2010,27.0,0.89
FEB,1.95,1.88,15553.714556784784,2010,28.0,0.89
FEB,,,,2010,,
FEB,,,,2010,,
FEB,,,,2010,,
FEB,,,15445.045574778143,2010,,
FEB,,15460.057280224006,,2010,,
MAR,1.88,1.89,15187.693531791327,2010,1,0.89
MAR,1.9,1.93,15293.16489297452,2010,2,0.89
MAR,1.9,1.9,15293.16489297452,2010,3,0.89
MAR,1.89,1.93,15240.520451403954,2010,4,0.89
MAR,1.88,1.89,15187.693531791327,2010,5,0.89
MAR,1.94,1.96,15501.95496380675,2010,6,0.89
MAR,1.99,1.84,15759.05300994077,2010,7,0.89
MAR,1.9,1.76,14408.447455541693,2010,8,0.83
MAR,1.88,1.79,14311.091965901542,2010,9,0.83
MAR,1.85,1.8,14163.804080209888,2010,10,0.83
MAR,1.87,1.84,14262.16501254927,2010,11,0.83
MAR,1.88,1.75,14311.091965901542,2010,12,0.83
MAR,1.8,1.76,13914.860184925854,2010,13,0.83
MAR,1.84,1.79,14114.366567836589,2010,14,0.83
MAR,1.8,1.8,13914.860184925854,2010,15,0.83
MAR,1.87,1.81,14262.16501254927,2010,16,0.83
MAR,1.8,1.85,13914.860184925854,2010,17,0.83
MAR,1.8,1.09,13914.860184925854,2010,18,0.83
MAR,1.0,0.98,9043.403179194542,2010,19,0.83
MAR,0.98,0.97,8887.470744753635,2010,20,0.83
MAR,0.95,0.95,8648.302087978333,2010,21,0.83
MAR,0.96,0.95,0.0,2010,22,0.0
MAR,0.94,0.9,0.0,2010,23,0.0
MAR,0.9,0.95,0.0,2010,24,0.0
MAR,1.0,1.04,0.0,2010,25,0.0
MAR,1.0,1.4,8039.528631254546,2010,26,0.7
MAR,1.4,1.4,8964.446110846202,2010,27,0.6
MAR,1.45,1.95,9165.919493894236,2010,28,0.6
MAR,1.85,1.93,11434.683448890328,2010,29,0.65
MAR,1.75,1.87,11053.419601317812,2010,30,0.65
MAR,1.75,1.9,11053.419601317812,2010,31,0.65
MAR,,,,2010,,
MAR,,,,2010,"* el km.89 quedó en 0,83 desde el 07/03 a la tarde",
MAR,,,,2010,"* el km.89 quedó en 0,70 desde el 25/03 a la tarde (8283 l/s)",
MAR,,,,2010,,
MAR,,,,2010,,
MAR,,,,2010,,
MAR,,,,2010,,
MAR,,,,2010,,
MAR,,,,2010,,
MAR,,,,2010,,
MAR,,,,2010,,
MAR,,,,2010,,
MAR,,,,2010,,
MAR,,,,2010,,
MAR,,,,2010,,
MAR,,,,2010,,
MAR,,,,2010,,
MAR,,,,2010,,
MAR,,,,2010,,
MAR,,,,2010,,
MAR,,,,2010,,
MAR,,,,2010,,
MAR,,,,2010,,
MAR,,,,2010,,
MAR,,,,2010,,
ABRIL,1.84,1.84,11397.131020874222,2010,1.0,0.65
ABRIL,1.82,1.95,11321.652501656617,2010,2.0,0.65
ABRIL,1.84,1.96,11397.131020874222,2010,3.0,0.65
ABRIL,1.85,1.89,11434.683448890328,2010,4.0,0.65
ABRIL,1.85,1.9,11434.683448890328,2010,5.0,0.65
ABRIL,1.84,1.89,11397.131020874222,2010,6.0,0.65
ABRIL,1.94,1.89,11767.263751633302,2010,7.0,0.65
ABRIL,1.83,1.87,11359.454451584394,2010,8.0,0.65
ABRIL,1.85,1.9,11434.683448890328,2010,9.0,0.65
ABRIL,1.92,1.95,11694.174449776143,2010,10.0,0.65
ABRIL,1.94,1.85,11767.263751633302,2010,11.0,0.65
ABRIL,1.85,1.84,11434.683448890328,2010,12.0,0.65
ABRIL,1.85,1.95,11434.683448890328,2010,13.0,0.65
ABRIL,1.95,1.92,11803.638687703722,2010,14.0,0.65
ABRIL,1.85,1.86,11434.683448890328,2010,15.0,0.65
ABRIL,1.84,1.82,11397.131020874222,2010,16.0,0.65
ABRIL,1.86,1.86,11472.112954712367,2010,17.0,0.65
ABRIL,1.88,1.68,11546.607977427193,2010,18.0,0.65
ABRIL,1.65,1.78,10658.526361053258,2010,19.0,0.65
ABRIL,1.65,1.69,10658.526361053258,2010,20.0,0.65
ABRIL,1.65,1.66,10658.526361053258,2010,21.0,0.65
ABRIL,1.8,1.7,11245.667398138787,2010,22.0,0.65
ABRIL,1.73,1.59,10975.57764967707,2010,23.0,0.65
ABRIL,1.6,1.6,10455.48821636285,2010,24.0,0.65
ABRIL,1.6,1.6,10455.48821636285,2010,25.0,0.65
ABRIL,1.32,,9236.358151383018,2010,26.0,0.65
ABRIL,,,0.0,2010,27.0,
ABRIL,,,0.0,2010,28.0,
ABRIL,,,0.0,2010,29.0,
ABRIL,,,0.0,2010,30.0,
ABRIL,,,,2010,,
ABRIL,,,11202.805846848085,2010,,
ABRIL,,11253.187522253585,,2010,,
AGOSTO,,,0.0,2011,1,
AGOSTO,,,0.0,2011,2,
AGOSTO,,,0.0,2011,3,
AGOSTO,,,0.0,2011,4,
AGOSTO,,,0.0,2011,5,
AGOSTO,,,0.0,2011,6,
AGOSTO,,,0.0,2011,7,
AGOSTO,,,0.0,2011,8,
AGOSTO,,,0.0,2011,9,
AGOSTO,,,0.0,2011,10,
AGOSTO,,,0.0,2011,11,
AGOSTO,,,0.0,2011,12,
AGOSTO,,,0.0,2011,13,
AGOSTO,,,0.0,2011,14,
AGOSTO,,,0.0,2011,15,
AGOSTO,,,0.0,2011,16,
AGOSTO,,,0.0,2011,17,
AGOSTO,,,0.0,2011,18,
AGOSTO,,,0.0,2011,19,
AGOSTO,,,0.0,2011,20,
AGOSTO,,,0.0,2011,21,
AGOSTO,,,0.0,2011,22,
AGOSTO,,,0.0,2011,23,
AGOSTO,,,0.0,2011,24,
AGOSTO,,,0.0,2011,25,
AGOSTO,,,0.0,2011,26,
AGOSTO,,,0.0,2011,27,
AGOSTO,,,0.0,2011,28,
AGOSTO,,,0.0,2011,29,
AGOSTO,,,0.0,2011,30,
AGOSTO,,,0.0,2011,31,
SEPT,1.8,1.75,3534.2043776678333,2011,1.0,0.19
SEPT,1.95,1.75,4996.718805331975,2011,2.0,0.26
SEPT,1.85,1.78,6102.246688037351,2011,3.0,0.33
SEPT,1.8,1.8,7878.745785722034,2011,4.0,0.44
SEPT,1.85,1.75,8002.438524881948,2011,5.0,0.44
SEPT,1.72,1.75,7676.693015515302,2011,6.0,0.44
SEPT,1.9,1.88,9654.073834113653,2011,7.0,0.53
SEPT,1.78,1.8,9293.045293943595,2011,8.0,0.53
SEPT,1.89,1.86,9624.505391512264,2011,9.0,0.53
SEPT,1.95,1.79,9800.578014120596,2011,10.0,0.53
SEPT,1.8,1.85,9354.184409227008,2011,11.0,0.53
SEPT,1.86,1.89,9699.92083558355,2011,12.0,0.54
SEPT,2.0,1.8,10462.322869782862,2011,13.0,0.56
SEPT,1.75,1.84,11353.477156996863,2011,14.0,0.67
SEPT,1.99,1.84,11781.865956832466,2011,15.0,0.64
SEPT,1.74,1.74,12194.109121395482,2011,16.0,0.73
SEPT,1.95,1.9,13408.413984438277,2011,17.0,0.75
SEPT,1.85,1.79,14017.51296,2011,18.0,0.82
SEPT,1.85,1.79,14017.51296,2011,19.0,0.82
SEPT,1.95,1.95,14496.063430170607,2011,20.0,0.82
SEPT,2.0,1.95,14729.509416997242,2011,21.0,0.82
SEPT,1.9,1.96,14705.872751412258,2011,22.0,0.85
SEPT,1.95,1.99,14953.047587010426,2011,23.0,0.85
SEPT,1.96,1.98,15001.993863854634,2011,24.0,0.85
SEPT,1.95,1.95,14953.047587010426,2011,25.0,0.85
SEPT,1.95,1.87,14953.047587010426,2011,26.0,0.85
SEPT,1.95,1.95,15104.143848086153,2011,27.0,0.86
SEPT,1.95,1.95,15104.143848086153,2011,28.0,0.86
SEPT,1.87,1.95,14701.294080000001,2011,29.0,0.86
SEPT,1.91,1.87,14904.08012945317,2011,30.0,0.86
SEPT,,,0.0,2011,1.0,
SEPT,,,,2011,,
SEPT,,,11548.627137139816,2011,,
SEPT,,11508.321701097662,,2011,,
OCT.,1.9,1.95,14853.643165416739,2011,1.0,0.86
OCT.,1.91,1.91,14904.08012945317,2011,2.0,0.86
OCT.,1.88,1.92,14752.25192457994,2011,3.0,0.86
OCT.,1.9,1.92,14853.643165416739,2011,4.0,0.86
OCT.,1.91,1.94,14904.08012945317,2011,5.0,0.86
OCT.,1.94,1.95,15054.37717622517,2011,6.0,0.86
OCT.,1.94,1.68,15054.37717622517,2011,7.0,0.86
OCT.,1.45,1.75,12372.982680106099,2011,8.0,0.86
OCT.,1.79,1.75,14287.089762075666,2011,9.0,0.86
OCT.,1.65,1.58,13531.75837778649,2011,10.0,0.86
OCT.,1.55,1.55,12965.322695502035,2011,11.0,0.86
OCT.,1.3,1.3,11427.045204590884,2011,12.0,0.86
OCT.,1.3,1.32,11427.045204590884,2011,13.0,0.86
OCT.,1.31,1.33,11492.530240438482,2011,14.0,0.86
OCT.,1.33,0.0,11622.393461187412,2011,15.0,0.86
OCT.,0.0,0.0,0.0,2011,16.0,0.0
OCT.,0.0,1.7,,2011,17.0,0.86
OCT.,1.15,1.3,10395.384736185646,2011,18.0,0.86
OCT.,1.15,1.35,10395.384736185646,2011,19.0,0.86
OCT.,1.38,1.38,11940.874166693124,2011,20.0,0.86
OCT.,1.38,1.39,11940.874166693124,2011,21.0,0.86
OCT.,1.34,1.33,11686.783945392392,2011,22.0,0.86
OCT.,1.34,1.36,11686.783945392392,2011,23.0,0.86
OCT.,1.4,1.31,12065.912908025573,2011,24.0,0.86
OCT.,1.5,1.5,12672.614035799907,2011,25.0,0.86
OCT.,1.59,1.58,13194.815249825137,2011,26.0,0.86
OCT.,1.73,1.69,13142.914279090171,2011,27.0,0.8
OCT.,1.9,1.95,13957.623664573279,2011,28.0,0.8
OCT.,2.05,1.85,15593.077104278469,2011,29.0,0.86
OCT.,1.83,1.93,14495.671448681678,2011,30.0,0.86
OCT.,1.85,1.85,14598.844789481944,2011,31.0,0.86
OCT.,1.75,1.83,14075.417471289777,2011,1.0,0.86
OCT.,,,,2011,,
OCT.,,,,2011,,
OCT.,,,,2011,,
OCT.,,,,2011,,
OCT.,,,,2011,,
OCT.,,,,2011,,
OCT.,,,,2011,,
OCT.,,,,2011,,
OCT.,,,,2011,,
OCT.,,,,2011,,
OCT.,,,,2011,,
OCT.,,,,2011,,
OCT.,,,,2011,,
OCT.,,,,2011,,
OCT.,,,,2011,,
OCT.,,,,2011,,
OCT.,,,,2011,,
OCT.,,,,2011,,
OCT.,,,,2011,,
OCT.,,,,2011,,
OCT.,,,,2011,,
OCT.,,,,2011,,
OCT.,,,,2011,,
OCT.,,,,2011,,
OCT.,,,,2011,,
OCT.,,,,2011,,
OCT.,,,,2011,,
OCT.,,,,2011,,
OCT.,,,,2011,,
OCT.,,,,2011,,
OCT.,,,,2011,,
OCT.,,,,2011,,
OCT.,,,,2011,,
OCT.,,,,2011,,
OCT.,,,,2011,,
OCT.,,,,2011,,
OCT.,,,,2011,,
OCT.,,,,2011,,
OCT.,,,,2011,,
OCT.,,,,2011,,
OCT.,,,,2011,,
OCT.,,,,2011,,
OCT.,,,,2011,,
OCT.,,,,2011,,
OCT.,,,,2011,,
NOV.,1.75,1.83,14075.417471289777,2011,1.0,0.86
NOV.,1.89,1.85,14803.034353331142,2011,2.0,0.86
NOV.,1.73,1.83,13968.378522642866,2011,3.0,0.86
NOV.,1.76,1.85,14128.632850021935,2011,4.0,0.86
NOV.,1.79,1.85,14287.089762075666,2011,5.0,0.86
NOV.,1.85,1.87,14598.844789481944,2011,6.0,0.86
NOV.,1.8,1.79,14339.519625469915,2011,7.0,0.86
NOV.,1.92,1.92,15544.510289389613,2011,8.0,0.9
NOV.,1.85,1.94,15169.888725364548,2011,9.0,0.9
NOV.,1.89,1.93,15385.0752,2011,10.0,0.9
NOV.,1.82,1.85,15006.47402665456,2011,11.0,0.9
NOV.,1.82,1.87,15006.47402665456,2011,12.0,0.9
NOV.,1.85,1.89,15169.888725364548,2011,13.0,0.9
NOV.,1.86,1.75,15223.970496633607,2011,14.0,0.9
NOV.,1.75,1.75,14618.070546951838,2011,15.0,0.9
NOV.,1.82,1.99,15006.47402665456,2011,16.0,0.9
NOV.,1.9,1.88,15438.403176885982,2011,17.0,0.9
NOV.,1.89,1.79,15385.0752,2011,18.0,0.9
NOV.,1.6,1.93,13748.879240841357,2011,19.0,0.9
NOV.,2.0,1.9,15961.886795625536,2011,20.0,0.9
NOV.,1.96,1.95,15754.580765817038,2011,21.0,0.9
NOV.,1.94,1.99,15649.898006753774,2011,22.0,0.9
NOV.,1.89,1.98,15385.0752,2011,23.0,0.9
NOV.,1.95,1.99,15850.31350231926,2011,24.0,0.91
NOV.,1.98,1.94,16008.556828446457,2011,25.0,0.91
NOV.,1.97,1.96,15955.983429223907,2011,26.0,0.91
NOV.,1.98,1.99,16008.556828446457,2011,27.0,0.91
NOV.,1.93,1.96,15743.9343573943,2011,28.0,0.91
NOV.,1.97,1.94,15955.983429223907,2011,29.0,0.91
NOV.,1.95,1.98,15850.31350231926,2011,30.0,0.91
NOV.,1.95,,15850.31350231926,2011,1.0,0.91
NOV.,,,15189.66120011605,2011,,
NOV.,,15257.469688211535,,2011,,
DIC.,1.95,1.89,15850.31350231926,2011,1.0,0.91
DIC.,1.88,1.85,15474.787441844936,2011,2.0,0.91
DIC.,1.87,1.91,15420.394347562902,2011,3.0,0.91
DIC.,1.87,1.92,15420.394347562902,2011,4.0,0.91
DIC.,1.88,1.79,15474.787441844936,2011,5.0,0.91
DIC.,1.77,1.84,14865.521063018,2011,6.0,0.91
DIC.,1.8,1.84,15034.133499567819,2011,7.0,0.91
DIC.,1.8,1.84,15034.133499567819,2011,8.0,0.91
DIC.,1.84,1.76,15256.051528051237,2011,9.0,0.91
DIC.,1.81,1.78,15089.918973233724,2011,10.0,0.91
DIC.,1.76,1.84,14808.89030073152,2011,11.0,0.91
DIC.,1.8,1.81,15034.133499567819,2011,12.0,0.91
DIC.,1.79,1.85,14978.140256617156,2011,13.0,0.91
DIC.,1.79,1.9,14978.140256617156,2011,14.0,0.91
DIC.,1.86,1.86,15365.808709547899,2011,15.0,0.91
DIC.,1.9,1.84,15583.00405705348,2011,16.0,0.91
DIC.,1.85,1.92,15311.02846847612,2011,17.0,0.91
DIC.,1.9,1.89,15583.00405705348,2011,18.0,0.91
DIC.,1.89,1.95,15528.990015651807,2011,19.0,0.91
DIC.,1.95,1.9,15850.31350231926,2011,20.0,0.91
DIC.,1.85,1.89,15311.02846847612,2011,21.0,0.91
DIC.,1.88,1.94,15474.787441844936,2011,22.0,0.91
DIC.,1.85,1.84,15311.02846847612,2011,23.0,0.91
DIC.,1.85,1.92,15311.02846847612,2011,24.0,0.91
DIC.,1.88,1.9,15474.787441844936,2011,25.0,0.91
DIC.,1.94,1.92,15797.21347535294,2011,26.0,0.91
DIC.,1.87,1.85,15420.394347562902,2011,27.0,0.91
DIC.,1.85,1.83,15311.02846847612,2011,28.0,0.91
DIC.,1.85,1.85,15311.02846847612,2011,29.0,0.91
DIC.,1.81,1.84,15089.918973233724,2011,30.0,0.91
DIC.,1.82,1.85,15145.498973447226,2011,31.0,0.91
DIC.,,,15319.342960125055,2011,,
DIC.,,15356.076204758367,,2011,,
ENERO,1.82,1.87,15145.498973447226,2011,1.0,0.91
ENERO,1.86,1.8,15365.808709547899,2011,2.0,0.91
ENERO,1.8,1.75,15034.133499567819,2011,3.0,0.91
ENERO,1.73,1.85,14372.007605234718,2011,4.0,0.89
ENERO,1.88,1.84,15187.693531791327,2011,5.0,0.89
ENERO,1.85,1.78,15028.098628019376,2011,6.0,0.89
ENERO,1.89,1.89,15240.520451403954,2011,7.0,0.89
ENERO,1.85,1.89,15028.098628019376,2011,8.0,0.89
ENERO,1.97,1.91,15656.720414634448,2011,9.0,0.89
ENERO,1.92,1.98,15397.913822066954,2011,10.0,0.89
ENERO,1.98,1.92,15707.970045683087,2011,11.0,0.89
ENERO,1.98,1.95,15707.970045683087,2011,12.0,0.89
ENERO,1.92,1.9,15397.913822066954,2011,13.0,0.89
ENERO,1.94,1.92,15501.95496380675,2011,14.0,0.89
ENERO,1.88,1.84,15187.693531791327,2011,15.0,0.89
ENERO,1.89,1.93,15240.520451403954,2011,16.0,0.89
ENERO,2.0,2.0,15809.97092293877,2011,17.0,0.89
ENERO,2.0,2.0,15809.97092293877,2011,18.0,0.89
ENERO,2.0,1.96,15809.97092293877,2011,19.0,0.89
ENERO,1.95,1.97,15553.714556784784,2011,20.0,0.89
ENERO,1.75,1.82,14483.420184231927,2011,21.0,0.89
ENERO,1.28,1.0,11585.348763539656,2011,22.0,0.89
ENERO,0.8,1.3,7554.053408511006,2011,23.0,0.89
ENERO,1.25,1.38,11375.325029673284,2011,24.0,0.89
ENERO,1.5,1.7,13022.432179967924,2011,25.0,0.89
ENERO,1.85,1.8,15028.098628019376,2011,26.0,0.89
ENERO,1.85,1.85,15028.098628019376,2011,27.0,0.89
ENERO,1.79,1.8,14703.7129830938,2011,28.0,0.89
ENERO,1.84,1.87,14974.522348289833,2011,29.0,0.89
ENERO,1.93,1.8,15450.021970400128,2011,30.0,0.89
ENERO,1.95,1.94,15553.714556784784,2011,31.0,0.89
ENERO,,,14707.835262267756,2011,,
ENERO,,14753.587973458063,,2011,,
FEB,1.8,1.91,14758.272402393422,2011,1.0,0.89
FEB,1.97,1.9,15656.720414634448,2011,2.0,0.89
FEB,1.93,1.9,15450.021970400128,2011,3.0,0.89
FEB,1.9,1.91,15293.16489297452,2011,4.0,0.89
FEB,1.92,1.9,15397.913822066954,2011,5.0,0.89
FEB,1.96,1.79,15605.30247473547,2011,6.0,0.89
FEB,1.99,1.88,15759.05300994077,2011,7.0,0.89
FEB,1.9,1.95,15293.16489297452,2011,8.0,0.89
FEB,1.9,1.91,15293.16489297452,2011,9.0,0.89
FEB,1.89,1.94,15240.520451403954,2011,10.0,0.89
FEB,1.85,1.75,15028.098628019376,2011,11.0,0.89
FEB,1.7,1.77,14203.250197148052,2011,12.0,0.89
FEB,1.75,1.72,14483.420184231927,2011,13.0,0.89
FEB,1.72,1.78,14315.976173173745,2011,14.0,0.89
FEB,1.79,1.85,14703.7129830938,2011,15.0,0.89
FEB,1.87,1.94,15134.68222334285,2011,16.0,0.89
FEB,1.94,1.86,15501.95496380675,2011,17.0,0.89
FEB,1.7,1.67,14203.250197148052,2011,18.0,0.89
FEB,1.5,1.43,13022.432179967924,2011,19.0,0.89
FEB,1.4,1.38,12389.893128732107,2011,20.0,0.89
FEB,1.4,1.4,12389.893128732107,2011,21.0,0.89
FEB,1.42,1.35,12518.957998551447,2011,22.0,0.89
FEB,1.35,1.39,12061.190143230995,2011,23.0,0.89
FEB,1.35,1.49,12061.190143230995,2011,24.0,0.89
FEB,1.43,1.4,12582.994007132856,2011,25.0,0.89
FEB,1.39,1.4,12324.85387042609,2011,26.0,0.89
FEB,1.39,1.38,12324.85387042609,2011,27.0,0.89
FEB,1.41,1.4,12454.59274948198,2011,28.0,0.89
FEB,1.38,1.5,12259.46956900301,2011,29.0,0.89
FEB,1.42,1.38,12518.957998551447,2011,1.0,0.89
FEB,,,,2011,,
FEB,,,14007.697452064342,2011,,
FEB,,14001.178833498063,,2011,,
MAR,1.42,1.38,12518.957998551447,2011,1.0,0.89
MAR,1.4,1.45,12389.893128732107,2011,2.0,0.89
MAR,1.35,1.42,12061.190143230995,2011,3.0,0.89
MAR,1.45,1.5,12710.098182611871,2011,4.0,0.89
MAR,1.45,1.38,12710.098182611871,2011,5.0,0.89
MAR,1.4,1.42,12389.893128732107,2011,6.0,0.89
MAR,1.5,1.5,13022.432179967924,2011,7.0,0.89
MAR,1.45,1.44,12710.098182611871,2011,8.0,0.89
MAR,1.6,1.39,13625.638628054288,2011,9.0,0.89
MAR,1.3,1.3,11723.27444022966,2011,10.0,0.89
MAR,1.29,1.15,11654.515639308907,2011,11.0,0.89
MAR,1.14,1.2,10569.593302308482,2011,12.0,0.89
MAR,1.29,1.08,11654.515639308907,2011,13.0,0.89
MAR,1.04,1.45,9779.673534210804,2011,14.0,0.89
MAR,1.36,1.5,8799.946886137312,2011,15.0,0.6
MAR,1.4,1.39,8964.446110846202,2011,16.0,0.6
MAR,1.39,1.5,8923.605597257681,2011,17.0,0.6
MAR,1.53,1.55,9479.374342191897,2011,18.0,0.6
MAR,1.5,1.54,9363.058595503671,2011,19.0,0.6
MAR,1.55,1.55,9556.131662818381,2011,20.0,0.6
MAR,1.5,1.52,9363.058595503671,2011,21.0,0.6
MAR,1.49,1.45,9323.964234378971,2011,22.0,0.6
MAR,1.42,1.43,10066.920949318988,2011,23.0,0.68
MAR,1.42,1.45,10066.920949318988,2011,24.0,0.68
MAR,1.46,1.6,10251.650503420213,2011,25.0,0.68
MAR,1.65,1.63,11087.162897033599,2011,26.0,0.68
MAR,1.7,1.72,11873.008083490848,2011,27.0,0.72
MAR,1.83,,12887.498505315605,2011,28.0,0.75
MAR,,,0.0,2011,29.0,
MAR,,,0.0,2011,30.0,
MAR,,,0.0,2011,31.0,
MAR,,,11054.522150821691,2011,,
MAR,,11055.488147394386,,2011,,
ABRIL,,,0.0,2011,1.0,
ABRIL,,,0.0,2011,2.0,
ABRIL,1.76,1.72,13290.316057744807,2011,3.0,0.8
ABRIL,1.65,1.85,13007.70151903266,2011,4.0,0.82
ABRIL,1.8,1.89,13772.003372417796,2011,5.0,0.82
ABRIL,1.95,1.79,14496.063430170607,2011,6.0,0.82
ABRIL,1.73,1.95,13420.746891229788,2011,7.0,0.82
ABRIL,1.76,1.81,13572.398562331657,2011,8.0,0.82
ABRIL,1.8,1.82,13772.003372417796,2011,9.0,0.82
ABRIL,1.88,1.87,14162.776041443867,2011,10.0,0.82
ABRIL,1.89,1.96,14210.867100176281,2011,11.0,0.82
ABRIL,1.92,1.95,14354.1735866333,2011,12.0,0.82
ABRIL,1.99,1.93,14683.117146118338,2011,13.0,0.82
ABRIL,1.96,1.97,14543.052413792153,2011,14.0,0.82
ABRIL,1.76,1.97,13572.398562331657,2011,15.0,0.82
ABRIL,1.95,1.94,14496.063430170607,2011,16.0,0.82
ABRIL,1.93,1.97,14401.625529570518,2011,17.0,0.82
ABRIL,1.95,1.91,14496.063430170607,2011,18.0,0.82
ABRIL,1.9,1.92,14258.795961708996,2011,19.0,0.82
ABRIL,1.88,1.95,14162.776041443867,2011,20.0,0.82
ABRIL,1.95,1.95,14496.063430170607,2011,21.0,0.82
ABRIL,1.94,1.95,14448.921635636114,2011,22.0,0.82
ABRIL,1.95,1.94,14496.063430170607,2011,23.0,0.82
ABRIL,1.94,1.93,14448.921635636114,2011,24.0,0.82
ABRIL,1.9,1.8,13806.106179617953,2011,25.0,0.79
ABRIL,1.79,1.6,7687.490684411279,2011,26.0,0.43
ABRIL,1.63,,3524.127228203931,2011,27.0,0.2
ABRIL,,,0.0,2011,28.0,
ABRIL,,,0.0,2011,29.0,
ABRIL,,,0.0,2011,30.0,
ABRIL,,,,2011,,
ABRIL,,,13423.225466910075,2011,,
ABRIL,,13681.491767249241,,2011,,
AGOSTO,,,0.0,2012,1,
AGOSTO,,,0.0,2012,2,
AGOSTO,,,0.0,2012,3,
AGOSTO,,,0.0,2012,4,
AGOSTO,,,0.0,2012,5,
AGOSTO,,,0.0,2012,6,
AGOSTO,,,0.0,2012,7,
AGOSTO,,,0.0,2012,8,
AGOSTO,,,0.0,2012,9,
AGOSTO,,,0.0,2012,10,
AGOSTO,,,0.0,2012,11,
AGOSTO,,,0.0,2012,12,
AGOSTO,,,0.0,2012,13,
AGOSTO,,,0.0,2012,14,
AGOSTO,,,0.0,2012,15,
AGOSTO,,,0.0,2012,16,
AGOSTO,,,0.0,2012,17,
AGOSTO,,,0.0,2012,18,
AGOSTO,,,0.0,2012,19,
AGOSTO,,,0.0,2012,20,
AGOSTO,,,0.0,2012,21,
AGOSTO,,,0.0,2012,22,
AGOSTO,,,0.0,2012,23,
AGOSTO,,,0.0,2012,24,
AGOSTO,,,0.0,2012,25,
AGOSTO,,,0.0,2012,26,
AGOSTO,,,0.0,2012,27,
AGOSTO,,,0.0,2012,28,
AGOSTO,,,0.0,2012,29,
AGOSTO,,,0.0,2012,30,
AGOSTO,,,0.0,2012,31,
SEPT,1.6,1.7,5951.841323786514,2012,1.0,0.35
SEPT,1.75,1.7,6257.25985940453,2012,2.0,0.35
SEPT,1.71,1.75,8290.40548767446,2012,3.0,0.48
SEPT,1.65,1.65,8119.450931537924,2012,4.0,0.48
SEPT,1.55,1.75,7826.232633200187,2012,5.0,0.48
SEPT,1.58,1.78,7915.338722327231,2012,6.0,0.48
SEPT,1.95,1.68,10140.186975451057,2012,7.0,0.55
SEPT,1.67,1.63,9253.918305122934,2012,8.0,0.55
SEPT,1.85,1.9,9832.836921921406,2012,9.0,0.55
SEPT,1.9,1.85,9987.694274210844,2012,10.0,0.55
SEPT,1.95,1.7,10979.159399125161,2012,11.0,0.6
SEPT,1.62,1.45,10537.172959632406,2012,12.0,0.65
SEPT,1.42,1.38,9689.386595350044,2012,13.0,0.65
SEPT,1.86,1.92,11472.112954712367,2012,14.0,0.65
SEPT,1.84,1.99,11397.131020874222,2012,15.0,0.65
SEPT,1.96,1.94,12166.827570402296,2012,16.0,0.67
SEPT,1.95,1.89,12129.333405529711,2012,17.0,0.67
SEPT,1.75,1.74,11353.477156996863,2012,18.0,0.67
SEPT,1.73,1.7,11272.955026240663,2012,19.0,0.67
SEPT,1.98,1.97,12731.152198675823,2012,20.0,0.7
SEPT,1.8,1.85,13194.107763749125,2012,21.0,0.78
SEPT,1.81,1.86,13240.812716041763,2012,22.0,0.78
SEPT,1.84,1.83,13379.949419967852,2012,23.0,0.78
SEPT,1.84,1.87,13379.949419967852,2012,24.0,0.78
SEPT,1.83,1.84,13333.731839999999,2012,25.0,0.78
SEPT,1.83,1.83,14064.755284040888,2012,26.0,0.83
SEPT,1.81,1.81,13965.003987730968,2012,27.0,0.83
SEPT,1.8,1.85,13914.860184925854,2012,28.0,0.83
SEPT,1.82,1.85,14014.968383433797,2012,29.0,0.83
SEPT,1.82,1.9,14014.968383433797,2012,30.0,0.83
SEPT,1.9,1.88,14408.447455541693,2012,1.0,0.83
SEPT,,,11232.755760032587,2012,,
SEPT,,11235.6614468174,,2012,,
OCT.,1.9,1.88,14408.447455541693,2012,1.0,0.83
OCT.,1.98,1.9,15252.469604708844,2012,2.0,0.86
OCT.,1.84,1.84,14547.349585672115,2012,3.0,0.86
OCT.,1.85,1.8,14598.844789481944,2012,4.0,0.86
OCT.,1.84,1.83,14547.349585672115,2012,5.0,0.86
OCT.,1.84,1.89,14547.349585672115,2012,6.0,0.86
OCT.,1.9,1.8,14853.643165416739,2012,7.0,0.86
OCT.,1.87,1.85,14701.294080000001,2012,8.0,0.86
OCT.,1.8,1.83,14339.519625469915,2012,9.0,0.86
OCT.,1.93,1.95,15004.445439416275,2012,10.0,0.86
OCT.,1.87,1.9,14701.294080000001,2012,11.0,0.86
OCT.,1.75,1.8,14075.417471289777,2012,12.0,0.86
OCT.,1.79,1.83,14287.089762075666,2012,13.0,0.86
OCT.,1.6,1.55,13251.567405278802,2012,14.0,0.86
OCT.,1.35,1.02,11750.82159705911,2012,15.0,0.86
OCT.,0.8,0.7,7452.040064726585,2012,16.0,0.86
OCT.,0.7,0.72,6365.847070892889,2012,17.0,0.86
OCT.,0.7,0.7,6365.847070892889,2012,18.0,0.86
OCT.,0.7,0.7,6365.847070892889,2012,19.0,0.86
OCT.,0.7,0.7,6365.847070892889,2012,20.0,0.86
OCT.,0.7,0.7,6365.847070892889,2012,21.0,0.86
OCT.,0.72,0.63,6597.407624912568,2012,22.0,0.86
OCT.,0.82,0.86,7650.796008622186,2012,23.0,0.86
OCT.,0.9,0.8,8398.916199283387,2012,24.0,0.86
OCT.,0.8,1.0,7452.040064726585,2012,25.0,0.86
OCT.,1.0,1.2,9249.361357352169,2012,26.0,0.86
OCT.,1.2,1.2,10750.277666714886,2012,27.0,0.86
OCT.,1.2,1.22,10750.277666714886,2012,28.0,0.86
OCT.,1.21,1.15,10819.859478343438,2012,29.0,0.86
OCT.,1.45,1.68,12372.982680106099,2012,30.0,0.86
OCT.,1.72,1.58,13914.550274162691,2012,31.0,0.86
OCT.,,,0.0,2012,1.0,
OCT.,,,11256.54000724478,2012,,
OCT.,,11226.63877019191,,2012,,
NOV.,1.54,1.61,12907.312012145312,2012,1.0,0.86
NOV.,1.45,1.9,12372.982680106099,2012,2.0,0.86
NOV.,1.95,1.83,15104.143848086153,2012,3.0,0.86
NOV.,1.82,1.97,14443.80841497476,2012,4.0,0.86
NOV.,1.99,1.72,15301.592017244371,2012,5.0,0.86
NOV.,1.69,1.6,13751.801397392006,2012,6.0,0.86
NOV.,1.64,1.79,13476.186239999999,2012,7.0,0.86
NOV.,1.78,1.82,14234.466784884422,2012,8.0,0.86
NOV.,1.79,1.73,13864.535028435957,2012,9.0,0.83
NOV.,1.8,1.85,13914.860184925854,2012,10.0,0.83
NOV.,1.83,1.82,14495.671448681678,2012,11.0,0.86
NOV.,1.86,1.9,14650.158989137748,2012,12.0,0.86
NOV.,1.85,1.8,14598.844789481944,2012,13.0,0.86
NOV.,1.75,1.85,14075.417471289777,2012,14.0,0.86
NOV.,1.8,1.88,14339.519625469915,2012,15.0,0.86
NOV.,1.84,1.95,14547.349585672115,2012,16.0,0.86
NOV.,1.2,1.25,10750.277666714886,2012,17.0,0.86
NOV.,1.2,1.55,10750.277666714886,2012,18.0,0.86
NOV.,1.5,1.75,12672.614035799907,2012,19.0,0.86
NOV.,1.8,1.99,14339.519625469915,2012,20.0,0.86
NOV.,1.95,1.86,15404.478971021104,2012,21.0,0.88
NOV.,1.8,1.88,14619.34766351929,2012,22.0,0.88
NOV.,1.85,1.78,14885.660041152863,2012,23.0,0.88
NOV.,1.79,1.85,14565.500896160804,2012,24.0,0.88
NOV.,1.83,1.81,14779.710936253243,2012,25.0,0.88
NOV.,1.76,1.75,14402.75276131977,2012,26.0,0.88
NOV.,1.82,1.88,14726.450543441148,2012,27.0,0.88
NOV.,1.85,1.92,14885.660041152863,2012,28.0,0.88
NOV.,1.95,1.92,15553.714556784784,2012,29.0,0.89
NOV.,1.91,1.75,15345.628734520931,2012,30.0,0.89
NOV.,1.99,1.89,15759.05300994077,2012,1.0,0.89
NOV.,,,14178.041860254683,2012,,
NOV.,,14295.857985929968,,2012,,
DIC.,1.99,1.89,15759.05300994077,2012,1.0,0.89
DIC.,1.9,1.91,15293.16489297452,2012,2.0,0.89
DIC.,1.8,1.92,14758.272402393422,2012,3.0,0.89
DIC.,1.86,1.94,15081.484581682398,2012,4.0,0.89
DIC.,1.92,1.92,15397.913822066954,2012,5.0,0.89
DIC.,1.9,1.98,15293.16489297452,2012,6.0,0.89
DIC.,1.98,1.96,15707.970045683087,2012,7.0,0.89
DIC.,1.85,1.99,15028.098628019376,2012,8.0,0.89
DIC.,2.0,1.96,15809.97092293877,2012,9.0,0.89
DIC.,1.91,1.97,15345.628734520931,2012,10.0,0.89
DIC.,1.96,1.94,15605.30247473547,2012,11.0,0.89
DIC.,1.9,1.91,15293.16489297452,2012,12.0,0.89
DIC.,1.9,1.82,15293.16489297452,2012,13.0,0.89
DIC.,1.82,1.8,14866.790572660246,2012,14.0,0.89
DIC.,1.9,1.98,15293.16489297452,2012,15.0,0.89
DIC.,2.0,2.05,15809.97092293877,2012,16.0,0.89
DIC.,1.98,1.99,15707.970045683087,2012,17.0,0.89
DIC.,1.99,2.0,15759.05300994077,2012,18.0,0.89
DIC.,2.0,2.05,15809.97092293877,2012,19.0,0.89
DIC.,1.97,1.97,15656.720414634448,2012,20.0,0.89
DIC.,1.97,1.98,15656.720414634448,2012,21.0,0.89
DIC.,2.0,2.0,15809.97092293877,2012,22.0,0.89
DIC.,2.0,2.04,15809.97092293877,2012,23.0,0.89
DIC.,2.0,2.01,15809.97092293877,2012,24.0,0.89
DIC.,2.02,2.01,15911.31792820009,2012,25.0,0.89
DIC.,1.98,1.88,15707.970045683087,2012,26.0,0.89
DIC.,1.96,2.0,15605.30247473547,2012,27.0,0.89
DIC.,2.02,2.03,15911.31792820009,2012,28.0,0.89
DIC.,2.06,1.95,16112.09959839021,2012,29.0,0.89
DIC.,1.9,1.95,15293.16489297452,2012,30.0,0.89
DIC.,1.91,1.95,15345.628734520931,2012,31.0,0.89
DIC.,,,15533.659024574355,2012,,
DIC.,,15567.166507169484,,2012,,
ENERO,1.9,1.92,15293.16489297452,2012,1.0,0.89
ENERO,1.94,1.97,15501.95496380675,2012,2.0,0.89
ENERO,1.94,1.94,15501.95496380675,2012,3.0,0.89
ENERO,1.95,1.99,15553.714556784784,2012,4.0,0.89
ENERO,1.99,2.0,15759.05300994077,2012,5.0,0.89
ENERO,1.99,2.05,15759.05300994077,2012,6.0,0.89
ENERO,1.96,1.95,15605.30247473547,2012,7.0,0.89
ENERO,1.9,1.92,15293.16489297452,2012,8.0,0.89
ENERO,1.87,1.99,15134.68222334285,2012,9.0,0.89
ENERO,1.93,1.92,15450.021970400128,2012,10.0,0.89
ENERO,1.86,1.93,15081.484581682398,2012,11.0,0.89
ENERO,1.79,1.76,14703.7129830938,2012,12.0,0.89
ENERO,1.85,1.85,15028.098628019376,2012,13.0,0.89
ENERO,1.85,1.85,13870.586028805847,2012,14.0,0.81
ENERO,1.68,1.88,13029.14685423678,2012,15.0,0.81
ENERO,1.93,1.85,14249.374759386406,2012,16.0,0.81
ENERO,1.85,1.91,13870.586028805847,2012,17.0,0.81
ENERO,1.73,1.85,13282.163619158673,2012,18.0,0.81
ENERO,1.35,1.76,8758.33933916589,2012,19.0,0.6
ENERO,1.96,1.86,13922.598424120306,2012,20.0,0.78
ENERO,1.86,1.85,13471.908917470997,2012,21.0,0.78
ENERO,1.89,1.99,13608.683072958947,2012,22.0,0.78
ENERO,1.88,2.0,13563.244939186607,2012,23.0,0.78
ENERO,1.86,1.86,13471.908917470997,2012,24.0,0.78
ENERO,1.82,1.8,14014.968383433797,2012,25.0,0.83
ENERO,1.8,1.81,13914.860184925854,2012,26.0,0.83
ENERO,1.85,1.89,14163.804080209888,2012,27.0,0.83
ENERO,1.87,1.85,14262.16501254927,2012,28.0,0.83
ENERO,1.84,1.87,14114.366567836589,2012,29.0,0.83
ENERO,1.87,1.96,14262.16501254927,2012,30.0,0.83
ENERO,1.95,1.95,14953.047587010426,2012,31.0,0.85
ENERO,,,14337.073576799527,2012,,
ENERO,,14430.81457543574,,2012,,
FEB,1.93,1.91,15153.59642529424,2012,1.0,0.87
FEB,1.88,1.93,14898.036845754428,2012,2.0,0.87
FEB,1.89,1.93,14949.498266166102,2012,3.0,0.87
FEB,1.89,1.87,14949.498266166102,2012,4.0,0.87
FEB,1.82,1.9,14585.455856488545,2012,5.0,0.87
FEB,1.89,1.95,14949.498266166102,2012,6.0,0.87
FEB,1.95,1.89,15254.621520247032,2012,7.0,0.87
FEB,1.83,1.9,14638.016228103546,2012,8.0,0.87
FEB,1.95,1.95,15254.621520247032,2012,9.0,0.87
FEB,1.85,1.85,14742.574815801894,2012,10.0,0.87
FEB,1.89,1.9,14949.498266166102,2012,11.0,0.87
FEB,1.87,1.85,14846.397047930846,2012,12.0,0.87
FEB,1.84,1.85,14690.388546490849,2012,13.0,0.87
FEB,1.8,1.85,14479.762754834159,2012,14.0,0.87
FEB,1.65,1.62,13661.024161701094,2012,15.0,0.87
FEB,1.92,1.9,15250.68664409162,2012,16.0,0.88
FEB,1.9,1.83,15147.290966199309,2012,17.0,0.88
FEB,1.81,1.87,14672.996826062237,2012,18.0,0.88
FEB,1.87,1.95,14990.860360978162,2012,19.0,0.88
FEB,1.84,1.97,14832.780087023113,2012,20.0,0.88
FEB,1.9,1.85,15147.290966199309,2012,21.0,0.88
FEB,1.8,1.87,14619.34766351929,2012,22.0,0.88
FEB,1.75,1.76,14348.093160867009,2012,23.0,0.88
FEB,1.75,1.94,14348.093160867009,2012,24.0,0.88
FEB,1.95,1.95,15404.478971021104,2012,25.0,0.88
FEB,1.91,1.94,15199.076727403175,2012,26.0,0.88
FEB,1.94,1.92,15353.386031030604,2012,27.0,0.88
FEB,1.93,1.95,15302.122495492582,2012,28.0,0.88
FEB,1.92,1.35,8345.901079895044,2012,1.0,0.45
FEB,1.2,1.15,6329.810223986687,2012,2.0,0.45
FEB,1.1,1.1,5996.425027932561,2012,3.0,0.45
FEB,,,14106.165457423444,2012,,
FEB,,14133.138903216617,,2012,,
MAR,1.92,1.35,8345.901079895044,2012,1.0,0.45
MAR,1.2,1.15,6329.810223986687,2012,2.0,0.45
MAR,1.1,1.1,5996.425027932561,2012,3.0,0.45
MAR,1.1,1.29,2849.088,2012,4.0,0.2
MAR,1.25,1.25,3055.3064979647456,2012,5.0,0.2
MAR,1.26,1.3,3068.561686005846,2012,6.0,0.2
MAR,1.27,1.29,3081.7598616927444,2012,7.0,0.2
MAR,1.27,1.25,3081.7598616927444,2012,8.0,0.2
MAR,1.25,1.25,3055.3064979647456,2012,9.0,0.2
MAR,1.28,1.28,3094.901754411264,2012,10.0,0.2
MAR,1.5,1.5,4965.511669145728,2012,11.0,0.3
MAR,1.401,1.75,8313.95659086046,2012,12.0,0.55
MAR,1.6,1.68,9018.753074737375,2012,13.0,0.55
MAR,1.77,1.78,9579.859809094061,2012,14.0,0.55
MAR,1.8,1.7,9675.501379830279,2012,15.0,0.55
MAR,1.8,1.81,9675.501379830279,2012,16.0,0.55
MAR,1.8,1.77,9675.501379830279,2012,17.0,0.55
MAR,1.8,1.8,9675.501379830279,2012,18.0,0.55
MAR,1.8,1.84,10936.532406013575,2012,19.0,0.63
MAR,1.84,1.85,11082.847035078317,2012,20.0,0.63
MAR,1.84,1.84,11082.847035078317,2012,21.0,0.63
MAR,1.9,1.9,11940.096630073253,2012,22.0,0.67
MAR,1.79,1.85,11512.831998081941,2012,23.0,0.67
MAR,1.86,1.86,11786.519862702338,2012,24.0,0.67
MAR,1.83,1.83,12131.228012345604,2012,25.0,0.7
MAR,1.84,1.84,12477.83452698405,2012,26.0,0.72
MAR,1.85,1.85,12519.918405403021,2012,27.0,0.72
MAR,1.85,1.86,12519.918405403021,2012,28.0,0.72
MAR,1.84,1.85,13675.6224,2012,29.0,0.8
MAR,1.8,1.85,13484.345533657375,2012,30.0,0.8
MAR,1.8,1.85,13484.345533657375,2012,31.0,0.8
MAR,,,8747.54177223172,2012,,
MAR,,8758.826724726128,,2012,,
ABRIL,1.83,1.8,13185.618817506793,2012,1.0,0.77
ABRIL,1.73,1.75,11567.775334456433,2012,2.0,0.69
ABRIL,1.7,1.7,11441.806693990407,2012,3.0,0.69
ABRIL,1.75,1.56,11650.997812734124,2012,4.0,0.69
ABRIL,1.45,1.45,10332.516265372411,2012,5.0,0.69
ABRIL,1.46,1.55,10379.164431500436,2012,6.0,0.69
ABRIL,1.5,1.5,10563.69736332299,2012,7.0,0.69
ABRIL,1.5,1.49,10563.69736332299,2012,8.0,0.69
ABRIL,1.48,1.47,10471.8373812813,2012,9.0,0.69
ABRIL,1.47,1.53,10425.603877860605,2012,10.0,0.69
ABRIL,1.55,1.52,10789.926394260932,2012,11.0,0.69
ABRIL,1.53,1.49,10700.008773346499,2012,12.0,0.69
ABRIL,1.49,1.62,10126.253563819291,2012,13.0,0.66
ABRIL,1.68,1.69,10924.125672120603,2012,14.0,0.66
ABRIL,1.72,1.75,11084.783202189932,2012,15.0,0.66
ABRIL,1.56,1.49,10152.352405098662,2012,16.0,0.64
ABRIL,1.54,1.62,10070.145769515526,2012,17.0,0.64
ABRIL,1.49,1.67,9861.63155741678,2012,18.0,0.64
ABRIL,1.5,1.6,9903.685614116044,2012,19.0,0.64
ABRIL,1.58,1.53,10233.898714338236,2012,20.0,0.64
ABRIL,1.65,1.65,10514.331423272139,2012,21.0,0.64
ABRIL,1.6,1.6,10314.800358385757,2012,22.0,0.64
ABRIL,1.55,1.61,10111.332631671357,2012,23.0,0.64
ABRIL,1.6,1.55,10314.800358385757,2012,24.0,0.64
ABRIL,1.65,1.86,10514.331423272139,2012,25.0,0.64
ABRIL,1.35,,9252.827254849748,2012,26.0,0.64
ABRIL,,,0.0,2012,27.0,
ABRIL,,,0.0,2012,28.0,
ABRIL,,,0.0,2012,29.0,
ABRIL,,,0.0,2012,30.0,
ABRIL,,,,2012,,
ABRIL,,,10594.30578682338,2012,,
ABRIL,,10659.701651062624,,2012,,
AGOSTO,,,0.0,2013,1,
AGOSTO,,,0.0,2013,2,
AGOSTO,,,0.0,2013,3,
AGOSTO,,,0.0,2013,4,
AGOSTO,,,0.0,2013,5,
AGOSTO,,,0.0,2013,6,
AGOSTO,,,0.0,2013,7,
AGOSTO,,,0.0,2013,8,
AGOSTO,,,0.0,2013,9,
AGOSTO,,,0.0,2013,10,
AGOSTO,,,0.0,2013,11,
AGOSTO,,,0.0,2013,12,
AGOSTO,,,0.0,2013,13,
AGOSTO,,,0.0,2013,14,
AGOSTO,,,0.0,2013,15,
AGOSTO,,,0.0,2013,16,
AGOSTO,,,0.0,2013,17,
AGOSTO,,,0.0,2013,18,
AGOSTO,,,0.0,2013,19,
AGOSTO,,,0.0,2013,20,
AGOSTO,,,0.0,2013,21,
AGOSTO,,,0.0,2013,22,
AGOSTO,,,0.0,2013,23,
AGOSTO,,,0.0,2013,24,
AGOSTO,,,0.0,2013,25,
AGOSTO,,,0.0,2013,26,
AGOSTO,,,0.0,2013,27,
AGOSTO,,,0.0,2013,28,
AGOSTO,,,0.0,2013,29,
AGOSTO,,,0.0,2013,30,
AGOSTO,,,0.0,2013,31,
SEPT,1.65,1.65,9337.361616585062,2013,1.0,0.56
SEPT,1.55,1.75,9274.470709869023,2013,2.0,0.58
SEPT,1.85,1.7,11119.12486379814,2013,3.0,0.63
SEPT,1.75,1.83,10750.839241605097,2013,4.0,0.63
SEPT,1.7,1.63,10561.881827112396,2013,5.0,0.63
SEPT,1.79,1.75,10899.64686281144,2013,6.0,0.63
SEPT,1.75,1.78,11353.477156996863,2013,7.0,0.67
SEPT,1.75,1.75,11353.477156996863,2013,8.0,0.67
SEPT,1.69,1.95,11110.160123150106,2013,9.0,0.67
SEPT,1.45,1.9,10832.123355413598,2013,10.0,0.73
SEPT,1.47,1.95,10931.502715538927,2013,11.0,0.73
SEPT,1.66,1.74,11834.055785433316,2013,12.0,0.73
SEPT,1.7,1.78,12015.43119486871,2013,13.0,0.73
SEPT,1.84,1.95,12629.749539448176,2013,14.0,0.73
SEPT,1.94,1.94,13050.856278186591,2013,15.0,0.73
SEPT,1.9,1.95,12884.065318369274,2013,16.0,0.73
SEPT,1.84,1.93,12629.749539448176,2013,17.0,0.73
SEPT,1.94,1.98,14448.921635636114,2013,18.0,0.82
SEPT,1.92,2.0,14354.1735866333,2013,19.0,0.82
SEPT,1.89,1.86,14210.867100176281,2013,20.0,0.82
SEPT,1.95,1.96,14496.063430170607,2013,21.0,0.82
SEPT,1.97,1.96,14589.890062953935,2013,22.0,0.82
SEPT,1.95,1.87,14496.063430170607,2013,23.0,0.82
SEPT,1.79,1.63,13722.374370024707,2013,24.0,0.82
SEPT,1.7,1.89,13267.361889317917,2013,25.0,0.82
SEPT,1.86,1.75,14066.100672273897,2013,26.0,0.82
SEPT,1.87,1.78,14114.521127594813,2013,27.0,0.82
SEPT,1.85,1.97,14017.51296,2013,28.0,0.82
SEPT,1.96,1.98,14543.052413792153,2013,29.0,0.82
SEPT,1.99,1.96,14683.117146118338,2013,30.0,0.82
SEPT,,,0.0,2013,1.0,
SEPT,,,12585.933103683148,2013,,
SEPT,,12700.015559172421,,2013,,
OCT.,1.97,1.98,14589.890062953935,2013,1.0,0.82
OCT.,1.9,1.9,14258.795961708996,2013,2.0,0.82
OCT.,1.88,1.93,14458.777740462978,2013,3.0,0.84
OCT.,1.89,1.91,14508.209603430305,2013,4.0,0.84
OCT.,0.85,1.9,7846.742152337147,2013,5.0,0.84
OCT.,1.9,1.91,14557.473614814726,2013,6.0,0.84
OCT.,1.92,1.89,14655.504847801942,2013,7.0,0.84
OCT.,1.92,1.95,14655.504847801942,2013,8.0,0.84
OCT.,1.89,1.89,14508.209603430305,2013,9.0,0.84
OCT.,1.83,1.94,14209.039130191366,2013,10.0,0.84
OCT.,1.92,1.91,14655.504847801942,2013,11.0,0.84
OCT.,1.95,1.8,14801.334358456508,2013,12.0,0.84
OCT.,1.85,1.85,14309.457617297336,2013,13.0,0.84
OCT.,1.94,1.92,14752.884688828335,2013,14.0,0.84
OCT.,1.99,1.9,14993.56753366802,2013,15.0,0.84
OCT.,1.9,1.85,14557.473614814726,2013,16.0,0.84
OCT.,1.92,1.95,14655.504847801942,2013,17.0,0.84
OCT.,1.94,1.94,14752.884688828335,2013,18.0,0.84
OCT.,1.94,1.95,14752.884688828335,2013,19.0,0.84
OCT.,1.97,1.97,14897.7610092505,2013,20.0,0.84
OCT.,1.96,1.95,14849.625952857696,2013,21.0,0.84
OCT.,1.95,1.93,14801.334358456508,2013,22.0,0.84
OCT.,1.93,1.97,14704.275381429235,2013,23.0,0.84
OCT.,1.99,1.94,14993.56753366802,2013,24.0,0.84
OCT.,1.86,1.86,14359.40352,2013,25.0,0.84
OCT.,1.92,1.96,14655.504847801942,2013,26.0,0.84
OCT.,1.94,1.99,14752.884688828335,2013,27.0,0.84
OCT.,1.94,1.97,14752.884688828335,2013,28.0,0.84
OCT.,1.95,1.95,14801.334358456508,2013,29.0,0.84
OCT.,1.94,1.95,14752.884688828335,2013,30.0,0.84
OCT.,1.93,1.98,14704.275381429235,2013,31.0,0.84
OCT.,,,14435.657447132053,2013,,
OCT.,,14548.389581828618,,2013,,
NOV.,1.93,1.91,14704.275381429235,2013,1.0,0.84
NOV.,1.93,1.94,14704.275381429235,2013,2.0,0.84
NOV.,1.96,1.94,14849.625952857696,2013,3.0,0.84
NOV.,1.93,1.96,14704.275381429235,2013,4.0,0.84
NOV.,1.95,1.95,14801.334358456508,2013,5.0,0.84
NOV.,1.93,1.94,14704.275381429235,2013,6.0,0.84
NOV.,1.96,1.94,14849.625952857696,2013,7.0,0.84
NOV.,1.92,1.92,14655.504847801942,2013,8.0,0.84
NOV.,1.9,1.97,14557.473614814726,2013,9.0,0.84
NOV.,1.96,1.99,14849.625952857696,2013,10.0,0.84
NOV.,1.97,1.95,14897.7610092505,2013,11.0,0.84
NOV.,1.89,1.89,14508.209603430305,2013,12.0,0.84
NOV.,1.78,1.83,13954.831860632046,2013,13.0,0.84
NOV.,1.83,1.95,14209.039130191366,2013,14.0,0.84
NOV.,1.92,2.0,14655.504847801942,2013,15.0,0.84
NOV.,1.93,1.96,14704.275381429235,2013,16.0,0.84
NOV.,1.96,1.96,14849.625952857696,2013,17.0,0.84
NOV.,1.95,1.93,14801.334358456508,2013,18.0,0.84
NOV.,1.64,1.0,13217.066322489129,2013,19.0,0.84
NOV.,1.0,1.88,9113.16326198863,2013,20.0,0.84
NOV.,1.93,1.99,14704.275381429235,2013,21.0,0.84
NOV.,1.92,1.96,14655.504847801942,2013,22.0,0.84
NOV.,1.95,1.94,14801.334358456508,2013,23.0,0.84
NOV.,1.93,1.95,14704.275381429235,2013,24.0,0.84
NOV.,1.92,1.85,14655.504847801942,2013,25.0,0.84
NOV.,1.86,1.89,14359.40352,2013,26.0,0.84
NOV.,1.98,2.0,14945.741040099152,2013,27.0,0.84
NOV.,1.95,1.95,14801.334358456508,2013,28.0,0.84
NOV.,1.95,1.96,14801.334358456508,2013,29.0,0.84
NOV.,1.93,1.9,14704.275381429235,2013,30.0,0.84
NOV.,,,0.0,2013,1.0,
NOV.,,,14447.469580308358,2013,,
NOV.,,14500.68957782479,,2013,,
DIC.,1.9,1.96,14557.473614814726,2013,1.0,0.84
DIC.,1.95,1.89,14801.334358456508,2013,2.0,0.84
DIC.,1.83,1.84,14209.039130191366,2013,3.0,0.84
DIC.,1.88,1.89,14458.777740462978,2013,4.0,0.84
DIC.,1.9,1.96,14557.473614814726,2013,5.0,0.84
DIC.,1.96,1.9,15605.30247473547,2013,6.0,0.89
DIC.,1.92,1.9,15397.913822066954,2013,7.0,0.89
DIC.,1.93,1.96,15450.021970400128,2013,8.0,0.89
DIC.,1.93,1.94,15450.021970400128,2013,9.0,0.89
DIC.,1.89,1.95,15240.520451403954,2013,10.0,0.89
DIC.,1.89,1.88,15240.520451403954,2013,11.0,0.89
DIC.,1.85,1.93,15028.098628019376,2013,12.0,0.89
DIC.,1.93,1.83,15450.021970400128,2013,13.0,0.89
DIC.,1.85,1.87,15028.098628019376,2013,14.0,0.89
DIC.,1.85,1.85,15028.098628019376,2013,15.0,0.89
DIC.,1.93,1.88,15450.021970400128,2013,16.0,0.89
DIC.,1.96,1.95,15605.30247473547,2013,17.0,0.89
DIC.,1.94,1.96,15797.21347535294,2013,18.0,0.91
DIC.,1.95,1.96,15850.31350231926,2013,19.0,0.91
DIC.,1.89,1.92,15528.990015651807,2013,20.0,0.91
DIC.,1.9,1.95,15726.965760000001,2013,21.0,0.92
DIC.,1.95,1.96,15997.673518014972,2013,22.0,0.92
DIC.,1.89,1.84,15672.263104658989,2013,23.0,0.92
DIC.,1.84,1.89,15395.83465905211,2013,24.0,0.92
DIC.,1.9,1.9,15726.965760000001,2013,25.0,0.92
DIC.,1.89,1.84,15672.263104658989,2013,26.0,0.92
DIC.,1.83,1.84,15339.951227246886,2013,27.0,0.92
DIC.,1.82,1.78,15283.863466406528,2013,28.0,0.92
DIC.,1.8,1.84,15171.065884460528,2013,29.0,0.92
DIC.,1.8,1.85,15171.065884460528,2013,30.0,0.92
DIC.,1.92,1.9,15835.804191935642,2013,31.0,0.92
DIC.,,,15313.815337192384,2013,,
DIC.,,15325.445215389775,,2013,,
ENERO,1.87,1.87,15562.280952114355,2013,1.0,0.92
ENERO,1.9,1.87,15726.965760000001,2013,2.0,0.92
ENERO,1.87,1.87,15562.280952114355,2013,3.0,0.92
ENERO,1.89,1.84,15672.263104658989,2013,4.0,0.92
ENERO,1.9,1.91,15726.965760000001,2013,5.0,0.92
ENERO,1.9,1.83,15726.965760000001,2013,6.0,0.92
ENERO,1.81,1.89,15227.569118713567,2013,7.0,0.92
ENERO,1.85,1.89,15451.515978810208,2013,8.0,0.92
ENERO,1.8,1.85,15171.065884460528,2013,9.0,0.92
ENERO,1.91,1.9,15781.478803039006,2013,10.0,0.92
ENERO,1.85,1.88,15451.515978810208,2013,11.0,0.92
ENERO,1.82,1.88,15283.863466406528,2013,12.0,0.92
ENERO,0.0,0.0,0.0,2013,13.0,0.0
ENERO,0.0,0.0,0.0,2013,14.0,0.0
ENERO,1.85,1.86,15451.515978810208,2013,15.0,0.92
ENERO,1.86,1.86,15506.997363705981,2013,16.0,0.92
ENERO,1.86,1.84,15506.997363705981,2013,17.0,0.92
ENERO,1.87,1.89,15562.280952114355,2013,18.0,0.92
ENERO,1.86,1.89,15506.997363705981,2013,19.0,0.92
ENERO,1.89,1.85,15672.263104658989,2013,20.0,0.92
ENERO,1.86,1.93,15506.997363705981,2013,21.0,0.92
ENERO,1.94,1.98,15943.899673368509,2013,22.0,0.92
ENERO,1.92,1.92,15835.804191935642,2013,23.0,0.92
ENERO,1.95,1.92,15997.673518014972,2013,24.0,0.92
ENERO,1.88,1.91,15617.36884456208,2013,25.0,0.92
ENERO,1.89,1.94,15672.263104658989,2013,26.0,0.92
ENERO,1.92,1.94,15835.804191935642,2013,27.0,0.92
ENERO,1.88,1.84,15617.36884456208,2013,28.0,0.92
ENERO,1.85,1.82,15451.515978810208,2013,29.0,0.92
ENERO,1.82,1.81,15283.863466406528,2013,30.0,0.92
ENERO,1.82,1.86,15283.863466406528,2013,31.0,0.92
ENERO,,,,2013,,
ENERO,,,,2013,,
ENERO,,,,2013,,
ENERO,,,,2013,,
ENERO,,,,2013,,
ENERO,,,,2013,,
ENERO,,,,2013,,
ENERO,,,,2013,,
ENERO,,,,2013,,
ENERO,,,,2013,,
ENERO,,,,2013,,
ENERO,,,,2013,,
ENERO,,,,2013,,
ENERO,,,,2013,,
ENERO,,,,2013,,
ENERO,,,,2013,,
ENERO,,,,2013,,
ENERO,,,,2013,,
ENERO,,,,2013,,
ENERO,,,,2013,,
ENERO,,,,2013,,
ENERO,,,,2013,,
ENERO,,,,2013,,
ENERO,,,,2013,,
ENERO,,,,2013,,
ENERO,,,,2013,,
ENERO,,,,2013,,
ENERO,,,,2013,,
FEB,1.8,1.82,15171.065884460528,2013,1.0,0.92
FEB,1.8,1.82,15171.065884460528,2013,2.0,0.92
FEB,1.83,1.8,15339.951227246886,2013,3.0,0.92
FEB,1.84,1.93,15395.83465905211,2013,4.0,0.92
FEB,1.89,1.89,15672.263104658989,2013,5.0,0.92
FEB,1.82,1.85,15283.863466406528,2013,6.0,0.92
FEB,1.84,1.84,15395.83465905211,2013,7.0,0.92
FEB,1.84,1.85,15395.83465905211,2013,8.0,0.92
FEB,1.85,1.86,15451.515978810208,2013,9.0,0.92
FEB,1.82,1.83,15283.863466406528,2013,10.0,0.92
FEB,1.81,1.85,15227.569118713567,2013,11.0,0.92
FEB,1.86,1.86,15506.997363705981,2013,12.0,0.92
FEB,1.7,1.7,14594.006582329328,2013,13.0,0.92
FEB,1.69,1.74,14535.040658027578,2013,14.0,0.92
FEB,1.5,1.45,13365.350883307598,2013,15.0,0.92
FEB,1.45,1.4,13040.111129171637,2013,16.0,0.92
FEB,1.6,1.57,13993.170340544757,2013,17.0,0.92
FEB,1.57,1.65,13807.822152527544,2013,18.0,0.92
FEB,1.65,1.75,14296.745159381091,2013,19.0,0.92
FEB,1.79,1.78,15114.351420953699,2013,20.0,0.92
FEB,1.8,1.56,15171.065884460528,2013,21.0,0.92
FEB,1.55,1.57,13682.861915795114,2013,22.0,0.92
FEB,1.55,1.55,13682.861915795114,2013,23.0,0.92
FEB,1.5,1.6,13365.350883307598,2013,24.0,0.92
FEB,1.55,1.56,13682.861915795114,2013,25.0,0.92
FEB,1.56,1.61,13745.484036630845,2013,26.0,0.92
FEB,1.56,1.7,13023.074975524392,2013,27.0,0.86
FEB,1.69,1.75,13751.801397392006,2013,28.0,0.86
FEB,,,0.0,2013,1.0,
FEB,,,0.0,2013,2.0,
FEB,,,0.0,2013,3.0,
FEB,,,14540.986454391785,2013,,
FEB,,14583.560339304193,,2013,,
MAR,1.69,1.66,13751.801397392006,2013,1.0,0.86
MAR,1.69,1.7,13884.07603541439,2013,2.0,0.87
MAR,1.8,1.75,14479.762754834159,2013,3.0,0.87
MAR,1.77,1.75,14319.760465117502,2013,4.0,0.87
MAR,1.75,1.75,14212.091565742485,2013,5.0,0.87
MAR,1.78,1.8,14373.292466619783,2013,6.0,0.87
MAR,1.76,1.76,14266.027590948204,2013,7.0,0.87
MAR,1.75,1.75,14212.091565742485,2013,8.0,0.87
MAR,1.8,1.8,14479.762754834159,2013,9.0,0.87
MAR,1.83,1.72,14638.016228103546,2013,10.0,0.87
MAR,1.72,1.75,14049.041142195736,2013,11.0,0.87
MAR,1.72,1.7,14049.041142195736,2013,12.0,0.87
MAR,1.7,1.75,13939.281326876753,2013,13.0,0.87
MAR,1.72,1.74,14049.041142195736,2013,14.0,0.87
MAR,1.68,1.69,13828.65036091814,2013,15.0,0.87
MAR,1.7,1.69,13939.281326876753,2013,16.0,0.87
MAR,1.74,1.69,14157.950067732334,2013,17.0,0.87
MAR,1.73,1.75,14103.600730584909,2013,18.0,0.87
MAR,1.7,1.6,13939.281326876753,2013,19.0,0.87
MAR,1.66,1.67,13717.12716640142,2013,20.0,0.87
MAR,1.59,1.8,13319.444501581158,2013,21.0,0.87
MAR,1.65,1.75,13661.024161701094,2013,22.0,0.87
MAR,1.7,1.74,13939.281326876753,2013,23.0,0.87
MAR,1.74,1.75,14157.950067732334,2013,24.0,0.87
MAR,1.74,1.72,14157.950067732334,2013,25.0,0.87
MAR,1.7,1.82,13939.281326876753,2013,26.0,0.87
MAR,1.73,1.78,14103.600730584909,2013,27.0,0.87
MAR,1.74,1.75,14157.950067732334,2013,28.0,0.87
MAR,1.84,1.85,14690.388546490849,2013,29.0,0.87
MAR,1.89,1.82,14949.498266166102,2013,30.0,0.87
MAR,1.8,1.79,14479.762754834159,2013,31.0,0.87
MAR,,,14127.26162502941,2013,,
MAR,,14147.848466596606,,2013,,
ABRIL,1.74,1.75,14157.950067732334,2013,1.0,0.87
ABRIL,1.86,1.82,14794.577004840765,2013,2.0,0.87
ABRIL,1.79,1.65,14426.625831553121,2013,3.0,0.87
ABRIL,1.8,1.55,14479.762754834159,2013,4.0,0.87
ABRIL,1.4,1.4,4778.065831409191,2013,5.0,0.3
ABRIL,,,,2013,6.0,CERRADO
ABRIL,,,0.0,2013,7.0,
ABRIL,,,0.0,2013,8.0,
ABRIL,,,0.0,2013,9.0,
ABRIL,,,0.0,2013,10.0,
ABRIL,,,0.0,2013,11.0,
ABRIL,,,0.0,2013,12.0,
ABRIL,,,0.0,2013,13.0,
ABRIL,,,0.0,2013,14.0,
ABRIL,,,0.0,2013,15.0,
ABRIL,,,0.0,2013,16.0,
ABRIL,,,0.0,2013,17.0,
ABRIL,,,0.0,2013,18.0,
ABRIL,,,0.0,2013,19.0,
ABRIL,,,0.0,2013,20.0,
ABRIL,,,0.0,2013,21.0,
ABRIL,,,0.0,2013,22.0,
ABRIL,,,0.0,2013,23.0,
ABRIL,,,0.0,2013,24.0,
ABRIL,,,0.0,2013,25.0,
ABRIL,,,0.0,2013,26.0,
ABRIL,,,0.0,2013,27.0,
ABRIL,,,0.0,2013,28.0,
ABRIL,,,0.0,2013,29.0,
ABRIL,,,0.0,2013,30.0,
ABRIL,,,,2013,,
ABRIL,,,12527.396298073914,2013,,
ABRIL,,12296.039144977665,,2013,,
AGOSTO,,,0.0,2014,1,
AGOSTO,,,0.0,2014,2,
AGOSTO,,,0.0,2014,3,
AGOSTO,,,0.0,2014,4,
AGOSTO,,,0.0,2014,5,
AGOSTO,,,0.0,2014,6,
AGOSTO,,,0.0,2014,7,
AGOSTO,,,0.0,2014,8,
AGOSTO,,,0.0,2014,9,
AGOSTO,,,0.0,2014,10,
AGOSTO,,,0.0,2014,11,
AGOSTO,,,0.0,2014,12,
AGOSTO,,,0.0,2014,13,
AGOSTO,,,0.0,2014,14,
AGOSTO,,,0.0,2014,15,
AGOSTO,,,0.0,2014,16,
AGOSTO,,,0.0,2014,17,
AGOSTO,,,0.0,2014,18,
AGOSTO,,,0.0,2014,19,
AGOSTO,,,0.0,2014,20,
AGOSTO,,,0.0,2014,21,
AGOSTO,,,0.0,2014,22,
AGOSTO,,,0.0,2014,23,
AGOSTO,,,0.0,2014,24,
AGOSTO,,,0.0,2014,25,
AGOSTO,1.8,,9354.184409227008,2014,26,0.53
AGOSTO,,,0.0,2014,27,
AGOSTO,,,0.0,2014,28,
AGOSTO,,,0.0,2014,29,
AGOSTO,,,0.0,2014,30,
AGOSTO,,,0.0,2014,31,
SEPT,1.65,1.67,8273.89699744887,2014,1.0,0.49
SEPT,1.68,1.5,8361.763854581743,2014,2.0,0.49
SEPT,1.99,1.84,9220.82253338704,2014,3.0,0.49
SEPT,1.65,1.63,8273.89699744887,2014,4.0,0.49
SEPT,1.6,1.6,8125.340985587391,2014,5.0,0.49
SEPT,1.7,1.65,8419.832356806197,2014,6.0,0.49
SEPT,1.43,1.44,7598.556954985195,2014,7.0,0.49
SEPT,1.46,1.67,7694.140045096019,2014,8.0,0.49
SEPT,1.6,1.79,8125.340985587391,2014,9.0,0.49
SEPT,1.99,1.85,9916.223054366055,2014,10.0,0.53
SEPT,1.95,1.88,10979.159399125161,2014,11.0,0.6
SEPT,1.76,1.89,10788.233577960105,2014,12.0,0.63
SEPT,1.98,1.95,11580.399348727204,2014,13.0,0.63
SEPT,1.95,1.96,11475.597199040756,2014,14.0,0.63
SEPT,1.94,1.9,11440.449805005144,2014,15.0,0.63
SEPT,1.87,1.95,12138.356276514347,2014,16.0,0.69
SEPT,1.94,1.86,12573.971453534232,2014,17.0,0.7
SEPT,1.87,1.96,12294.070574023612,2014,18.0,0.7
SEPT,1.9,1.85,12571.828805683088,2014,19.0,0.71
SEPT,1.9,1.89,12571.828805683088,2014,20.0,0.71
SEPT,1.9,1.95,12571.828805683088,2014,21.0,0.71
SEPT,1.95,1.92,12773.636706678557,2014,22.0,0.71
SEPT,2.0,1.85,12972.305497058278,2014,23.0,0.71
SEPT,1.85,1.85,13723.025046120873,2014,24.0,0.8
SEPT,1.85,1.83,14017.51296,2014,25.0,0.82
SEPT,1.78,1.81,13672.565224285267,2014,26.0,0.82
SEPT,1.81,1.88,13821.454171998812,2014,27.0,0.82
SEPT,1.9,1.86,14258.795961708996,2014,28.0,0.82
SEPT,1.84,1.9,13968.756245456923,2014,29.0,0.82
SEPT,1.92,1.93,14354.1735866333,2014,30.0,0.82
SEPT,1.95,1.65,14496.063430170607,2014,1.0,0.82
SEPT,,,11388.833149883429,2014,,
SEPT,,11362.64285976039,,2014,,
OCT.,1.95,1.65,14496.063430170607,2014,1.0,0.82
OCT.,1.65,1.5,13007.70151903266,2014,2.0,0.82
OCT.,1.45,1.45,11912.595352513292,2014,3.0,0.82
OCT.,1.19,1.0,10316.610200280953,2014,4.0,0.82
OCT.,0.91,0.9,5786.525082546865,2014,5.0,0.5
OCT.,0.87,0.88,5608.43533643814,2014,6.0,0.5
OCT.,0.87,0.97,5608.43533643814,2014,7.0,0.5
OCT.,1.0,0.98,6168.456464043498,2014,8.0,0.5
OCT.,0.97,0.98,6043.828334991655,2014,9.0,0.5
OCT.,0.95,0.98,5959.295104194791,2014,10.0,0.5
OCT.,0.99,0.99,6127.195422606986,2014,11.0,0.5
OCT.,0.99,0.99,6127.195422606986,2014,12.0,0.5
OCT.,0.99,0.99,6127.195422606986,2014,13.0,0.5
OCT.,1.0,0.98,6168.456464043498,2014,14.0,0.5
OCT.,0.95,0.95,5959.295104194791,2014,15.0,0.5
OCT.,0.96,1.33,6001.710551239872,2014,16.0,0.5
OCT.,1.35,1.35,8758.33933916589,2014,17.0,0.6
OCT.,1.34,1.3,8716.533184765824,2014,18.0,0.6
OCT.,1.3,1.27,8547.264,2014,19.0,0.6
OCT.,1.25,2.0,8905.536559643602,2014,20.0,0.65
OCT.,2.0,1.86,14415.371734806093,2014,21.0,0.8
OCT.,1.83,1.84,13628.054873616511,2014,22.0,0.8
OCT.,2.0,1.96,14415.371734806093,2014,23.0,0.8
OCT.,1.85,1.59,14163.804080209888,2014,24.0,0.83
OCT.,1.6,1.4,3489.4059161433197,2014,25.0,0.2
OCT.,1.4,1.5,11622.707745566026,2014,26.0,0.82
OCT.,1.85,1.8,13723.025046120873,2014,27.0,0.8
OCT.,1.77,1.75,13339.088023692942,2014,28.0,0.8
OCT.,1.95,1.9,14188.343818333808,2014,29.0,0.8
OCT.,1.86,1.87,15223.970496633607,2014,30.0,0.9
OCT.,1.86,1.95,15223.970496633607,2014,31.0,0.9
OCT.,,,9670.315535422189,2014,,
OCT.,,9656.537782195013,,2014,,
NOV.,1.86,1.9,15223.970496633607,2014,1.0,0.9
NOV.,1.95,1.86,15702.326622644938,2014,2.0,0.9
NOV.,1.7,1.5,14334.197494227572,2014,3.0,0.9
NOV.,1.8,1.8,14896.535007437185,2014,4.0,0.9
NOV.,1.69,1.7,14276.745569669994,2014,5.0,0.9
NOV.,1.82,1.85,15006.47402665456,2014,6.0,0.9
NOV.,1.85,1.76,15169.888725364548,2014,7.0,0.9
NOV.,1.8,1.75,14896.535007437185,2014,8.0,0.9
NOV.,1.77,1.77,14730.088051349765,2014,9.0,0.9
NOV.,1.75,1.73,14618.070546951838,2014,10.0,0.9
NOV.,1.7,1.75,14334.197494227572,2014,11.0,0.9
NOV.,1.78,1.9,14785.778563976444,2014,12.0,0.9
NOV.,1.98,1.95,15858.572526917687,2014,13.0,0.9
NOV.,1.95,1.93,15702.326622644938,2014,14.0,0.9
NOV.,1.88,1.88,15617.36884456208,2014,15.0,0.92
NOV.,1.89,1.89,15672.263104658989,2014,16.0,0.92
NOV.,1.9,1.87,15726.965760000001,2014,17.0,0.92
NOV.,1.85,1.9,15451.515978810208,2014,18.0,0.92
NOV.,1.94,1.85,15943.899673368509,2014,19.0,0.92
NOV.,1.93,1.8,15889.943851376047,2014,20.0,0.92
NOV.,2.0,1.8,16263.876043606047,2014,21.0,0.92
NOV.,1.9,1.95,15726.965760000001,2014,22.0,0.92
NOV.,1.9,1.9,15726.965760000001,2014,23.0,0.92
NOV.,1.9,1.91,15726.965760000001,2014,24.0,0.92
NOV.,1.9,1.86,15726.965760000001,2014,25.0,0.92
NOV.,1.89,1.9,15672.263104658989,2014,26.0,0.92
NOV.,1.84,1.88,15395.83465905211,2014,27.0,0.92
NOV.,1.89,1.89,15672.263104658989,2014,28.0,0.92
NOV.,1.89,1.89,15672.263104658989,2014,29.0,0.92
NOV.,1.88,1.9,15617.36884456208,2014,30.0,0.92
NOV.,,,0.0,2014,1.0,
NOV.,,,15367.979862337024,2014,,
NOV.,,15315.416575030999,,2014,,
DIC.,1.87,1.9,15562.280952114355,2014,1.0,0.92
DIC.,1.89,1.89,15672.263104658989,2014,2.0,0.92
DIC.,1.88,1.9,15617.36884456208,2014,3.0,0.92
DIC.,1.89,1.74,15672.263104658989,2014,4.0,0.92
DIC.,1.8,1.8,15171.065884460528,2014,5.0,0.92
DIC.,1.79,1.9,15114.351420953699,2014,6.0,0.92
DIC.,1.83,1.86,15339.951227246886,2014,7.0,0.92
DIC.,1.87,1.78,15562.280952114355,2014,8.0,0.92
DIC.,1.85,1.82,15451.515978810208,2014,9.0,0.92
DIC.,1.82,1.86,15283.863466406528,2014,10.0,0.92
DIC.,1.85,1.85,15451.515978810208,2014,11.0,0.92
DIC.,1.85,1.8,15451.515978810208,2014,12.0,0.92
DIC.,1.88,1.85,15617.36884456208,2014,13.0,0.92
DIC.,1.85,1.95,15451.515978810208,2014,14.0,0.92
DIC.,2.02,1.65,16369.144948680027,2014,15.0,0.92
DIC.,1.84,2.0,15395.83465905211,2014,16.0,0.92
DIC.,1.99,1.95,16210.98524973808,2014,17.0,0.92
DIC.,1.96,1.95,16051.26721425927,2014,18.0,0.92
DIC.,1.95,1.98,15997.673518014972,2014,19.0,0.92
DIC.,1.98,1.99,16157.921325859605,2014,20.0,0.92
DIC.,1.98,1.98,16157.921325859605,2014,21.0,0.92
DIC.,1.97,1.97,16104.682560612971,2014,22.0,0.92
DIC.,1.93,1.9,15889.943851376047,2014,23.0,0.92
DIC.,1.89,1.9,15672.263104658989,2014,24.0,0.92
DIC.,1.85,1.89,15451.515978810208,2014,25.0,0.92
DIC.,1.93,1.92,15889.943851376047,2014,26.0,0.92
DIC.,1.88,1.9,15617.36884456208,2014,27.0,0.92
DIC.,1.87,1.92,15562.280952114355,2014,28.0,0.92
DIC.,1.93,1.89,15889.943851376047,2014,29.0,0.92
DIC.,1.85,1.93,15451.515978810208,2014,30.0,0.92
DIC.,1.92,1.95,15835.804191935642,2014,31.0,0.92
DIC.,,,15681.455907228245,2014,,
DIC.,,15672.194608828006,,2014,,
ENERO,1.92,1.96,15835.804191935642,2014,1.0,0.92
ENERO,1.9,1.92,15726.965760000001,2014,2.0,0.92
ENERO,1.76,1.8,14942.916559106325,2014,3.0,0.92
ENERO,1.75,1.78,14885.33285142986,2014,4.0,0.92
ENERO,1.81,1.75,15227.569118713567,2014,5.0,0.92
ENERO,1.75,1.78,14885.33285142986,2014,6.0,0.92
ENERO,1.79,1.75,15114.351420953699,2014,7.0,0.92
ENERO,1.75,1.74,14885.33285142986,2014,8.0,0.92
ENERO,1.75,1.83,14885.33285142986,2014,9.0,0.92
ENERO,1.8,1.83,15171.065884460528,2014,10.0,0.92
ENERO,1.84,1.84,15395.83465905211,2014,11.0,0.92
ENERO,1.82,1.85,15283.863466406528,2014,12.0,0.92
ENERO,1.85,1.88,15451.515978810208,2014,13.0,0.92
ENERO,1.85,1.88,15451.515978810208,2014,14.0,0.92
ENERO,1.8,1.82,15171.065884460528,2014,15.0,0.92
ENERO,1.85,1.85,15451.515978810208,2014,16.0,0.92
ENERO,1.79,1.88,15114.351420953699,2014,17.0,0.92
ENERO,1.85,1.84,15451.515978810208,2014,18.0,0.92
ENERO,1.83,1.83,15339.951227246886,2014,19.0,0.92
ENERO,1.9,1.89,15726.965760000001,2014,20.0,0.92
ENERO,1.81,1.83,15227.569118713567,2014,21.0,0.92
ENERO,1.85,1.84,15451.515978810208,2014,22.0,0.92
ENERO,1.75,1.85,14885.33285142986,2014,23.0,0.92
ENERO,1.95,1.84,15997.673518014972,2014,24.0,0.92
ENERO,1.88,1.9,15617.36884456208,2014,25.0,0.92
ENERO,1.75,1.82,14885.33285142986,2014,26.0,0.92
ENERO,1.65,1.84,14296.745159381091,2014,27.0,0.92
ENERO,1.79,1.84,15114.351420953699,2014,28.0,0.92
ENERO,1.81,1.87,15227.569118713567,2014,29.0,0.92
ENERO,1.87,1.87,15562.280952114355,2014,30.0,0.92
ENERO,1.85,1.86,15451.515978810208,2014,31.0,0.92
ENERO,,,15261.78569248978,2014,,
ENERO,,15329.459904152602,,2014,,
FEB,1.84,1.82,15395.83465905211,2014,1.0,0.92
FEB,1.83,1.9,15339.951227246886,2014,2.0,0.92
FEB,1.65,1.35,5068.064293783805,2014,3.0,0.29
FEB,1.3,1.4,3860.422248055257,2014,4.0,0.25
FEB,1.45,1.7,4099.433215789714,2014,5.0,0.25
FEB,1.8,1.75,4609.175897932298,2014,6.0,0.25
FEB,1.5,1.5,4176.064767601192,2014,7.0,0.25
FEB,1.5,1.56,4176.064767601192,2014,8.0,0.25
FEB,1.58,1.58,4295.832835105202,2014,9.0,0.25
FEB,1.58,1.63,4295.832835105202,2014,10.0,0.25
FEB,1.75,1.7,4539.8610337322,2014,11.0,0.25
FEB,1.35,1.7,3941.7032087360412,2014,12.0,0.25
FEB,1.95,1.8,4811.132425481552,2014,13.0,0.25
FEB,1.8,1.78,4609.175897932298,2014,14.0,0.25
FEB,1.77,1.75,4567.713203189534,2014,15.0,0.25
FEB,1.78,1.75,4581.575794100541,2014,16.0,0.25
FEB,1.74,1.79,4525.870673705116,2014,17.0,0.25
FEB,1.75,1.9,7094.171909166904,2014,18.0,0.4
FEB,1.9,1.87,15000.783144981135,2014,19.0,0.87
FEB,1.85,1.87,14742.574815801894,2014,20.0,0.87
FEB,1.83,1.83,14638.016228103546,2014,21.0,0.87
FEB,1.83,1.83,14638.016228103546,2014,22.0,0.87
FEB,1.83,1.81,14638.016228103546,2014,23.0,0.87
FEB,1.8,1.78,14479.762754834159,2014,24.0,0.87
FEB,1.7,1.7,13939.281326876753,2014,25.0,0.87
FEB,1.79,1.99,14426.625831553121,2014,26.0,0.87
FEB,1.93,1.86,16035.319913600524,2014,27.0,0.93
FEB,1.85,1.86,15591.349363832584,2014,28.0,0.93
FEB,1.87,1.95,15703.518791076423,2014,1.0,0.93
FEB,1.85,1.7,15591.349363832584,2014,2.0,0.93
FEB,1.7,,14722.863825035027,2014,3.0,0.93
FEB,,,9617.269635775869,2014,,
FEB,,9547.784556570094,,2014,,
MAR,1.87,1.95,15703.518791076423,2014,1.0,0.93
MAR,1.85,1.7,15591.349363832584,2014,2.0,0.93
MAR,1.7,1.6,14722.863825035027,2014,3.0,0.93
MAR,1.69,1.75,14663.13593649807,2014,4.0,0.93
MAR,1.77,1.77,15134.360417231113,2014,5.0,0.93
MAR,1.79,1.82,15249.891562737736,2014,6.0,0.93
MAR,1.83,1.75,15478.367082753755,2014,7.0,0.93
MAR,1.75,1.75,15017.940531312683,2014,8.0,0.93
MAR,1.7,1.7,14722.863825035027,2014,9.0,0.93
MAR,1.67,1.7,14542.944270525604,2014,10.0,0.93
MAR,1.69,1.69,14663.13593649807,2014,11.0,0.93
MAR,1.65,1.69,14421.750955380063,2014,12.0,0.93
MAR,1.68,1.69,14603.163759059791,2014,13.0,0.93
MAR,1.7,1.7,14722.863825035027,2014,14.0,0.93
MAR,1.7,1.7,14722.863825035027,2014,15.0,0.93
MAR,1.7,1.69,14722.863825035027,2014,16.0,0.93
MAR,1.69,1.69,14663.13593649807,2014,17.0,0.93
MAR,1.69,1.73,14663.13593649807,2014,18.0,0.93
MAR,1.76,1.7,15076.262849935592,2014,19.0,0.93
MAR,1.69,1.69,14663.13593649807,2014,20.0,0.93
MAR,1.65,1.65,14421.750955380063,2014,21.0,0.93
MAR,1.66,1.69,14482.474385867548,2014,22.0,0.93
MAR,1.69,1.69,14663.13593649807,2014,23.0,0.93
MAR,1.69,1.69,14663.13593649807,2014,24.0,0.93
MAR,1.74,1.69,14959.390832642232,2014,25.0,0.93
MAR,1.7,1.65,14722.863825035027,2014,26.0,0.93
MAR,1.65,1.64,14421.750955380063,2014,27.0,0.93
MAR,1.55,1.5,13799.828384294035,2014,28.0,0.93
MAR,1.5,1.65,13478.109839456276,2014,29.0,0.93
MAR,1.65,1.6,14421.750955380063,2014,30.0,0.93
MAR,1.55,1.55,13799.828384294035,2014,31.0,0.93
MAR,,,14696.244154265683,2014,,
MAR,,14682.891415498461,,2014,,
ABRIL,1.55,1.65,13799.828384294035,2014,1.0,0.93
ABRIL,1.65,1.65,14421.750955380063,2014,2.0,0.93
ABRIL,1.65,1.6,14421.750955380063,2014,3.0,0.93
ABRIL,1.6,1.61,13871.390678810514,2014,4.0,0.91
ABRIL,1.6,1.56,13871.390678810514,2014,5.0,0.91
ABRIL,1.55,1.57,13565.14123349006,2014,6.0,0.91
ABRIL,1.55,1.69,13565.14123349006,2014,7.0,0.91
ABRIL,1.64,1.58,14111.605773543932,2014,8.0,0.91
ABRIL,1.55,1.55,13682.861915795114,2014,9.0,0.92
ABRIL,1.55,1.55,13682.861915795114,2014,10.0,0.92
ABRIL,1.6,1.62,13993.170340544757,2014,11.0,0.92
ABRIL,1.6,1.6,13993.170340544757,2014,12.0,0.92
ABRIL,1.6,1.56,13993.170340544757,2014,13.0,0.92
ABRIL,1.58,1.57,13869.880092862644,2014,14.0,0.92
ABRIL,1.58,1.7,13507.152564261385,2014,15.0,0.89
ABRIL,1.9,1.75,15293.16489297452,2014,16.0,0.89
ABRIL,1.7,1.35,14203.250197148052,2014,17.0,0.89
ABRIL,1.15,1.84,10645.361966145183,2014,18.0,0.89
ABRIL,1.63,1.65,13801.460591707802,2014,19.0,0.89
ABRIL,1.69,1.6,14146.550369215107,2014,20.0,0.89
ABRIL,1.56,1.59,13387.617889906356,2014,21.0,0.89
ABRIL,1.45,1.49,12710.098182611871,2014,22.0,0.89
ABRIL,1.49,1.59,12960.567544201836,2014,23.0,0.89
ABRIL,1.5,1.52,13022.432179967924,2014,24.0,0.89
ABRIL,1.55,1.67,13327.448516204993,2014,25.0,0.89
ABRIL,1.6,1.6,13625.638628054288,2014,26.0,0.89
ABRIL,1.6,1.6,13625.638628054288,2014,27.0,0.89
ABRIL,1.57,1.55,13447.518045356432,2014,28.0,0.89
ABRIL,1.3,1.3,11723.27444022966,2014,29.0,0.89
ABRIL,1.5,1.43,13022.432179967924,2014,30.0,0.89
ABRIL,,,,2014,,
ABRIL,,,13576.424055176467,2014,,
ABRIL,,13635.0506581318,,2014,,
AGOSTO,,,0.0,2015,1,
AGOSTO,,,0.0,2015,2,
AGOSTO,,,0.0,2015,3,
AGOSTO,,,0.0,2015,4,
AGOSTO,,,0.0,2015,5,
AGOSTO,,,0.0,2015,6,
AGOSTO,,,0.0,2015,7,
AGOSTO,,,0.0,2015,8,
AGOSTO,,,0.0,2015,9,
AGOSTO,,,0.0,2015,10,
AGOSTO,,,0.0,2015,11,
AGOSTO,,,0.0,2015,12,
AGOSTO,,,0.0,2015,13,
AGOSTO,,,0.0,2015,14,
AGOSTO,,,0.0,2015,15,
AGOSTO,,,0.0,2015,16,
AGOSTO,,,0.0,2015,17,
AGOSTO,,,0.0,2015,18,
AGOSTO,,,0.0,2015,19,
AGOSTO,,,0.0,2015,20,
AGOSTO,,,0.0,2015,21,
AGOSTO,,,0.0,2015,22,
AGOSTO,,,0.0,2015,23,
AGOSTO,,,0.0,2015,24,
AGOSTO,,,0.0,2015,25,
AGOSTO,,,0.0,2015,26,
AGOSTO,,,0.0,2015,27,
AGOSTO,,,0.0,2015,28,
AGOSTO,,,0.0,2015,29,
AGOSTO,,,0.0,2015,30,
AGOSTO,,,0.0,2015,31,
SEPT,,,0.0,2015,1,
SEPT,,,0.0,2015,2,
SEPT,,,0.0,2015,3,
SEPT,,,0.0,2015,4,
SEPT,,,0.0,2015,5,
SEPT,,,0.0,2015,6,
SEPT,,,0.0,2015,7,
SEPT,,,0.0,2015,8,
SEPT,,,0.0,2015,9,
SEPT,,,0.0,2015,10,
SEPT,,,0.0,2015,11,
SEPT,,,0.0,2015,12,
SEPT,,,0.0,2015,13,
SEPT,,,0.0,2015,14,
SEPT,,,0.0,2015,15,
SEPT,,,0.0,2015,16,
SEPT,,,0.0,2015,17,
SEPT,,,0.0,2015,18,
SEPT,,,0.0,2015,19,
SEPT,,,0.0,2015,20,
SEPT,,,0.0,2015,21,
SEPT,,,0.0,2015,22,
SEPT,,,0.0,2015,23,
SEPT,,,0.0,2015,24,
SEPT,,,0.0,2015,25,
SEPT,,,0.0,2015,26,
SEPT,,,0.0,2015,27,
SEPT,,,0.0,2015,28,
SEPT,,,0.0,2015,29,
SEPT,,,0.0,2015,30,
SEPT,,,0.0,2015,1,
OCT.,1.75,1.75,12958.058156301187,2015,1.0,0.78
OCT.,1.72,1.79,12814.341422112917,2015,2.0,0.78
OCT.,1.89,1.88,13608.683072958947,2015,3.0,0.78
OCT.,1.19,1.19,10129.299222416334,2015,4.0,0.8
OCT.,,,0.0,2015,5.0,
OCT.,,,0.0,2015,6.0,
OCT.,,,0.0,2015,7.0,
OCT.,,,0.0,2015,8.0,
OCT.,,,0.0,2015,9.0,
OCT.,,,0.0,2015,10.0,
OCT.,,,0.0,2015,11.0,
OCT.,1.9,1.87,14557.473614814726,2015,12.0,0.84
OCT.,1.87,1.85,14409.176298426919,2015,13.0,0.84
OCT.,2.0,1.79,15041.241954560246,2015,14.0,0.84
OCT.,1.75,1.85,13800.05999304468,2015,15.0,0.84
OCT.,1.95,1.92,15254.621520247032,2015,16.0,0.87
OCT.,1.86,1.82,14794.577004840765,2015,17.0,0.87
OCT.,1.88,1.89,14898.036845754428,2015,18.0,0.87
OCT.,1.92,1.82,15102.830465447318,2015,19.0,0.87
OCT.,1.81,1.89,14532.705391252151,2015,20.0,0.87
OCT.,1.86,1.81,14794.577004840765,2015,21.0,0.87
OCT.,1.84,1.9,14690.388546490849,2015,22.0,0.87
OCT.,1.88,1.86,14898.036845754428,2015,23.0,0.87
OCT.,1.85,1.87,14742.574815801894,2015,24.0,0.87
OCT.,1.85,1.9,14742.574815801894,2015,25.0,0.87
OCT.,1.82,1.82,14585.455856488545,2015,26.0,0.87
OCT.,1.83,1.8,14638.016228103546,2015,27.0,0.87
OCT.,1.74,1.75,14157.950067732334,2015,28.0,0.87
OCT.,1.75,1.85,14212.091565742485,2015,29.0,0.87
OCT.,1.85,1.88,14742.574815801894,2015,30.0,0.87
OCT.,1.88,1.89,14898.036845754428,2015,31.0,0.87
OCT.,,,,2015,,
OCT.,,,,2015,,
OCT.,,,,2015,,
OCT.,,,,2015,,
OCT.,,,,2015,,
OCT.,,,,2015,,
OCT.,,,,2015,,
OCT.,,,,2015,,
OCT.,,,,2015,,
OCT.,,,,2015,,
OCT.,,,,2015,,
OCT.,,,,2015,,
OCT.,,,,2015,,
OCT.,,,,2015,,
OCT.,,,,2015,,
OCT.,,,,2015,,
OCT.,,,,2015,,
OCT.,,,,2015,,
NOV.,1.9,1.85,15000.783144981135,2015,1.0,0.87
NOV.,1.85,1.79,14742.574815801894,2015,2.0,0.87
NOV.,1.85,1.89,14742.574815801894,2015,3.0,0.87
NOV.,1.82,1.8,14585.455856488545,2015,4.0,0.87
NOV.,1.82,1.82,14585.455856488545,2015,5.0,0.87
NOV.,1.83,1.88,14638.016228103546,2015,6.0,0.87
NOV.,1.87,1.78,14846.397047930846,2015,7.0,0.87
NOV.,1.85,1.86,14742.574815801894,2015,8.0,0.87
NOV.,1.88,1.86,14898.036845754428,2015,9.0,0.87
NOV.,1.84,1.8,14690.388546490849,2015,10.0,0.87
NOV.,1.83,1.85,12131.228012345604,2015,11.0,0.7
NOV.,1.9,1.89,15000.783144981135,2015,12.0,0.87
NOV.,1.9,1.88,15293.16489297452,2015,13.0,0.89
NOV.,1.88,1.89,15187.693531791327,2015,14.0,0.89
NOV.,1.99,1.87,15759.05300994077,2015,15.0,0.89
NOV.,2.0,1.89,15809.97092293877,2015,16.0,0.89
NOV.,1.87,1.86,15134.68222334285,2015,17.0,0.89
NOV.,1.87,1.87,15134.68222334285,2015,18.0,0.89
NOV.,1.85,1.85,15028.098628019376,2015,19.0,0.89
NOV.,1.87,1.85,15134.68222334285,2015,20.0,0.89
NOV.,1.85,1.89,15028.098628019376,2015,21.0,0.89
NOV.,1.9,1.9,15293.16489297452,2015,22.0,0.89
NOV.,1.89,1.88,15240.520451403954,2015,23.0,0.89
NOV.,1.88,1.87,15187.693531791327,2015,24.0,0.89
NOV.,1.84,1.84,14974.522348289833,2015,25.0,0.89
NOV.,1.77,1.88,14593.982248211383,2015,26.0,0.89
NOV.,1.86,1.85,15081.484581682398,2015,27.0,0.89
NOV.,1.85,1.85,15028.098628019376,2015,28.0,0.89
NOV.,1.86,1.85,15081.484581682398,2015,29.0,0.89
NOV.,1.75,1.77,14483.420184231927,2015,30.0,0.89
NOV.,,,0.0,2015,1.0,
NOV.,,,14902.62556209901,2015,,
NOV.,,14875.628087804022,,2015,,
DIC.,1.82,1.77,14866.790572660246,2015,1.0,0.89
DIC.,1.87,1.98,15134.68222334285,2015,2.0,0.89
DIC.,1.96,1.96,15605.30247473547,2015,3.0,0.89
DIC.,1.93,1.82,15450.021970400128,2015,4.0,0.89
DIC.,1.84,1.84,14974.522348289833,2015,5.0,0.89
DIC.,1.83,1.84,14920.75369226989,2015,6.0,0.89
DIC.,1.84,1.84,14974.522348289833,2015,7.0,0.89
DIC.,1.84,1.96,14974.522348289833,2015,8.0,0.89
DIC.,1.9,1.9,15293.16489297452,2015,9.0,0.89
DIC.,1.81,1.86,14812.63086414069,2015,10.0,0.89
DIC.,1.86,1.89,15081.484581682398,2015,11.0,0.89
DIC.,1.82,1.89,14866.790572660246,2015,12.0,0.89
DIC.,1.89,1.87,15240.520451403954,2015,13.0,0.89
DIC.,1.87,1.85,15134.68222334285,2015,14.0,0.89
DIC.,1.84,1.85,14974.522348289833,2015,15.0,0.89
DIC.,1.99,1.95,15759.05300994077,2015,16.0,0.89
DIC.,1.89,1.96,15240.520451403954,2015,17.0,0.89
DIC.,1.99,1.99,15759.05300994077,2015,18.0,0.89
DIC.,2.0,1.95,15809.97092293877,2015,19.0,0.89
DIC.,1.9,1.95,15293.16489297452,2015,20.0,0.89
DIC.,1.96,1.95,15605.30247473547,2015,21.0,0.89
DIC.,1.92,1.9,15397.913822066954,2015,22.0,0.89
DIC.,1.95,1.97,15553.714556784784,2015,23.0,0.89
DIC.,1.97,1.95,15656.720414634448,2015,24.0,0.89
DIC.,1.92,1.9,15397.913822066954,2015,25.0,0.89
DIC.,1.9,1.96,15293.16489297452,2015,26.0,0.89
DIC.,1.94,1.95,15649.898006753774,2015,27.0,0.9
DIC.,1.96,1.88,15754.580765817038,2015,28.0,0.9
DIC.,1.84,1.84,15115.613457531725,2015,29.0,0.9
DIC.,1.85,1.9,15169.888725364548,2015,30.0,0.9
DIC.,1.97,1.97,15806.662166601787,2015,31.0,0.9
DIC.,,,15292.046237956722,2015,,
DIC.,,15311.334296504061,,2015,,
ENERO,1.9,1.99,15438.403176885982,2015,1.0,0.9
ENERO,1.98,1.97,15858.572526917687,2015,2.0,0.9
ENERO,1.96,1.95,15754.580765817038,2015,3.0,0.9
ENERO,1.95,1.9,15702.326622644938,2015,4.0,0.9
ENERO,1.9,1.87,15438.403176885982,2015,5.0,0.9
ENERO,1.79,1.6,14841.26010436356,2015,6.0,0.9
ENERO,1.06,1.0,3443.6712272480363,2015,7.0,0.25
ENERO,1.0,1.15,7607.485108846735,2015,8.0,0.65
ENERO,1.12,1.14,8256.059018294403,2015,9.0,0.65
ENERO,1.18,1.15,8561.942006909303,2015,10.0,0.65
ENERO,1.45,1.78,11077.48991671308,2015,11.0,0.75
ENERO,1.79,1.62,12709.116220518874,2015,12.0,0.75
ENERO,1.74,1.99,13885.376817104727,2015,13.0,0.85
ENERO,1.89,1.93,15240.520451403954,2015,14.0,0.89
ENERO,1.89,1.85,15385.0752,2015,15.0,0.9
ENERO,1.85,1.88,15169.888725364548,2015,16.0,0.9
ENERO,1.86,1.86,15223.970496633607,2015,17.0,0.9
ENERO,1.86,1.8,15223.970496633607,2015,18.0,0.9
ENERO,1.82,1.78,15006.47402665456,2015,19.0,0.9
ENERO,1.81,1.82,14951.605564962909,2015,20.0,0.9
ENERO,1.8,1.83,14896.535007437185,2015,21.0,0.9
ENERO,1.84,1.85,15115.613457531725,2015,22.0,0.9
ENERO,1.83,1.84,15061.142601246629,2015,23.0,0.9
ENERO,1.87,1.95,15562.280952114355,2015,24.0,0.92
ENERO,1.92,1.88,15835.804191935642,2015,25.0,0.92
ENERO,1.79,1.8,15114.351420953699,2015,26.0,0.92
ENERO,1.85,1.75,15451.515978810208,2015,27.0,0.92
ENERO,1.8,1.85,15171.065884460528,2015,28.0,0.92
ENERO,1.8,1.79,15171.065884460528,2015,29.0,0.92
ENERO,1.84,1.79,15395.83465905211,2015,30.0,0.92
ENERO,1.82,1.77,15283.863466406528,2015,31.0,0.92
ENERO,,,13962.427908232667,2015,,
ENERO,,13976.244851165357,,2015,,
FEB,1.77,1.78,15000.27921363369,2015,1.0,0.92
FEB,1.78,1.85,15057.423341379761,2015,2.0,0.92
FEB,1.77,1.78,15000.27921363369,2015,3.0,0.92
FEB,1.77,1.75,15000.27921363369,2015,4.0,0.92
FEB,1.75,1.75,14885.33285142986,2015,5.0,0.92
FEB,1.75,1.4,14885.33285142986,2015,6.0,0.92
FEB,0.7,0.7,,2015,7.0,libre
FEB,0.6,0.6,,2015,8.0,libre
FEB,0.7,0.7,,2015,9.0,libre
FEB,0.7,0.7,,2015,10.0,libre
FEB,0.7,0.8,,2015,11.0,libre
FEB,1.25,1.25,8330.842441878924,2015,12.0,0.6
FEB,1.2,1.2,8108.646600828426,2015,13.0,0.6
FEB,1.12,1.12,7739.876739733698,2015,14.0,0.6
FEB,1.1,1.87,7644.905330254705,2015,15.0,0.6
FEB,1.9,1.93,12414.80084104208,2015,16.0,0.7
FEB,1.87,1.95,13063.44519421917,2015,17.0,0.75
FEB,1.75,1.87,13661.380673617847,2015,18.0,0.83
FEB,1.94,1.98,14601.211173198415,2015,19.0,0.83
FEB,1.97,1.96,14744.130186560877,2015,20.0,0.83
FEB,1.98,1.97,14791.46298949373,2015,21.0,0.83
FEB,1.9,1.81,15438.403176885982,2015,22.0,0.9
FEB,1.84,1.87,15115.613457531725,2015,23.0,0.9
FEB,1.89,1.83,15385.0752,2015,24.0,0.9
FEB,1.88,1.9,15331.561732818573,2015,25.0,0.9
FEB,1.9,1.93,15438.403176885982,2015,26.0,0.9
FEB,1.9,1.95,15438.403176885982,2015,27.0,0.9
FEB,1.95,1.97,15702.326622644938,2015,28.0,0.9
FEB,1.95,1.89,15702.326622644938,2015,29.0,0.9
FEB,,,0.0,2015,,
FEB,,,0.0,2015,,
FEB,,,,2015,,
FEB,,,,2015,,
FEB,,,,2015,,
FEB,,,,2015,,
FEB,,,,2015,,
FEB,,,,2015,,
FEB,,,,2015,,
FEB,,,,2015,,
FEB,,,,2015,,
FEB,,,,2015,,
FEB,,,,2015,,
FEB,,,,2015,,
FEB,,,,2015,,
FEB,,,,2015,,
FEB,,,,2015,,
FEB,,,,2015,,
FEB,,,,2015,,
FEB,,,,2015,,
MAR,1.5,1.9,13137.509008748835,2015,1.0,0.9
MAR,1.79,1.88,14978.140256617156,2015,2.0,0.91
MAR,1.89,1.85,15528.990015651807,2015,3.0,0.91
MAR,1.84,1.9,15256.051528051237,2015,4.0,0.91
MAR,1.85,1.84,15311.02846847612,2015,5.0,0.91
MAR,1.9,1.83,15583.00405705348,2015,6.0,0.91
MAR,1.8,1.65,15034.133499567819,2015,7.0,0.91
MAR,1.65,1.55,14171.023323805879,2015,8.0,0.91
MAR,1.73,1.7,14637.683502907988,2015,9.0,0.91
MAR,1.76,1.75,14808.89030073152,2015,10.0,0.91
MAR,1.65,1.4,14171.023323805879,2015,11.0,0.91
MAR,1.35,1.59,12263.905004764847,2015,12.0,0.91
MAR,1.6,1.66,13871.390678810514,2015,13.0,0.91
MAR,1.7,1.65,14464.450377512076,2015,14.0,0.91
MAR,1.62,1.6,13992.013737702477,2015,15.0,0.91
MAR,1.61,1.62,13931.832754527419,2015,16.0,0.91
MAR,1.67,1.63,14289.117226606893,2015,17.0,0.91
MAR,1.6,1.67,13871.390678810514,2015,18.0,0.91
MAR,1.65,1.63,14171.023323805879,2015,19.0,0.91
MAR,1.59,1.6,13810.684082559397,2015,20.0,0.91
MAR,1.67,1.64,14289.117226606893,2015,21.0,0.91
MAR,1.6,1.55,13871.390678810514,2015,22.0,0.91
MAR,1.55,1.56,13565.14123349006,2015,23.0,0.91
MAR,1.58,1.49,13749.709462106017,2015,24.0,0.91
MAR,1.5,1.51,13251.816253060304,2015,25.0,0.91
MAR,1.53,1.55,13440.68776561187,2015,26.0,0.91
MAR,1.57,1.57,13688.463235746949,2015,27.0,0.91
MAR,1.6,1.59,13871.390678810514,2015,28.0,0.91
MAR,1.6,1.55,13871.390678810514,2015,29.0,0.91
MAR,1.5,1.55,13251.816253060304,2015,30.0,0.91
MAR,1.59,1.55,13810.684082559397,2015,31.0,0.91
MAR,,,14127.254603199714,2015,,
MAR,,14123.708607717595,,2015,,
ABRIL,1.55,1.56,13565.14123349006,2015,1.0,0.91
ABRIL,1.62,1.69,13992.013737702477,2015,2.0,0.91
ABRIL,1.62,1.6,13992.013737702477,2015,3.0,0.91
ABRIL,1.69,1.65,14406.243097614919,2015,4.0,0.91
ABRIL,1.5,1.52,13251.816253060304,2015,5.0,0.91
ABRIL,1.5,1.51,13251.816253060304,2015,6.0,0.91
ABRIL,1.51,1.53,13315.071105360463,2015,7.0,0.91
ABRIL,1.4,1.55,12601.816878750273,2015,8.0,0.91
ABRIL,1.5,1.52,13251.816253060304,2015,9.0,0.91
ABRIL,1.53,1.57,13440.68776561187,2015,10.0,0.91
ABRIL,1.53,1.55,13440.68776561187,2015,11.0,0.91
ABRIL,1.49,1.5,13188.25801495184,2015,12.0,0.91
ABRIL,1.48,1.47,12898.406190447404,2015,13.0,0.89
ABRIL,1.47,1.48,12835.943807906213,2015,14.0,0.89
ABRIL,1.53,1.48,13206.287378517949,2015,15.0,0.89
ABRIL,1.49,1.5,12960.567544201836,2015,16.0,0.89
ABRIL,1.5,1.51,12672.614035799907,2015,17.0,0.86
ABRIL,1.52,1.5,12790.501356069344,2015,18.0,0.86
ABRIL,1.53,1.5,12607.141965351235,2015,19.0,0.84
ABRIL,1.5,1.53,12195.594316252167,2015,20.0,0.82
ABRIL,1.49,1.48,12139.522321237602,2015,21.0,0.82
ABRIL,1.49,1.5,12139.522321237602,2015,22.0,0.82
ABRIL,1.52,1.5,12306.971918557158,2015,23.0,0.82
ABRIL,1.5,1.5,12195.594316252167,2015,24.0,0.82
ABRIL,,,0.0,2015,25.0,
ABRIL,,,0.0,2015,26.0,
ABRIL,,,0.0,2015,27.0,
ABRIL,,,0.0,2015,28.0,
ABRIL,,,0.0,2015,29.0,
ABRIL,,,0.0,2015,30.0,
ABRIL,,,,2015,,
ABRIL,,,13026.918731991986,2015,,
ABRIL,,13058.9871931479,,2015,,
AGOSTO,,,0.0,2016,1,
AGOSTO,,,0.0,2016,2,
AGOSTO,,,0.0,2016,3,
AGOSTO,,,0.0,2016,4,
AGOSTO,,,0.0,2016,5,
AGOSTO,,,0.0,2016,6,
AGOSTO,,,0.0,2016,7,
AGOSTO,,,0.0,2016,8,
AGOSTO,,,0.0,2016,9,
AGOSTO,,,0.0,2016,10,
AGOSTO,,,0.0,2016,11,
AGOSTO,,,0.0,2016,12,
AGOSTO,,,0.0,2016,13,
AGOSTO,,,0.0,2016,14,
AGOSTO,,,0.0,2016,15,
AGOSTO,,,0.0,2016,16,
AGOSTO,,,0.0,2016,17,
AGOSTO,,,0.0,2016,18,
AGOSTO,,,0.0,2016,19,
AGOSTO,,,0.0,2016,20,
AGOSTO,,,0.0,2016,21,
AGOSTO,,,0.0,2016,22,
AGOSTO,,,0.0,2016,23,
AGOSTO,,,0.0,2016,24,
AGOSTO,,,0.0,2016,25,
AGOSTO,,,0.0,2016,26,
AGOSTO,,,0.0,2016,27,
AGOSTO,,,0.0,2016,28,
AGOSTO,,,0.0,2016,29,
AGOSTO,,,0.0,2016,30,
AGOSTO,,,0.0,2016,31,
SEPT,1.65,2.0,8427.71595853586,2016,1.0,0.5
SEPT,1.87,1.95,9065.742502487483,2016,2.0,0.5
SEPT,1.8,1.9,8867.71488645863,2016,3.0,0.5
SEPT,1.85,1.87,9009.607334253807,2016,4.0,0.5
SEPT,2.0,1.82,10462.322869782862,2016,5.0,0.56
SEPT,2.0,1.83,11144.268805340402,2016,6.0,0.6
SEPT,1.94,1.85,11440.449805005144,2016,7.0,0.63
SEPT,1.83,1.84,11515.039523272955,2016,8.0,0.66
SEPT,2.0,1.7,12809.019298979356,2016,9.0,0.7
SEPT,1.87,1.94,13366.872940683257,2016,10.0,0.77
SEPT,1.9,1.9,13501.216747804843,2016,11.0,0.77
SEPT,1.89,1.91,13456.584504184586,2016,12.0,0.77
SEPT,1.96,1.95,13765.971690689965,2016,13.0,0.77
SEPT,1.8,1.85,13048.025986399376,2016,14.0,0.77
SEPT,1.95,1.85,14801.334358456508,2016,15.0,0.84
SEPT,1.85,1.85,14454.471786338676,2016,16.0,0.85
SEPT,1.9,1.94,14705.872751412258,2016,17.0,0.85
SEPT,1.93,1.94,14854.67120591805,2016,18.0,0.85
SEPT,1.93,1.93,14854.67120591805,2016,19.0,0.85
SEPT,1.87,1.86,14555.5532401049,2016,20.0,0.85
SEPT,1.85,1.95,14454.471786338676,2016,21.0,0.85
SEPT,1.88,1.77,14605.831639357688,2016,22.0,0.85
SEPT,1.75,1.8,14483.420184231927,2016,23.0,0.89
SEPT,1.86,1.9,15081.484581682398,2016,24.0,0.89
SEPT,1.87,1.9,15134.68222334285,2016,25.0,0.89
SEPT,1.88,1.85,15187.693531791327,2016,26.0,0.89
SEPT,1.85,1.84,15028.098628019376,2016,27.0,0.89
SEPT,1.87,1.9,15134.68222334285,2016,28.0,0.89
SEPT,1.82,1.88,14866.790572660246,2016,29.0,0.89
SEPT,1.89,1.86,15240.520451403954,2016,30.0,0.89
SEPT,,,0.0,2016,1.0,
SEPT,,,13244.160107473277,2016,,
SEPT,,13242.350850632927,,2016,,
OCT.,1.82,1.85,14866.790572660246,2016,1.0,0.89
OCT.,1.86,1.88,15081.484581682398,2016,2.0,0.89
OCT.,1.91,1.8,15345.628734520931,2016,3.0,0.89
OCT.,1.74,1.64,14427.821437035136,2016,4.0,0.89
OCT.,1.64,1.84,13859.572261744215,2016,5.0,0.89
OCT.,1.83,1.8,14495.671448681678,2016,6.0,0.86
OCT.,,,0.0,2016,7.0,
OCT.,,,0.0,2016,8.0,
OCT.,,,0.0,2016,9.0,
OCT.,,,0.0,2016,10.0,
OCT.,1.88,1.85,14752.25192457994,2016,11.0,0.86
OCT.,1.9,1.92,14853.643165416739,2016,12.0,0.86
OCT.,1.93,1.85,15004.445439416275,2016,13.0,0.86
OCT.,1.8,,14339.519625469915,2016,14.0,0.86
OCT.,,,0.0,2016,15.0,
OCT.,,,0.0,2016,16.0,
OCT.,,,0.0,2016,17.0,
OCT.,1.1,,10027.93985398667,2016,18.0,0.86
OCT.,,,0.0,2016,19.0,
OCT.,,,0.0,2016,20.0,
OCT.,,,0.0,2016,21.0,
OCT.,,,0.0,2016,22.0,
OCT.,,,0.0,2016,23.0,
OCT.,,,0.0,2016,24.0,
OCT.,,,0.0,2016,25.0,
OCT.,,,0.0,2016,26.0,
OCT.,,,0.0,2016,27.0,
OCT.,,,0.0,2016,28.0,
OCT.,,,0.0,2016,29.0,
OCT.,,,0.0,2016,30.0,
OCT.,,,0.0,2016,31.0,
OCT.,,,,2016,,
OCT.,,,,2016,,
OCT.,,,,2016,,
OCT.,,,,2016,,
OCT.,,,,2016,,
OCT.,,,,2016,,
OCT.,,,,2016,,
OCT.,,,,2016,,
OCT.,,,,2016,,
OCT.,,,,2016,,
OCT.,,,,2016,,
OCT.,,,,2016,,
OCT.,,,,2016,,
OCT.,,,,2016,,
OCT.,,,,2016,,
OCT.,,,,2016,,
OCT.,,,,2016,,
OCT.,,,,2016,,
OCT.,,,,2016,,
OCT.,,,,2016,,
OCT.,,,,2016,,
OCT.,,,,2016,,
OCT.,,,,2016,,
OCT.,,,,2016,,
OCT.,,,,2016,,
OCT.,,,,2016,,
OCT.,,,,2016,,
OCT.,,,,2016,,
OCT.,,,,2016,,
OCT.,,,,2016,,
OCT.,,,,2016,,
OCT.,,,,2016,,
OCT.,,,,2016,,
OCT.,,,,2016,,
OCT.,,,,2016,,
OCT.,,,,2016,,
OCT.,,,,2016,,
OCT.,,,,2016,,
OCT.,,,,2016,,
OCT.,,,,2016,,
OCT.,,,,2016,,
NOV.,1.55,1.35,4251.315231276081,2016,1.0,0.25
NOV.,1.1,1.2,3516.56123554816,2016,2.0,0.25
NOV.,1.2,1.2,3692.49663890436,2016,3.0,0.25
NOV.,1.22,1.21,3726.687152057709,2016,4.0,0.25
NOV.,1.1,1.15,3516.56123554816,2016,5.0,0.25
NOV.,1.21,1.1,3709.631286100547,2016,6.0,0.25
NOV.,1.05,1.09,3425.206369093693,2016,7.0,0.25
NOV.,1.8,1.9,4609.175897932298,2016,8.0,0.25
NOV.,1.88,1.85,7385.680221978182,2016,9.0,0.4
NOV.,2.0,1.97,13619.5831011966,2016,10.0,0.75
NOV.,1.99,1.95,14370.253089753409,2016,11.0,0.8
NOV.,1.89,1.95,13911.020450447799,2016,12.0,0.8
NOV.,2.0,1.97,14415.371734806093,2016,13.0,0.8
NOV.,1.99,1.98,14370.253089753409,2016,14.0,0.8
NOV.,1.98,1.99,14324.992337676427,2016,15.0,0.8
NOV.,1.98,1.97,15099.410432020175,2016,16.0,0.85
NOV.,1.87,1.76,14555.5532401049,2016,17.0,0.85
NOV.,1.83,1.9,14352.678464962322,2016,18.0,0.85
NOV.,1.97,1.97,15050.780964550175,2016,19.0,0.85
NOV.,1.9,1.93,14705.872751412258,2016,20.0,0.85
NOV.,2.0,1.95,15196.202515696714,2016,21.0,0.85
NOV.,2.05,1.95,15435.527514689478,2016,22.0,0.85
NOV.,1.98,1.95,15099.410432020175,2016,23.0,0.85
NOV.,1.97,1.93,15050.780964550175,2016,24.0,0.85
NOV.,1.94,1.9,14903.940565758594,2016,25.0,0.85
NOV.,1.93,1.95,14854.67120591805,2016,26.0,0.85
NOV.,1.89,1.92,14655.937555441338,2016,27.0,0.85
NOV.,1.87,1.8,14846.397047930846,2016,28.0,0.87
NOV.,1.83,1.88,14638.016228103546,2016,29.0,0.87
NOV.,1.85,1.82,14742.574815801894,2016,30.0,0.87
NOV.,1.79,1.9,14426.625831553121,2016,1.0,0.87
NOV.,,,11627.71514847054,2016,,
NOV.,,11609.99737040759,,2016,,
DIC.,1.79,1.9,14426.625831553121,2016,1.0,0.87
DIC.,1.84,1.87,14690.388546490849,2016,2.0,0.87
DIC.,1.85,1.88,14742.574815801894,2016,3.0,0.87
DIC.,1.87,1.84,14846.397047930846,2016,4.0,0.87
DIC.,1.89,1.93,14949.498266166102,2016,5.0,0.87
DIC.,1.92,1.87,15102.830465447318,2016,6.0,0.87
DIC.,1.84,1.84,14690.388546490849,2016,7.0,0.87
DIC.,1.84,1.84,14690.388546490849,2016,8.0,0.87
DIC.,1.84,1.8,14690.388546490849,2016,9.0,0.87
DIC.,1.75,1.71,14348.093160867009,2016,10.0,0.88
DIC.,1.6,1.74,13501.671418425722,2016,11.0,0.88
DIC.,1.68,1.74,13959.48455701066,2016,12.0,0.88
DIC.,1.77,1.81,14457.20570699919,2016,13.0,0.88
DIC.,1.82,1.83,14726.450543441148,2016,14.0,0.88
DIC.,1.84,1.94,14832.780087023113,2016,15.0,0.88
DIC.,1.85,1.88,14885.660041152863,2016,16.0,0.88
DIC.,1.89,1.94,15095.32755073296,2016,17.0,0.88
DIC.,1.93,1.93,15302.122495492582,2016,18.0,0.88
DIC.,1.92,1.93,15250.68664409162,2016,19.0,0.88
DIC.,1.93,1.96,15302.122495492582,2016,20.0,0.88
DIC.,2.0,1.95,15657.442994389588,2016,21.0,0.88
DIC.,1.94,1.93,15501.95496380675,2016,22.0,0.89
DIC.,1.95,1.94,15553.714556784784,2016,23.0,0.89
DIC.,1.95,1.89,15553.714556784784,2016,24.0,0.89
DIC.,1.88,1.92,15187.693531791327,2016,25.0,0.89
DIC.,1.9,1.89,15293.16489297452,2016,26.0,0.89
DIC.,1.87,1.88,15134.68222334285,2016,27.0,0.89
DIC.,1.89,1.89,15240.520451403954,2016,28.0,0.89
DIC.,1.88,1.89,15187.693531791327,2016,29.0,0.89
DIC.,1.9,1.91,15293.16489297452,2016,30.0,0.89
DIC.,1.92,1.93,15397.913822066954,2016,31.0,0.89
DIC.,,,14951.378894571082,2016,,
DIC.,,14991.367452283055,,2016,,
ENERO,1.96,1.97,15605.30247473547,2016,1.0,0.89
ENERO,1.94,1.95,15501.95496380675,2016,2.0,0.89
ENERO,1.92,2.0,15397.913822066954,2016,3.0,0.89
ENERO,2.0,2.0,15809.97092293877,2016,4.0,0.89
ENERO,1.97,1.98,15806.662166601787,2016,5.0,0.9
ENERO,1.95,1.97,15702.326622644938,2016,6.0,0.9
ENERO,1.95,1.95,15702.326622644938,2016,7.0,0.9
ENERO,1.95,1.94,15702.326622644938,2016,8.0,0.9
ENERO,1.93,1.94,15597.293158730065,2016,9.0,0.9
ENERO,1.93,1.9,15597.293158730065,2016,10.0,0.9
ENERO,1.93,1.98,15597.293158730065,2016,11.0,0.9
ENERO,1.95,1.94,15702.326622644938,2016,12.0,0.9
ENERO,1.89,1.9,15385.0752,2016,13.0,0.9
ENERO,1.89,1.91,15385.0752,2016,14.0,0.9
ENERO,1.94,1.92,15649.898006753774,2016,15.0,0.9
ENERO,1.92,1.91,15544.510289389613,2016,16.0,0.9
ENERO,1.92,1.96,15544.510289389613,2016,17.0,0.9
ENERO,1.94,1.94,15649.898006753774,2016,18.0,0.9
ENERO,1.95,1.94,15702.326622644938,2016,19.0,0.9
ENERO,1.88,1.79,15331.561732818573,2016,20.0,0.9
ENERO,1.8,1.77,14896.535007437185,2016,21.0,0.9
ENERO,1.75,1.78,14618.070546951838,2016,22.0,0.9
ENERO,1.8,1.78,14896.535007437185,2016,23.0,0.9
ENERO,1.8,1.84,14896.535007437185,2016,24.0,0.9
ENERO,1.86,1.84,15223.970496633607,2016,25.0,0.9
ENERO,1.85,1.85,15169.888725364548,2016,26.0,0.9
ENERO,1.86,1.84,15223.970496633607,2016,27.0,0.9
ENERO,1.83,1.8,15061.142601246629,2016,28.0,0.9
ENERO,1.3,1.05,11820.282065432855,2016,29.0,0.9
ENERO,1.4,1.91,12496.263662818386,2016,30.0,0.9
ENERO,1.88,1.85,15331.561732818573,2016,31.0,0.9
ENERO,,,15211.309710157466,2016,,
ENERO,,15228.455214644018,,2016,,
FEB,1.95,1.98,15702.326622644938,2016,1.0,0.9
FEB,1.95,1.96,15702.326622644938,2016,2.0,0.9
FEB,1.95,1.97,15702.326622644938,2016,3.0,0.9
FEB,1.98,1.99,15858.572526917687,2016,4.0,0.9
FEB,1.99,2.0,15910.31352091896,2016,5.0,0.9
FEB,1.99,2.0,15910.31352091896,2016,6.0,0.9
FEB,1.99,1.85,15910.31352091896,2016,7.0,0.9
FEB,1.9,1.98,15438.403176885982,2016,8.0,0.9
FEB,1.95,1.97,15702.326622644938,2016,9.0,0.9
FEB,1.99,1.85,15910.31352091896,2016,10.0,0.9
FEB,1.79,1.78,14841.26010436356,2016,11.0,0.9
FEB,1.8,1.75,14896.535007437185,2016,12.0,0.9
FEB,1.8,1.79,14896.535007437185,2016,13.0,0.9
FEB,1.8,1.79,14896.535007437185,2016,14.0,0.9
FEB,1.81,1.83,14951.605564962909,2016,15.0,0.9
FEB,1.8,1.75,14896.535007437185,2016,16.0,0.9
FEB,1.78,1.81,14785.778563976444,2016,17.0,0.9
FEB,1.87,1.82,15277.860826202035,2016,18.0,0.9
FEB,1.82,1.83,15006.47402665456,2016,19.0,0.9
FEB,1.83,1.83,15061.142601246629,2016,20.0,0.9
FEB,1.84,1.85,15115.613457531725,2016,21.0,0.9
FEB,1.79,1.77,14841.26010436356,2016,22.0,0.9
FEB,1.74,1.75,14561.738659007468,2016,23.0,0.9
FEB,1.74,1.74,14561.738659007468,2016,24.0,0.9
FEB,1.65,1.7,14044.58789325551,2016,25.0,0.9
FEB,1.65,1.6,14044.58789325551,2016,26.0,0.9
FEB,1.71,1.58,14391.420067038143,2016,27.0,0.9
FEB,1.7,1.73,14334.197494227572,2016,28.0,0.9
FEB,,,0.0,2016,,
FEB,,,0.0,2016,,
FEB,,,0.0,2016,,
FEB,,,15112.605079389326,2016,,
FEB,,15081.333112773822,,2016,,
MAR,1.79,1.8,14841.26010436356,2016,1.0,0.9
MAR,1.8,1.82,14896.535007437185,2016,2.0,0.9
MAR,1.82,1.8,15006.47402665456,2016,3.0,0.9
MAR,1.81,1.8,14951.605564962909,2016,4.0,0.9
MAR,1.81,1.82,14951.605564962909,2016,5.0,0.9
MAR,1.82,1.82,15006.47402665456,2016,6.0,0.9
MAR,1.86,1.9,15223.970496633607,2016,7.0,0.9
MAR,1.92,1.91,15544.510289389613,2016,8.0,0.9
MAR,1.92,1.92,15544.510289389613,2016,9.0,0.9
MAR,1.75,1.83,14618.070546951838,2016,10.0,0.9
MAR,1.84,1.89,15115.613457531725,2016,11.0,0.9
MAR,1.9,1.92,15438.403176885982,2016,12.0,0.9
MAR,1.87,1.9,15277.860826202035,2016,13.0,0.9
MAR,1.87,1.88,15277.860826202035,2016,14.0,0.9
MAR,1.84,1.9,15115.613457531725,2016,15.0,0.9
MAR,1.87,1.85,15277.860826202035,2016,16.0,0.9
MAR,1.85,1.69,15169.888725364548,2016,17.0,0.9
MAR,1.55,1.2,13446.669166269303,2016,18.0,0.9
MAR,1.24,1.25,11395.461625218377,2016,19.0,0.9
MAR,1.24,1.1,10931.344920287778,2016,20.0,0.85
MAR,1.07,1.12,9724.665032114344,2016,21.0,0.85
MAR,1.1,1.15,9362.668459934199,2016,22.0,0.78
MAR,1.22,1.3,10123.006524203458,2016,23.0,0.78
MAR,1.33,1.25,10772.94387749313,2016,24.0,0.78
MAR,1.2,1.25,10000.29888,2016,25.0,0.78
MAR,1.32,1.35,10715.487767141,2016,26.0,0.78
MAR,1.35,1.0,10886.946458367156,2016,27.0,0.78
MAR,0.9,0.7,4245.3442799708955,2016,28.0,0.35
MAR,0.4,0.4,2365.0219252416246,2016,29.0,0.35
MAR,0.4,0.4,2365.0219252416246,2016,30.0,0.35
MAR,0.4,0.45,2365.0219252416246,2016,31.0,0.35
MAR,,,12127.678063872421,2016,,
MAR,,12061.584176378306,,2016,,
ABRIL,0.4,0.4,2365.0219252416246,2016,1,0.35
ABRIL,0.4,0.4,2365.0219252416246,2016,2,0.35
ABRIL,0.4,,2365.0219252416246,2016,3,0.35
ABRIL,,,0.0,2016,4,
ABRIL,,,0.0,2016,5,
ABRIL,,,0.0,2016,6,
ABRIL,,,0.0,2016,7,
ABRIL,,,0.0,2016,8,
ABRIL,,,0.0,2016,9,
ABRIL,,,0.0,2016,10,
ABRIL,,,0.0,2016,11,
ABRIL,,,0.0,2016,12,
ABRIL,,,0.0,2016,13,
ABRIL,,,0.0,2016,14,
ABRIL,,,0.0,2016,15,
ABRIL,,,0.0,2016,16,
ABRIL,,,0.0,2016,17,
ABRIL,,,0.0,2016,18,
ABRIL,,,0.0,2016,19,
ABRIL,,,0.0,2016,20,
ABRIL,,,0.0,2016,21,
ABRIL,,,0.0,2016,22,
ABRIL,,,0.0,2016,23,
ABRIL,,,0.0,2016,24,
ABRIL,,,0.0,2016,25,
ABRIL,,,0.0,2016,26,
ABRIL,,,0.0,2016,27,
ABRIL,,,0.0,2016,28,
ABRIL,,,0.0,2016,29,
ABRIL,,,0.0,2016,30,
AGOSTO,,,0.0,2017,1,
AGOSTO,,,0.0,2017,2,
AGOSTO,,,0.0,2017,3,
AGOSTO,,,0.0,2017,4,
AGOSTO,,,0.0,2017,5,
AGOSTO,,,0.0,2017,6,
AGOSTO,,,0.0,2017,7,
AGOSTO,,,0.0,2017,8,
AGOSTO,,,0.0,2017,9,
AGOSTO,,,0.0,2017,10,
AGOSTO,,,0.0,2017,11,
AGOSTO,,,0.0,2017,12,
AGOSTO,,,0.0,2017,13,
AGOSTO,,,0.0,2017,14,
AGOSTO,,,0.0,2017,15,
AGOSTO,,,0.0,2017,16,
AGOSTO,,,0.0,2017,17,
AGOSTO,,,0.0,2017,18,
AGOSTO,,,0.0,2017,19,
AGOSTO,,,0.0,2017,20,
AGOSTO,,,0.0,2017,21,
AGOSTO,,,0.0,2017,22,
AGOSTO,,,0.0,2017,23,
AGOSTO,,,0.0,2017,24,
AGOSTO,,,0.0,2017,25,
AGOSTO,,,0.0,2017,26,
AGOSTO,,,0.0,2017,27,
AGOSTO,,,0.0,2017,28,
AGOSTO,,,0.0,2017,29,
AGOSTO,,,0.0,2017,30,
AGOSTO,,,0.0,2017,31,
SEPT,1.77,1.65,7306.626296014976,2017,1.0,0.41
SEPT,2.0,1.6,8540.583839542212,2017,2.0,0.45
SEPT,2.0,1.85,8540.583839542212,2017,3.0,0.45
SEPT,1.8,2.0,8045.048390662967,2017,4.0,0.45
SEPT,1.94,1.86,8394.995039105583,2017,5.0,0.45
SEPT,1.95,1.75,11639.910581646469,2017,6.0,0.64
SEPT,1.59,1.5,10274.429164890103,2017,7.0,0.64
SEPT,1.7,2.0,10710.14584977538,2017,8.0,0.64
SEPT,2.0,2.0,12150.04926798348,2017,9.0,0.66
SEPT,1.99,2.0,12113.617254132185,2017,10.0,0.66
SEPT,1.95,1.9,11966.780103283476,2017,11.0,0.66
SEPT,1.88,1.54,11705.383650125392,2017,12.0,0.66
SEPT,1.3,1.85,9259.886650345206,2017,13.0,0.66
SEPT,1.94,1.95,11929.7884224962,2017,14.0,0.66
SEPT,1.75,1.9,13382.030917197726,2017,15.0,0.81
SEPT,1.88,1.85,14013.831680757565,2017,16.0,0.81
SEPT,1.9,1.92,14108.520809756705,2017,17.0,0.81
SEPT,1.88,1.88,14013.831680757565,2017,18.0,0.81
SEPT,1.9,1.88,14108.520809756705,2017,19.0,0.81
SEPT,1.84,1.89,13822.50759634941,2017,20.0,0.81
SEPT,1.9,1.84,14108.520809756705,2017,21.0,0.81
SEPT,1.84,1.87,13822.50759634941,2017,22.0,0.81
SEPT,0.8,0.6,7252.02737094869,2017,23.0,0.81
SEPT,0.4,1.35,,2017,24.0,0.81
SEPT,1.94,1.9,14296.01768202618,2017,25.0,0.81
SEPT,1.84,1.76,13822.50759634941,2017,26.0,0.81
SEPT,1.71,1.71,13181.539718233551,2017,27.0,0.81
SEPT,1.73,1.73,13282.163619158673,2017,28.0,0.81
SEPT,2.0,2.03,15041.241954560246,2017,29.0,0.84
SEPT,2.02,2.04,15136.140321546398,2017,30.0,0.84
SEPT,,,0.0,2017,1.0,
SEPT,,,,2017,,
SEPT,,,,2017,,
SEPT,,,,2017,,
SEPT,,,,2017,,
SEPT,,,,2017,,
SEPT,,,,2017,,
SEPT,,,,2017,,
SEPT,,,,2017,,
SEPT,,,,2017,,
SEPT,,,,2017,,
SEPT,,,,2017,,
SEPT,,,,2017,,
SEPT,,,,2017,,
SEPT,,,,2017,,
SEPT,,,,2017,,
SEPT,,,,2017,,
SEPT,,,,2017,,
SEPT,,,,2017,,
SEPT,,,,2017,,
SEPT,,,,2017,,
SEPT,,,,2017,,
SEPT,,,,2017,,
SEPT,,,,2017,,
SEPT,,,,2017,,
SEPT,,,,2017,,
SEPT,,,,2017,,
SEPT,,,,2017,,
SEPT,,,,2017,,
SEPT,,,,2017,,
OCT.,2.0,2.0,15041.241954560246,2017,1.0,0.84
OCT.,2.06,2.02,15324.174118998428,2017,2.0,0.84
OCT.,2.08,2.05,15417.331050713692,2017,3.0,0.84
OCT.,1.98,1.7,14945.741040099152,2017,4.0,0.84
OCT.,1.15,1.3,10223.899787950477,2017,5.0,0.84
OCT.,1.3,1.0,11225.262095312006,2017,6.0,0.84
OCT.,0.6,0.0,5076.81580139299,2017,7.0,0.84
OCT.,0.0,0.0,,2017,8.0,0.84
OCT.,1.19,1.94,10500.271209349423,2017,9.0,0.84
OCT.,1.94,1.93,14752.884688828335,2017,10.0,0.84
OCT.,1.86,1.87,14359.40352,2017,11.0,0.84
OCT.,1.88,1.72,14458.777740462978,2017,12.0,0.84
OCT.,1.82,1.8,14158.562810340245,2017,13.0,0.84
OCT.,1.9,1.95,14557.473614814726,2017,14.0,0.84
OCT.,1.89,2.05,14508.209603430305,2017,15.0,0.84
OCT.,1.98,1.93,14945.741040099152,2017,16.0,0.84
OCT.,1.99,2.0,14993.56753366802,2017,17.0,0.84
OCT.,1.98,1.95,14945.741040099152,2017,18.0,0.84
OCT.,1.94,1.92,14752.884688828335,2017,19.0,0.84
OCT.,1.93,1.93,14704.275381429235,2017,20.0,0.84
OCT.,1.91,1.92,14606.57147297019,2017,21.0,0.84
OCT.,1.94,1.93,14752.884688828335,2017,22.0,0.84
OCT.,1.94,1.92,14752.884688828335,2017,23.0,0.84
OCT.,1.9,1.92,14557.473614814726,2017,24.0,0.84
OCT.,1.86,1.84,14359.40352,2017,25.0,0.84
OCT.,1.84,1.87,14259.3367711219,2017,26.0,0.84
OCT.,1.9,1.98,14557.473614814726,2017,27.0,0.84
OCT.,1.95,1.96,14801.334358456508,2017,28.0,0.84
OCT.,1.94,1.94,14752.884688828335,2017,29.0,0.84
OCT.,1.94,1.95,14752.884688828335,2017,30.0,0.84
OCT.,1.96,1.95,14849.625952857696,2017,31.0,0.84
OCT.,,,,2017,,
OCT.,,,,2017,,
OCT.,,,,2017,,
OCT.,,,,2017,,
OCT.,,,,2017,,
OCT.,,,,2017,,
OCT.,,,,2017,,
OCT.,,,,2017,,
OCT.,,,,2017,,
OCT.,,,,2017,,
OCT.,,,,2017,,
OCT.,,,,2017,,
OCT.,,,,2017,,
OCT.,,,,2017,,
OCT.,,,,2017,,
OCT.,,,,2017,,
OCT.,,,,2017,,
OCT.,,,,2017,,
OCT.,,,,2017,,
OCT.,,,,2017,,
OCT.,,,,2017,,
OCT.,,,,2017,,
OCT.,,,,2017,,
NOV.,1.95,2.01,14801.334358456508,2017,1.0,0.84
NOV.,2.03,1.98,15183.36708317698,2017,2.0,0.84
NOV.,1.96,1.95,14849.625952857696,2017,3.0,0.84
NOV.,1.96,1.96,14849.625952857696,2017,4.0,0.84
NOV.,1.97,1.98,14897.7610092505,2017,5.0,0.84
NOV.,2.03,1.89,15183.36708317698,2017,6.0,0.84
NOV.,1.75,1.7,13800.05999304468,2017,7.0,0.84
NOV.,1.55,1.5,12720.212766791265,2017,8.0,0.84
NOV.,1.41,1.3,11906.188422287149,2017,9.0,0.84
NOV.,1.12,1.11,10011.615775047248,2017,10.0,0.84
NOV.,1.1,1.08,9867.556238971007,2017,11.0,0.84
NOV.,1.05,1.06,9497.852672286375,2017,12.0,0.84
NOV.,1.06,1.35,9572.93568,2017,13.0,0.84
NOV.,1.35,1.5,11539.756056921076,2017,14.0,0.84
NOV.,1.67,1.93,13378.584327945733,2017,15.0,0.84
NOV.,1.96,1.98,14849.625952857696,2017,16.0,0.84
NOV.,1.94,1.95,14752.884688828335,2017,17.0,0.84
NOV.,1.97,1.96,14897.7610092505,2017,18.0,0.84
NOV.,1.95,1.94,14801.334358456508,2017,19.0,0.84
NOV.,1.95,1.93,14801.334358456508,2017,20.0,0.84
NOV.,1.88,1.85,14458.777740462978,2017,21.0,0.84
NOV.,1.9,1.88,14557.473614814726,2017,22.0,0.84
NOV.,1.87,1.92,14409.176298426919,2017,23.0,0.84
NOV.,1.87,1.93,14409.176298426919,2017,24.0,0.84
NOV.,1.94,1.92,14752.884688828335,2017,25.0,0.84
NOV.,1.93,1.92,14704.275381429235,2017,26.0,0.84
NOV.,1.91,1.96,14606.57147297019,2017,27.0,0.84
NOV.,1.98,1.97,14945.741040099152,2017,28.0,0.84
NOV.,2.0,1.94,15041.241954560246,2017,29.0,0.84
NOV.,1.95,1.89,14801.334358456508,2017,30.0,0.84
NOV.,,,0.0,2017,1.0,
NOV.,,,13761.647886313189,2017,,
NOV.,,13793.384209461114,,2017,,
DIC.,1.95,1.98,15404.478971021104,2017,1.0,0.88
DIC.,1.95,1.95,15404.478971021104,2017,2.0,0.88
DIC.,1.96,1.95,15455.40300734397,2017,3.0,0.88
DIC.,1.97,1.95,15506.159804097295,2017,4.0,0.88
DIC.,1.96,2.0,15455.40300734397,2017,5.0,0.88
DIC.,1.93,1.93,15302.122495492582,2017,6.0,0.88
DIC.,2.0,2.02,15657.442994389588,2017,7.0,0.88
DIC.,2.05,2.02,15906.384563328265,2017,8.0,0.88
DIC.,2.02,2.03,15757.491571444069,2017,9.0,0.88
DIC.,2.05,2.03,15906.384563328265,2017,10.0,0.88
DIC.,2.03,2.0,15807.278398728746,2017,11.0,0.88
DIC.,2.0,1.94,15961.886795625536,2017,12.0,0.9
DIC.,1.9,1.96,15438.403176885982,2017,13.0,0.9
DIC.,1.88,1.9,15331.561732818573,2017,14.0,0.9
DIC.,1.9,1.87,15438.403176885982,2017,15.0,0.9
DIC.,1.84,1.83,15256.051528051237,2017,16.0,0.91
DIC.,1.79,1.79,14978.140256617156,2017,17.0,0.91
DIC.,1.8,1.82,15034.133499567819,2017,18.0,0.91
DIC.,1.78,1.82,14921.936905474558,2017,19.0,0.91
DIC.,1.76,1.84,14808.89030073152,2017,20.0,0.91
DIC.,1.95,1.89,15850.31350231926,2017,21.0,0.91
DIC.,1.9,1.88,15583.00405705348,2017,22.0,0.91
DIC.,1.9,1.89,15583.00405705348,2017,23.0,0.91
DIC.,1.83,1.82,15200.87575406834,2017,24.0,0.91
DIC.,1.8,1.8,15034.133499567819,2017,25.0,0.91
DIC.,1.8,1.75,15034.133499567819,2017,26.0,0.91
DIC.,1.91,1.97,15636.831519782934,2017,27.0,0.91
DIC.,1.86,1.97,15365.808709547899,2017,28.0,0.91
DIC.,1.94,1.9,15797.21347535294,2017,29.0,0.91
DIC.,1.9,1.89,15583.00405705348,2017,30.0,0.91
DIC.,1.82,1.86,15145.498973447226,2017,31.0,0.91
DIC.,,,15436.976026613289,2017,,
DIC.,,15447.80666375104,,2017,,
ENERO,1.92,1.9,15690.474324060728,2017,1.0,0.91
ENERO,1.82,1.8,15145.498973447226,2017,2.0,0.91
ENERO,1.75,1.71,14752.042143485367,2017,3.0,0.91
ENERO,1.88,1.91,15474.787441844936,2017,4.0,0.91
ENERO,1.98,1.99,16008.556828446457,2017,5.0,0.91
ENERO,1.92,1.89,15690.474324060728,2017,6.0,0.91
ENERO,1.89,1.89,15528.990015651807,2017,7.0,0.91
ENERO,1.88,1.89,15474.787441844936,2017,8.0,0.91
ENERO,1.89,1.8,15528.990015651807,2017,9.0,0.91
ENERO,1.82,1.86,15145.498973447226,2017,10.0,0.91
ENERO,1.86,1.82,15365.808709547899,2017,11.0,0.91
ENERO,1.84,1.82,15256.051528051237,2017,12.0,0.91
ENERO,1.8,1.75,15034.133499567819,2017,13.0,0.91
ENERO,1.77,1.8,14865.521063018,2017,14.0,0.91
ENERO,1.8,1.81,15034.133499567819,2017,15.0,0.91
ENERO,1.79,1.77,14978.140256617156,2017,16.0,0.91
ENERO,1.84,1.85,15256.051528051237,2017,17.0,0.91
ENERO,1.85,1.78,15311.02846847612,2017,18.0,0.91
ENERO,1.79,1.79,14978.140256617156,2017,19.0,0.91
ENERO,1.8,1.82,15034.133499567819,2017,20.0,0.91
ENERO,1.8,1.8,15034.133499567819,2017,21.0,0.91
ENERO,1.81,1.8,15089.918973233724,2017,22.0,0.91
ENERO,1.81,1.79,15089.918973233724,2017,23.0,0.91
ENERO,1.82,1.79,15145.498973447226,2017,24.0,0.91
ENERO,1.79,1.8,14978.140256617156,2017,25.0,0.91
ENERO,1.92,1.84,15690.474324060728,2017,26.0,0.91
ENERO,1.92,1.8,15690.474324060728,2017,27.0,0.91
ENERO,1.88,1.84,15474.787441844936,2017,28.0,0.91
ENERO,1.98,1.92,16008.556828446457,2017,29.0,0.91
ENERO,1.9,1.91,15583.00405705348,2017,30.0,0.91
ENERO,1.93,1.95,15743.9343573943,2017,31.0,0.91
ENERO,,,15325.22854193496,2017,,
ENERO,,15275.45328664393,,2017,,
FEB,1.92,1.88,15690.474324060728,2017,1.0,0.91
FEB,1.91,1.89,15636.831519782934,2017,2.0,0.91
FEB,1.89,1.88,15528.990015651807,2017,3.0,0.91
FEB,1.93,1.9,15743.9343573943,2017,4.0,0.91
FEB,1.9,1.85,15583.00405705348,2017,5.0,0.91
FEB,1.89,1.8,15528.990015651807,2017,6.0,0.91
FEB,1.79,1.78,14978.140256617156,2017,7.0,0.91
FEB,1.77,1.79,14865.521063018,2017,8.0,0.91
FEB,1.79,1.94,14978.140256617156,2017,9.0,0.91
FEB,0.0,0.0,,2017,10.0,0.91
FEB,0.0,0.0,,2017,11.0,0.91
FEB,0.0,0.0,,2017,12.0,0.91
FEB,0.0,0.0,,2017,13.0,0.91
FEB,1.91,1.9,15636.831519782934,2017,14.0,0.91
FEB,1.8,1.79,15034.133499567819,2017,15.0,0.91
FEB,1.76,1.75,14808.89030073152,2017,16.0,0.91
FEB,1.7,1.71,14464.450377512076,2017,17.0,0.91
FEB,1.6,1.66,13871.390678810514,2017,18.0,0.91
FEB,1.59,1.56,13810.684082559397,2017,19.0,0.91
FEB,1.65,1.72,14171.023323805879,2017,20.0,0.91
FEB,1.7,1.87,14464.450377512076,2017,21.0,0.91
FEB,1.86,1.83,15365.808709547899,2017,22.0,0.91
FEB,1.93,2.03,15743.9343573943,2017,23.0,0.91
FEB,1.7,1.6,14464.450377512076,2017,24.0,0.91
FEB,1.6,1.62,13871.390678810514,2017,25.0,0.91
FEB,1.63,1.66,14051.936982921134,2017,26.0,0.91
FEB,1.64,1.65,14111.605773543932,2017,27.0,0.91
FEB,1.6,1.62,13871.390678810514,2017,28.0,0.91
FEB,,,0.0,2017,,
FEB,,,0.0,2017,,
FEB,,,0.0,2017,,
FEB,,,,2017,,
FEB,,,,2017,,
FEB,,,,2017,,
FEB,,,,2017,,
FEB,,,,2017,,
FEB,,,,2017,,
FEB,,,,2017,,
FEB,,,,2017,,
FEB,,,,2017,,
FEB,,,,2017,,
FEB,,,,2017,,
FEB,,,,2017,,
FEB,,,,2017,,
FEB,,,,2017,,
FEB,,,,2017,,
FEB,,,,2017,,
FEB,,,,2017,,
FEB,,,,2017,,
MAR,1.6,1.67,13871.390678810514,2017,1.0,0.91
MAR,1.65,1.7,14171.023323805879,2017,2.0,0.91
MAR,1.7,1.69,14464.450377512076,2017,3.0,0.91
MAR,1.65,1.66,14171.023323805879,2017,4.0,0.91
MAR,1.66,1.65,14230.19278083688,2017,5.0,0.91
MAR,1.64,1.65,14111.605773543932,2017,6.0,0.91
MAR,1.6,1.68,13871.390678810514,2017,7.0,0.91
MAR,1.57,1.6,13688.463235746949,2017,8.0,0.91
MAR,1.62,1.66,13992.013737702477,2017,9.0,0.91
MAR,1.7,1.68,14464.450377512076,2017,10.0,0.91
MAR,1.6,1.59,13871.390678810514,2017,11.0,0.91
MAR,1.7,1.69,14464.450377512076,2017,12.0,0.91
MAR,1.7,1.7,14464.450377512076,2017,13.0,0.91
MAR,1.7,1.71,14464.450377512076,2017,14.0,0.91
MAR,1.69,1.68,14406.243097614919,2017,15.0,0.91
MAR,1.7,1.69,14464.450377512076,2017,16.0,0.91
MAR,1.65,1.62,14171.023323805879,2017,17.0,0.91
MAR,1.6,1.59,13871.390678810514,2017,18.0,0.91
MAR,1.65,1.6,14171.023323805879,2017,19.0,0.91
MAR,1.65,1.59,14171.023323805879,2017,20.0,0.91
MAR,1.59,1.58,13810.684082559397,2017,21.0,0.91
MAR,1.56,1.54,13626.94174128825,2017,22.0,0.91
MAR,1.53,1.54,13440.68776561187,2017,23.0,0.91
MAR,1.6,1.62,13871.390678810514,2017,24.0,0.91
MAR,1.4,1.35,12601.816878750273,2017,25.0,0.91
MAR,1.35,1.4,12263.905004764847,2017,26.0,0.91
MAR,1.38,1.4,12467.751183501041,2017,27.0,0.91
MAR,1.38,1.3,12467.751183501041,2017,28.0,0.91
MAR,1.31,1.32,11986.718809673022,2017,29.0,0.91
MAR,1.35,1.36,12263.905004764847,2017,30.0,0.91
MAR,1.38,1.4,12467.751183501041,2017,31.0,0.91
MAR,,,13704.038830371459,2017,,
MAR,,13708.379102701747,,2017,,
ABRIL,1.5,1.7,13251.816253060304,2017,1.0,0.91
ABRIL,1.7,1.84,12993.840486179412,2017,2.0,0.8
ABRIL,1.84,1.88,13675.6224,2017,3.0,0.8
ABRIL,1.88,1.85,13864.260585537835,2017,4.0,0.8
ABRIL,1.84,1.82,13675.6224,2017,5.0,0.8
ABRIL,1.78,1.79,13387.682312219225,2017,6.0,0.8
ABRIL,1.8,1.8,13484.345533657375,2017,7.0,0.8
ABRIL,1.81,1.84,13532.418219229874,2017,8.0,0.8
ABRIL,1.85,1.85,13723.025046120873,2017,9.0,0.8
ABRIL,1.84,1.85,13675.6224,2017,10.0,0.8
ABRIL,1.79,1.74,13436.100851139312,2017,11.0,0.8
ABRIL,1.75,1.76,13241.364451055275,2017,12.0,0.8
ABRIL,1.78,1.79,13387.682312219225,2017,13.0,0.8
ABRIL,1.8,1.85,13484.345533657375,2017,14.0,0.8
ABRIL,1.81,1.77,13532.418219229874,2017,15.0,0.8
ABRIL,1.6,1.6,12484.078127338229,2017,16.0,0.8
ABRIL,1.59,1.55,12431.952312505295,2017,17.0,0.8
ABRIL,1.4,1.45,11396.352,2017,18.0,0.8
ABRIL,1.29,1.26,10751.296974227553,2017,19.0,0.8
ABRIL,1.2,1.77,10193.207107006274,2017,20.0,0.8
ABRIL,1.2,1.27,10193.207107006274,2017,21.0,0.8
ABRIL,1.3,1.25,10811.52880110457,2017,22.0,0.8
ABRIL,1.25,1.28,10506.91739149587,2017,23.0,0.8
ABRIL,1.29,1.3,10751.296974227553,2017,24.0,0.8
ABRIL,1.39,1.35,10169.288715560127,2017,25.0,0.7
ABRIL,1.8,1.77,12007.646915355765,2017,26.0,0.7
ABRIL,1.7,1.7,12993.840486179412,2017,27.0,0.8
ABRIL,,,0.0,2017,28.0,
ABRIL,,,0.0,2017,29.0,
ABRIL,,,0.0,2017,30.0,
ABRIL,,,,2017,,
ABRIL,,,12482.843700567144,2017,,
ABRIL,,12576.767958053082,,2017,,
AGOSTO,,,0.0,2018,1,
AGOSTO,,,0.0,2018,2,
AGOSTO,,,0.0,2018,3,
AGOSTO,,,0.0,2018,4,
AGOSTO,,,0.0,2018,5,
AGOSTO,,,0.0,2018,6,
AGOSTO,,,0.0,2018,7,
AGOSTO,,,0.0,2018,8,
AGOSTO,,,0.0,2018,9,
AGOSTO,,,0.0,2018,10,
AGOSTO,,,0.0,2018,11,
AGOSTO,,,0.0,2018,12,
AGOSTO,,,0.0,2018,13,
AGOSTO,,,0.0,2018,14,
AGOSTO,,,0.0,2018,15,
AGOSTO,,,0.0,2018,16,
AGOSTO,,,0.0,2018,17,
AGOSTO,,,0.0,2018,18,
AGOSTO,,,0.0,2018,19,
AGOSTO,,,0.0,2018,20,
AGOSTO,,,0.0,2018,21,
AGOSTO,,,0.0,2018,22,
AGOSTO,,,0.0,2018,23,
AGOSTO,,,0.0,2018,24,
AGOSTO,,,0.0,2018,25,
AGOSTO,,,0.0,2018,26,
AGOSTO,,,0.0,2018,27,
AGOSTO,,,0.0,2018,28,
AGOSTO,,,0.0,2018,29,
AGOSTO,,,0.0,2018,30,
AGOSTO,,,0.0,2018,31,
SEPT,1.75,1.75,7916.319310770226,2018,1,0.45
SEPT,1.85,1.78,8171.74986071796,2018,2,0.45
SEPT,1.7,1.82,7785.462044865314,2018,3,0.45
SEPT,1.5,1.7,7238.414919020434,2018,4,0.45
SEPT,1.55,1.75,7378.979788421486,2018,5,0.45
SEPT,1.92,1.7,8345.901079895044,2018,6,0.45
SEPT,1.8,1.7,8704.366013752806,2018,7,0.49
SEPT,1.68,1.55,9439.041873560165,2018,8,0.56
SEPT,1.54,1.55,8954.661375045958,2018,9,0.56
SEPT,1.78,1.55,9770.336565201296,2018,10,0.56
SEPT,1.49,1.5,8775.191040000002,2018,11,0.56
SEPT,1.65,1.87,9337.361616585062,2018,12,0.56
SEPT,1.98,1.56,10910.07741194557,2018,13,0.59
SEPT,1.5,1.3,10433.109732419874,2018,14,0.68
SEPT,1.8,1.8,11704.724837517648,2018,15,0.68
SEPT,1.7,1.65,11873.008083490848,2018,16,0.72
SEPT,1.7,1.69,11873.008083490848,2018,17,0.72
SEPT,1.95,1.7,13250.617912350694,2018,18,0.74
SEPT,1.66,1.7,11972.985119628363,2018,19,0.74
SEPT,1.77,1.82,12473.019618633072,2018,20,0.74
SEPT,1.86,1.86,12867.693916664215,2018,21,0.74
SEPT,1.7,1.69,12157.19570815841,2018,22,0.74
SEPT,1.8,1.85,12605.95075809527,2018,23,0.74
SEPT,1.9,1.87,13039.270744354542,2018,24,0.74
SEPT,1.88,1.87,12953.766407449564,2018,25,0.74
SEPT,1.87,1.86,12910.801889730283,2018,26,0.74
SEPT,1.9,1.95,13039.270744354542,2018,27,0.74
SEPT,1.81,1.78,12649.95072,2018,28,0.74
SEPT,1.8,1.78,12605.95075809527,2018,29,0.74
SEPT,1.79,1.8,12561.796679321671,2018,30,0.74
SEPT,,,0.0,2018,1,
OCT.,1.78,1.8,12517.486852787633,2018,1,0.74
OCT.,1.81,1.9,12649.95072,2018,2,0.74
OCT.,1.88,1.83,12953.766407449564,2018,3,0.74
OCT.,1.9,1.82,13039.270744354542,2018,4,0.74
OCT.,1.8,1.78,13628.49786754468,2018,5,0.81
OCT.,1.81,1.82,13677.258301905273,2018,6,0.81
OCT.,1.8,1.8,13628.49786754468,2018,7,0.81
OCT.,1.79,1.81,13579.562349144508,2018,8,0.81
OCT.,1.82,1.9,13725.845518160384,2018,9,0.81
OCT.,1.9,1.92,14108.520809756705,2018,10,0.81
OCT.,1.94,1.97,14296.01768202618,2018,11,0.81
OCT.,1.9,1.92,14108.520809756705,2018,12,0.81
OCT.,1.93,1.9,14249.374759386406,2018,13,0.81
OCT.,1.9,1.89,14108.520809756705,2018,14,0.81
OCT.,1.79,1.75,13579.562349144508,2018,15,0.81
OCT.,1.7,1.6,13130.938611234227,2018,16,0.81
OCT.,1.3,1.2,10916.223136109369,2018,17,0.81
OCT.,1.4,1.6,11509.923234800375,2018,18,0.81
OCT.,1.7,1.75,13130.938611234227,2018,19,0.81
OCT.,1.77,1.78,13481.15842691456,2018,20,0.81
OCT.,1.75,1.75,13382.030917197726,2018,21,0.81
OCT.,1.72,1.75,13231.94731982921,2018,22,0.81
OCT.,1.75,1.8,13382.030917197726,2018,23,0.81
OCT.,1.4,1.35,11509.923234800375,2018,24,0.81
OCT.,1.3,1.3,10599.64125279775,2018,25,0.78
OCT.,1.3,1.3,10599.64125279775,2018,26,0.78
OCT.,1.3,1.29,10599.64125279775,2018,27,0.78
OCT.,1.27,1.28,10423.457659932576,2018,28,0.78
OCT.,1.26,1.25,10364.064255326615,2018,29,0.78
OCT.,1.25,1.27,9782.961926610717,2018,30,0.73
OCT.,1.28,1.27,9947.392970367771,2018,31,0.73
NOV.,,,0.0,2018,1,
NOV.,,,0.0,2018,2,
NOV.,,,0.0,2018,3,
NOV.,,,0.0,2018,4,
NOV.,,,0.0,2018,5,
NOV.,1.73,,8506.191871343892,2018,6,0.49
NOV.,,,0.0,2018,7,
NOV.,,,0.0,2018,8,
NOV.,,,0.0,2018,9,
NOV.,,,0.0,2018,10,
NOV.,,,0.0,2018,11,
NOV.,,,0.0,2018,12,
NOV.,,,0.0,2018,13,
NOV.,1.8,,12753.945693828244,2018,14,0.75
NOV.,1.7,,12993.840486179412,2018,15,0.8
NOV.,,,0.0,2018,16,
NOV.,,,0.0,2018,17,
NOV.,,,0.0,2018,18,
NOV.,,,0.0,2018,19,
NOV.,,,0.0,2018,20,
NOV.,,,0.0,2018,21,
NOV.,,,0.0,2018,22,
NOV.,,,0.0,2018,23,
NOV.,,,0.0,2018,24,
NOV.,,,0.0,2018,25,
NOV.,,,0.0,2018,26,
NOV.,,1.9,,2018,27,0.86
NOV.,,1.98,,2018,28,0.86
NOV.,,,0.0,2018,29,
NOV.,,,0.0,2018,30,
NOV.,,,0.0,2018,1,
DIC.,,,0.0,2018,1,
DIC.,,,0.0,2018,2,
DIC.,,,0.0,2018,3,
DIC.,,,0.0,2018,4,
DIC.,,,0.0,2018,5,
DIC.,,,0.0,2018,6,
DIC.,1.83,,14779.710936253243,2018,7,0.88
DIC.,,,0.0,2018,8,
DIC.,1.86,1.72,15223.970496633607,2018,9,0.9
DIC.,1.75,,14618.070546951838,2018,10,0.9
DIC.,,,0.0,2018,11,
DIC.,1.8,,14896.535007437185,2018,12,0.9
DIC.,,,0.0,2018,13,
DIC.,1.92,,15544.510289389613,2018,14,0.9
DIC.,,,0.0,2018,15,
DIC.,,,0.0,2018,16,
DIC.,,,0.0,2018,17,
DIC.,1.87,1.82,15277.860826202035,2018,18,0.9
DIC.,1.78,1.9,14785.778563976444,2018,19,0.9
DIC.,1.79,1.9,14841.26010436356,2018,20,0.9
DIC.,1.9,1.9,15438.403176885982,2018,21,0.9
DIC.,1.89,1.78,15385.0752,2018,22,0.9
DIC.,1.81,1.83,14951.605564962909,2018,23,0.9
DIC.,1.9,1.89,15438.403176885982,2018,24,0.9
DIC.,1.84,1.84,15115.613457531725,2018,25,0.9
DIC.,1.8,1.79,14896.535007437185,2018,26,0.9
DIC.,1.79,1.83,14841.26010436356,2018,27,0.9
DIC.,1.82,1.83,15006.47402665456,2018,28,0.9
DIC.,1.85,1.83,15169.888725364548,2018,29,0.9
DIC.,1.77,1.8,14730.088051349765,2018,30,0.9
DIC.,1.82,1.78,15006.47402665456,2018,31,0.9
ENERO,1.82,1.75,15006.47402665456,2018,1.0,0.9
ENERO,1.75,1.75,14618.070546951838,2018,2.0,0.9
ENERO,1.82,1.82,15006.47402665456,2018,3.0,0.9
ENERO,1.81,1.84,14951.605564962909,2018,4.0,0.9
ENERO,1.84,1.81,15115.613457531725,2018,5.0,0.9
ENERO,1.79,1.75,14841.26010436356,2018,6.0,0.9
ENERO,1.79,1.9,14841.26010436356,2018,7.0,0.9
ENERO,1.9,1.85,15438.403176885982,2018,8.0,0.9
ENERO,1.74,1.69,14561.738659007468,2018,9.0,0.9
ENERO,1.75,1.78,14618.070546951838,2018,10.0,0.9
ENERO,1.8,1.82,14896.535007437185,2018,11.0,0.9
ENERO,1.85,1.82,15169.888725364548,2018,12.0,0.9
ENERO,1.85,1.79,15169.888725364548,2018,13.0,0.9
ENERO,1.79,1.75,14841.26010436356,2018,14.0,0.9
ENERO,1.88,1.85,15331.561732818573,2018,15.0,0.9
ENERO,1.82,1.6,15006.47402665456,2018,16.0,0.9
ENERO,1.75,1.83,14618.070546951838,2018,17.0,0.9
ENERO,1.89,1.95,15385.0752,2018,18.0,0.9
ENERO,1.95,1.94,15702.326622644938,2018,19.0,0.9
ENERO,1.95,1.95,15702.326622644938,2018,20.0,0.9
ENERO,1.95,1.95,15702.326622644938,2018,21.0,0.9
ENERO,1.94,1.9,15649.898006753774,2018,22.0,0.9
ENERO,1.74,1.85,14561.738659007468,2018,23.0,0.9
ENERO,1.84,1.87,15115.613457531725,2018,24.0,0.9
ENERO,1.9,1.92,15438.403176885982,2018,25.0,0.9
ENERO,1.9,1.91,15438.403176885982,2018,26.0,0.9
ENERO,1.9,1.9,15438.403176885982,2018,27.0,0.9
ENERO,1.9,1.86,15438.403176885982,2018,28.0,0.9
ENERO,1.98,1.91,15858.572526917687,2018,29.0,0.9
ENERO,1.89,1.89,15385.0752,2018,30.0,0.9
ENERO,1.92,1.93,15544.510289389613,2018,31.0,0.9
ENERO,,,,2018,,
ENERO,,,15173.991128979418,2018,,
FEB,1.93,1.98,15597.293158730065,2018,1.0,0.9
FEB,1.92,1.85,15544.510289389613,2018,2.0,0.9
FEB,1.85,1.86,15169.888725364548,2018,3.0,0.9
FEB,1.84,1.85,15115.613457531725,2018,4.0,0.9
FEB,1.89,1.9,15385.0752,2018,5.0,0.9
FEB,1.92,1.9,15544.510289389613,2018,6.0,0.9
FEB,1.92,1.95,15544.510289389613,2018,7.0,0.9
FEB,1.93,1.95,15597.293158730065,2018,8.0,0.9
FEB,1.92,1.92,15544.510289389613,2018,9.0,0.9
FEB,1.95,1.97,15702.326622644938,2018,10.0,0.9
FEB,1.98,1.98,15858.572526917687,2018,11.0,0.9
FEB,1.98,1.98,15858.572526917687,2018,12.0,0.9
FEB,1.96,1.98,15754.580765817038,2018,13.0,0.9
FEB,1.99,1.86,15910.31352091896,2018,14.0,0.9
FEB,1.87,1.86,15277.860826202035,2018,15.0,0.9
FEB,1.86,1.84,15223.970496633607,2018,16.0,0.9
FEB,1.84,1.87,15115.613457531725,2018,17.0,0.9
FEB,1.82,1.9,15006.47402665456,2018,18.0,0.9
FEB,1.98,1.88,15858.572526917687,2018,19.0,0.9
FEB,1.8,1.85,14896.535007437185,2018,20.0,0.9
FEB,1.75,1.86,14618.070546951838,2018,21.0,0.9
FEB,1.85,1.86,15169.888725364548,2018,22.0,0.9
FEB,1.65,1.7,14044.58789325551,2018,23.0,0.9
FEB,1.7,1.7,14334.197494227572,2018,24.0,0.9
FEB,1.68,1.65,14219.061513287848,2018,25.0,0.9
FEB,1.62,1.63,13867.919377617349,2018,26.0,0.9
FEB,1.63,1.64,13927.057894850688,2018,27.0,0.9
FEB,1.64,1.68,13985.946351568457,2018,28.0,0.9
FEB,,,0.0,2018,,
FEB,,,0.0,2018,,
FEB,,,0.0,2018,,
MAR,,,0.0,2018,1,
MAR,,,0.0,2018,2,
MAR,,,0.0,2018,3,
MAR,,,0.0,2018,4,
MAR,,,0.0,2018,5,
MAR,,,0.0,2018,6,
MAR,1.7,1.7,14334.197494227572,2018,7,0.9
MAR,1.68,1.69,14219.061513287848,2018,8,0.9
MAR,1.72,1.75,14448.416013126709,2018,9,0.9
MAR,1.75,1.72,14618.070546951838,2018,10,0.9
MAR,1.7,1.77,14334.197494227572,2018,11,0.9
MAR,1.68,1.55,14219.061513287848,2018,12,0.9
MAR,1.35,1.0,12162.96990124264,2018,13,0.9
MAR,1.0,1.05,9508.230951841084,2018,14,0.9
MAR,1.5,1.64,13137.509008748835,2018,15,0.9
MAR,1.75,1.7,14618.070546951838,2018,16,0.9
MAR,1.71,1.72,14391.420067038143,2018,17,0.9
MAR,1.74,1.8,14561.738659007468,2018,18,0.9
MAR,1.83,1.85,15061.142601246629,2018,19,0.9
MAR,1.86,1.85,15223.970496633607,2018,20,0.9
MAR,1.85,1.86,15169.888725364548,2018,21,0.9
MAR,1.78,1.85,14785.778563976444,2018,22,0.9
MAR,1.84,1.85,15115.613457531725,2018,23,0.9
MAR,1.85,1.83,15169.888725364548,2018,24,0.9
MAR,1.89,1.85,15385.0752,2018,25,0.9
MAR,1.85,1.84,15169.888725364548,2018,26,0.9
MAR,1.82,1.9,15006.47402665456,2018,27,0.9
MAR,1.85,1.75,15169.888725364548,2018,28,0.9
MAR,1.7,1.65,14334.197494227572,2018,29,0.9
MAR,1.6,1.55,13748.879240841357,2018,30,0.9
MAR,1.6,1.7,13748.879240841357,2018,31,0.9
ABRIL,1.8,1.75,14896.535007437185,2018,1,0.9
ABRIL,1.75,1.79,14618.070546951838,2018,2,0.9
ABRIL,1.75,1.72,14618.070546951838,2018,3,0.9
ABRIL,1.75,1.76,14618.070546951838,2018,4,0.9
ABRIL,1.75,1.75,14618.070546951838,2018,5,0.9
ABRIL,1.74,1.75,14561.738659007468,2018,6,0.9
ABRIL,1.75,1.76,14618.070546951838,2018,7,0.9
ABRIL,1.74,1.74,14561.738659007468,2018,8,0.9
ABRIL,1.73,1.72,14505.188003979974,2018,9,0.9
ABRIL,1.7,1.69,14334.197494227572,2018,10,0.9
ABRIL,1.7,1.62,14334.197494227572,2018,11,0.9
ABRIL,1.73,1.74,14505.188003979974,2018,12,0.9
ABRIL,1.8,1.84,14896.535007437185,2018,13,0.9
ABRIL,1.89,1.74,15385.0752,2018,14,0.9
ABRIL,1.75,1.75,14618.070546951838,2018,15,0.9
ABRIL,1.74,,14561.738659007468,2018,16,0.9
ABRIL,,,0.0,2018,17,
ABRIL,,,0.0,2018,18,
ABRIL,,,0.0,2018,19,
ABRIL,,,0.0,2018,20,
ABRIL,,,0.0,2018,21,
ABRIL,,,0.0,2018,22,
ABRIL,,,0.0,2018,23,
ABRIL,,,0.0,2018,24,
ABRIL,,,0.0,2018,25,
ABRIL,,,0.0,2018,26,
ABRIL,,,0.0,2018,27,
ABRIL,,,0.0,2018,28,
ABRIL,,,0.0,2018,29,
ABRIL,,,0.0,2018,30,
AGOSTO,,,0.0,2019,1,
AGOSTO,,,0.0,2019,2,
AGOSTO,,,0.0,2019,3,
AGOSTO,,,0.0,2019,4,
AGOSTO,,,0.0,2019,5,
AGOSTO,,,0.0,2019,6,
AGOSTO,,,0.0,2019,7,
AGOSTO,,,0.0,2019,8,
AGOSTO,,,0.0,2019,9,
AGOSTO,,,0.0,2019,10,
AGOSTO,,,0.0,2019,11,
AGOSTO,,,0.0,2019,12,
AGOSTO,,,0.0,2019,13,
AGOSTO,,,0.0,2019,14,
AGOSTO,,,0.0,2019,15,
AGOSTO,,,0.0,2019,16,
AGOSTO,,,0.0,2019,17,
AGOSTO,,,0.0,2019,18,
AGOSTO,,,0.0,2019,19,
AGOSTO,,,0.0,2019,20,
AGOSTO,,,0.0,2019,21,
AGOSTO,,,0.0,2019,22,
AGOSTO,,,0.0,2019,23,
AGOSTO,,,0.0,2019,24,
AGOSTO,,,0.0,2019,25,
AGOSTO,,,0.0,2019,26,
AGOSTO,,,0.0,2019,27,
AGOSTO,,,0.0,2019,28,
AGOSTO,,,0.0,2019,29,
AGOSTO,,,0.0,2019,30,
AGOSTO,,,0.0,2019,31,
SEPT,1.65,1.7,6861.512523060436,2019,1,0.4
SEPT,1.7,1.7,6978.811832286639,2019,2,0.4
SEPT,1.67,1.99,6908.671239728717,2019,3,0.4
SEPT,1.95,1.9,10979.159399125161,2019,4,0.6
SEPT,1.7,1.8,10113.259150243031,2019,5,0.6
SEPT,1.99,1.95,11111.4432,2019,6,0.6
SEPT,1.95,1.96,10979.159399125161,2019,7,0.6
SEPT,1.85,1.9,10641.257863750356,2019,8,0.6
SEPT,1.95,1.98,10979.159399125161,2019,9,0.6
SEPT,1.9,1.84,10811.52880110457,2019,10,0.6
SEPT,1.75,1.8,10292.268784590655,2019,11,0.6
SEPT,1.83,1.89,10572.381684611792,2019,12,0.6
SEPT,1.85,1.9,10641.257863750356,2019,13,0.6
SEPT,1.55,1.83,9556.131662818381,2019,14,0.6
SEPT,1.84,1.8,10606.875680612638,2019,15,0.6
SEPT,1.84,1.84,10606.875680612638,2019,16,0.6
SEPT,1.85,2.0,10641.257863750356,2019,17,0.6
SEPT,1.94,1.9,11767.263751633302,2019,18,0.65
SEPT,1.85,1.95,11434.683448890328,2019,19,0.65
SEPT,1.93,1.9,13323.009204723683,2019,20,0.75
SEPT,1.7,2.0,12298.299647369142,2019,21,0.75
SEPT,1.95,1.96,13408.413984438277,2019,22,0.75
SEPT,2.0,1.96,13619.5831011966,2019,23,0.75
SEPT,1.95,1.96,13408.413984438277,2019,24,0.75
SEPT,2.0,1.98,13619.5831011966,2019,25,0.75
SEPT,2.0,1.95,13619.5831011966,2019,26,0.75
SEPT,2.0,1.94,13619.5831011966,2019,27,0.75
SEPT,1.85,1.84,13723.025046120873,2019,28,0.8
SEPT,1.85,1.85,13723.025046120873,2019,29,0.8
SEPT,1.88,,13864.260585537835,2019,30,0.8
SEPT,,,0.0,2019,1,
OCT.,1.9,1.97,13957.623664573279,2019,1,0.8
OCT.,1.78,1.8,13387.682312219225,2019,2,0.8
OCT.,1.83,1.85,13628.054873616511,2019,3,0.8
OCT.,1.85,1.95,14454.471786338676,2019,4,0.85
OCT.,1.95,1.96,14953.047587010426,2019,5,0.85
OCT.,1.95,1.95,14953.047587010426,2019,6,0.85
OCT.,1.96,1.9,15001.993863854634,2019,7,0.85
OCT.,1.95,1.95,14953.047587010426,2019,8,0.85
OCT.,2.1,1.97,15671.198052969812,2019,9,0.85
OCT.,1.95,1.95,14953.047587010426,2019,10,0.85
OCT.,1.95,1.9,14953.047587010426,2019,11,0.85
OCT.,1.83,1.9,14352.678464962322,2019,12,0.85
OCT.,1.88,1.87,14605.831639357688,2019,13,0.85
OCT.,1.88,1.9,14605.831639357688,2019,14,0.85
OCT.,1.88,1.9,14605.831639357688,2019,15,0.85
OCT.,1.92,1.93,14805.237886781728,2019,16,0.85
OCT.,1.93,1.87,14854.67120591805,2019,17,0.85
OCT.,1.87,1.9,14555.5532401049,2019,18,0.85
OCT.,1.89,1.9,14655.937555441338,2019,19,0.85
OCT.,1.89,1.91,14655.937555441338,2019,20,0.85
OCT.,1.92,1.87,14805.237886781728,2019,21,0.85
OCT.,1.88,1.89,14605.831639357688,2019,22,0.85
OCT.,1.9,1.89,14705.872751412258,2019,23,0.85
OCT.,2.05,2.0,15435.527514689478,2019,24,0.85
OCT.,2.06,1.95,15482.948601880384,2019,25,0.85
OCT.,1.9,1.89,14705.872751412258,2019,26,0.85
OCT.,1.9,1.9,14705.872751412258,2019,27,0.85
OCT.,1.9,1.9,14705.872751412258,2019,28,0.85
OCT.,1.98,1.89,15099.410432020175,2019,29,0.85
OCT.,1.9,1.93,14705.872751412258,2019,30,0.85
OCT.,1.93,2.0,14854.67120591805,2019,31,0.85
NOV.,1.94,1.95,15649.898006753774,2019,1,0.9
NOV.,1.95,1.97,15702.326622644938,2019,2,0.9
NOV.,1.95,1.95,15702.326622644938,2019,3,0.9
NOV.,1.94,1.95,15649.898006753774,2019,4,0.9
NOV.,1.93,1.94,15597.293158730065,2019,5,0.9
NOV.,1.95,1.92,15702.326622644938,2019,6,0.9
NOV.,1.9,2.0,15438.403176885982,2019,7,0.9
NOV.,1.98,1.99,15858.572526917687,2019,8,0.9
NOV.,1.95,1.99,15702.326622644938,2019,9,0.9
NOV.,2.05,1.85,16217.293201656852,2019,10,0.9
NOV.,1.9,1.8,15438.403176885982,2019,11,0.9
NOV.,1.8,1.8,14896.535007437185,2019,12,0.9
NOV.,1.8,1.8,14896.535007437185,2019,13,0.9
NOV.,1.6,1.65,13748.879240841357,2019,14,0.9
NOV.,1.6,1.61,13748.879240841357,2019,15,0.9
NOV.,1.61,1.65,13808.527587026307,2019,16,0.9
NOV.,1.69,1.75,14276.745569669994,2019,17,0.9
NOV.,1.79,1.8,14841.26010436356,2019,18,0.9
NOV.,1.8,1.84,14896.535007437185,2019,19,0.9
NOV.,1.84,1.84,15115.613457531725,2019,20,0.9
NOV.,1.98,2.0,15858.572526917687,2019,21,0.9
NOV.,1.99,2.0,15910.31352091896,2019,22,0.9
NOV.,2.0,2.0,15961.886795625536,2019,23,0.9
NOV.,2.02,2.01,16064.536643215735,2019,24,0.9
NOV.,2.02,2.0,16064.536643215735,2019,25,0.9
NOV.,2.0,2.0,15961.886795625536,2019,26,0.9
NOV.,2.0,2.0,15961.886795625536,2019,27,0.9
NOV.,1.99,2.0,15910.31352091896,2019,28,0.9
NOV.,2.0,1.99,15961.886795625536,2019,29,0.9
NOV.,2.0,2.0,15961.886795625536,2019,30,0.9
NOV.,,,0.0,2019,1,
DIC.,2.0,2.0,15961.886795625536,2019,1,0.9
DIC.,1.99,2.0,15910.31352091896,2019,2,0.9
DIC.,1.99,1.94,15910.31352091896,2019,3,0.9
DIC.,1.97,1.95,15806.662166601787,2019,4,0.9
DIC.,1.97,2.02,15806.662166601787,2019,5,0.9
DIC.,1.99,1.97,15910.31352091896,2019,6,0.9
DIC.,1.98,1.99,15858.572526917687,2019,7,0.9
DIC.,1.94,1.99,15649.898006753774,2019,8,0.9
DIC.,1.94,1.9,15649.898006753774,2019,9,0.9
DIC.,1.9,1.87,15438.403176885982,2019,10,0.9
DIC.,1.85,1.85,15169.888725364548,2019,11,0.9
DIC.,2.0,2.0,16413.94622751154,2019,12,0.93
DIC.,2.0,1.99,16413.94622751154,2019,13,0.93
DIC.,2.0,1.99,16413.94622751154,2019,14,0.93
DIC.,2.0,2.0,16413.94622751154,2019,15,0.93
DIC.,2.0,2.0,16413.94622751154,2019,16,0.93
DIC.,2.0,2.0,16860.43964437524,2019,17,0.96
DIC.,1.96,1.96,16637.1127026454,2019,18,0.96
DIC.,1.95,1.95,16580.81097534892,2019,19,0.96
DIC.,1.93,1.93,16467.63005534505,2019,20,0.96
DIC.,1.93,1.95,16467.63005534505,2019,21,0.96
DIC.,1.99,2.0,16804.886150204842,2019,22,0.96
DIC.,1.96,1.92,16637.1127026454,2019,23,0.96
DIC.,1.93,1.93,16467.63005534505,2019,24,0.96
DIC.,1.7,1.95,15105.218654273289,2019,25,0.96
DIC.,2.0,1.98,16860.43964437524,2019,26,0.96
DIC.,1.98,2.0,16749.148397487937,2019,27,0.96
DIC.,2.0,2.05,16860.43964437524,2019,28,0.96
DIC.,1.99,2.0,16804.886150204842,2019,29,0.96
DIC.,2.0,2.0,16860.43964437524,2019,30,0.96
DIC.,1.88,1.8,16181.214640388851,2019,31,0.96
ENERO,1.86,1.85,16065.218774663072,2019,1,0.96
ENERO,1.85,1.8,16006.905628431532,2019,2,0.96
ENERO,1.8,1.8,15712.09392143975,2019,3,0.96
ENERO,1.86,1.9,16065.218774663072,2019,4,0.96
ENERO,1.96,1.98,16637.1127026454,2019,5,0.96
ENERO,1.95,1.97,16580.81097534892,2019,6,0.96
ENERO,1.98,1.97,16749.148397487937,2019,7,0.96
ENERO,1.96,2.0,16637.1127026454,2019,8,0.96
ENERO,1.96,1.98,16637.1127026454,2019,9,0.96
ENERO,1.96,1.95,16637.1127026454,2019,10,0.96
ENERO,1.94,1.93,16524.317417671977,2019,11,0.96
ENERO,1.9,1.9,16296.384881282169,2019,12,0.96
ENERO,1.95,1.94,16580.81097534892,2019,13,0.96
ENERO,2.0,1.94,16860.43964437524,2019,14,0.96
ENERO,1.94,1.95,16524.317417671977,2019,15,0.96
ENERO,1.9,1.94,16296.384881282169,2019,16,0.96
ENERO,1.94,1.95,16524.317417671977,2019,17,0.96
ENERO,1.84,1.78,15948.37926929377,2019,18,0.96
ENERO,1.8,1.8,15712.09392143975,2019,19,0.96
ENERO,1.8,1.8,15712.09392143975,2019,20,0.96
ENERO,1.8,1.8,15712.09392143975,2019,21,0.96
ENERO,1.79,1.88,15114.351420953699,2019,22,0.92
ENERO,1.89,1.89,15385.0752,2019,23,0.9
ENERO,1.89,1.9,15814.892660347023,2019,24,0.93
ENERO,1.9,1.94,15870.286499512284,2019,25,0.93
ENERO,1.91,1.95,15925.487662703008,2019,26,0.93
ENERO,1.9,1.87,15870.286499512284,2019,27,0.93
ENERO,1.88,1.89,15759.304113443406,2019,28,0.93
ENERO,1.89,1.88,15814.892660347023,2019,29,0.93
ENERO,1.85,1.87,15591.349363832584,2019,30,0.93
ENERO,1.86,1.87,15647.53458866241,2019,31,0.93
FEB,1.82,1.83,15421.565544074025,2019,1.0,0.93
FEB,1.82,1.84,15421.565544074025,2019,2.0,0.93
FEB,1.84,1.83,15534.960935476436,2019,3.0,0.93
FEB,1.83,1.82,15478.367082753755,2019,4.0,0.93
FEB,1.88,1.89,15759.304113443406,2019,5.0,0.93
FEB,1.86,1.89,15647.53458866241,2019,6.0,0.93
FEB,1.87,1.83,15134.68222334285,2019,7.0,0.89
FEB,1.89,1.85,15240.520451403954,2019,8.0,0.89
FEB,1.81,1.79,14812.63086414069,2019,9.0,0.89
FEB,1.76,1.8,14538.806314380245,2019,10.0,0.89
FEB,1.83,1.86,14920.75369226989,2019,11.0,0.89
FEB,1.87,1.93,15420.394347562902,2019,12.0,0.91
FEB,1.83,1.8,15200.87575406834,2019,13.0,0.91
FEB,1.79,1.81,14978.140256617156,2019,14.0,0.91
FEB,1.8,1.8,15034.133499567819,2019,15.0,0.91
FEB,1.83,1.85,15200.87575406834,2019,16.0,0.91
FEB,1.87,1.86,15420.394347562902,2019,17.0,0.91
FEB,1.85,1.84,15311.02846847612,2019,18.0,0.91
FEB,1.84,,15256.051528051237,2019,19.0,0.91
FEB,,,0.0,2019,20.0,
FEB,,,0.0,2019,21.0,
FEB,,,0.0,2019,22.0,
FEB,,,0.0,2019,23.0,
FEB,,,0.0,2019,24.0,
FEB,,,0.0,2019,25.0,
FEB,,,0.0,2019,26.0,
FEB,,,0.0,2019,27.0,
FEB,,,0.0,2019,28.0,
FEB,,,0.0,2019,29.0,
FEB,,,0.0,2019,,
FEB,,,0.0,2019,,
MAR,,,0.0,2019,1,
MAR,,,0.0,2019,2,
MAR,,,0.0,2019,3,
MAR,,,0.0,2019,4,
MAR,,,0.0,2019,5,
MAR,,,0.0,2019,6,
MAR,,,0.0,2019,7,
MAR,,,0.0,2019,8,
MAR,,,0.0,2019,9,
MAR,,,0.0,2019,10,
MAR,,,0.0,2019,11,
MAR,,,0.0,2019,12,
MAR,,,0.0,2019,13,
MAR,,,0.0,2019,14,
MAR,,,0.0,2019,15,
MAR,,,0.0,2019,16,
MAR,,,0.0,2019,17,
MAR,,,0.0,2019,18,
MAR,,,0.0,2019,19,
MAR,,,0.0,2019,20,
MAR,,,0.0,2019,21,
MAR,,,0.0,2019,22,
MAR,,,0.0,2019,23,
MAR,,,0.0,2019,24,
MAR,,,0.0,2019,25,
MAR,,,0.0,2019,26,
MAR,,,0.0,2019,27,
MAR,,,0.0,2019,28,
MAR,,,0.0,2019,29,
MAR,,,0.0,2019,30,
MAR,,,0.0,2019,31,
ABRIL,,,0.0,2019,1,
ABRIL,,,0.0,2019,2,
ABRIL,,,0.0,2019,3,
ABRIL,,,0.0,2019,4,
ABRIL,,,0.0,2019,5,
ABRIL,,,0.0,2019,6,
ABRIL,,,0.0,2019,7,
ABRIL,,,0.0,2019,8,
ABRIL,,,0.0,2019,9,
ABRIL,,,0.0,2019,10,
ABRIL,,,0.0,2019,11,
ABRIL,,,0.0,2019,12,
ABRIL,,,0.0,2019,13,
ABRIL,,,0.0,2019,14,
ABRIL,,,0.0,2019,15,
ABRIL,,,0.0,2019,16,
ABRIL,,,0.0,2019,17,
ABRIL,,,0.0,2019,18,
ABRIL,,,0.0,2019,19,
ABRIL,,,0.0,2019,20,
ABRIL,,,0.0,2019,21,
ABRIL,,,0.0,2019,22,
ABRIL,,,0.0,2019,23,
ABRIL,,,0.0,2019,24,
ABRIL,,,0.0,2019,25,
ABRIL,,,0.0,2019,26,
ABRIL,,,0.0,2019,27,
ABRIL,,,0.0,2019,28,
ABRIL,,,0.0,2019,29,
ABRIL,,,0.0,2019,30,
AGOSTO,,,0.0,2020,1,
AGOSTO,,,0.0,2020,2,
AGOSTO,,,0.0,2020,3,
AGOSTO,,,0.0,2020,4,
AGOSTO,,,0.0,2020,5,
AGOSTO,,,0.0,2020,6,
AGOSTO,,,0.0,2020,7,
AGOSTO,,,0.0,2020,8,
AGOSTO,,,0.0,2020,9,
AGOSTO,,,0.0,2020,10,
AGOSTO,,,0.0,2020,11,
AGOSTO,,,0.0,2020,12,
AGOSTO,,,0.0,2020,13,
AGOSTO,,,0.0,2020,14,
AGOSTO,,,0.0,2020,15,
AGOSTO,,,0.0,2020,16,
AGOSTO,,,0.0,2020,17,
AGOSTO,,,0.0,2020,18,
AGOSTO,,,0.0,2020,19,
AGOSTO,,,0.0,2020,20,
AGOSTO,,,0.0,2020,21,
AGOSTO,,,0.0,2020,22,
AGOSTO,,,0.0,2020,23,
AGOSTO,,,0.0,2020,24,
AGOSTO,,,0.0,2020,25,
AGOSTO,,,0.0,2020,26,
AGOSTO,,,0.0,2020,27,
AGOSTO,,,0.0,2020,28,
AGOSTO,,,0.0,2020,29,
AGOSTO,,,0.0,2020,30,
AGOSTO,,,0.0,2020,31,
SEPT,1.7,1.75,5320.628931875178,2020,1,0.3
SEPT,1.75,1.45,5405.764400552285,2020,2,0.3
SEPT,1.7,1.8,6157.137241710176,2020,3,0.35
SEPT,1.8,1.85,8045.048390662967,2020,4,0.45
SEPT,1.9,1.93,8296.516616278135,2020,5,0.45
SEPT,1.84,1.8,8146.56721266921,2020,6,0.45
SEPT,1.85,1.62,8171.74986071796,2020,7,0.45
SEPT,1.59,1.8,7489.532459396979,2020,8,0.45
SEPT,1.82,1.8,9738.740624120705,2020,9,0.55
SEPT,2.0,1.87,8540.583839542212,2020,10,0.45
SEPT,1.9,1.86,8296.516616278135,2020,11,0.45
SEPT,1.89,1.9,8271.713820519431,2020,12,0.45
SEPT,1.93,1.8,8370.484052371185,2020,13,0.45
SEPT,1.75,1.84,10750.839241605097,2020,14,0.63
SEPT,1.93,2.0,11405.194097736892,2020,15,0.63
SEPT,1.88,1.85,13107.06282875122,2020,16,0.75
SEPT,1.8,1.86,12753.945693828244,2020,17,0.75
SEPT,2.0,1.98,14729.509416997242,2020,18,0.82
SEPT,1.83,1.87,13919.828752761854,2020,19,0.82
SEPT,1.95,1.93,14496.063430170607,2020,20,0.82
SEPT,1.96,1.95,14543.052413792153,2020,21,0.82
SEPT,1.93,1.93,14401.625529570518,2020,22,0.82
SEPT,1.93,1.93,14401.625529570518,2020,23,0.82
SEPT,1.89,1.89,14210.867100176281,2020,24,0.82
SEPT,1.89,1.88,15095.32755073296,2020,25,0.88
SEPT,1.88,1.9,15043.18464,2020,26,0.88
SEPT,1.93,1.93,15302.122495492582,2020,27,0.88
SEPT,1.9,1.86,15147.290966199309,2020,28,0.88
SEPT,1.83,1.8,14779.710936253243,2020,29,0.88
SEPT,1.93,1.9,15302.122495492582,2020,30,0.88
SEPT,1.89,1.85,15095.32755073296,2020,1,0.88
OCT.,1.89,1.85,15095.32755073296,2020,1,0.88
OCT.,1.9,1.84,15147.290966199309,2020,2,0.88
OCT.,1.86,1.81,15223.970496633607,2020,3,0.9
OCT.,1.85,1.92,15169.888725364548,2020,4,0.9
OCT.,1.93,1.9,15597.293158730065,2020,5,0.9
OCT.,1.99,1.95,15910.31352091896,2020,6,0.9
OCT.,1.95,1.85,15702.326622644938,2020,7,0.9
OCT.,1.75,2.0,14618.070546951838,2020,8,0.9
OCT.,1.95,1.9,15702.326622644938,2020,9,0.9
OCT.,1.85,1.85,15169.888725364548,2020,10,0.9
OCT.,1.8,1.75,14896.535007437185,2020,11,0.9
OCT.,1.72,1.95,14448.416013126709,2020,12,0.9
OCT.,1.95,1.9,15702.326622644938,2020,13,0.9
OCT.,1.85,1.85,15169.888725364548,2020,14,0.9
OCT.,1.85,1.82,15169.888725364548,2020,15,0.9
OCT.,1.84,1.9,15115.613457531725,2020,16,0.9
OCT.,1.95,1.91,15702.326622644938,2020,17,0.9
OCT.,1.91,1.92,15491.547579067475,2020,18,0.9
OCT.,1.9,1.92,15438.403176885982,2020,19,0.9
OCT.,1.93,1.85,15597.293158730065,2020,20,0.9
OCT.,1.85,1.8,15169.888725364548,2020,21,0.9
OCT.,1.83,1.8,15061.142601246629,2020,22,0.9
OCT.,1.83,1.92,15061.142601246629,2020,23,0.9
OCT.,1.92,1.89,15544.510289389613,2020,24,0.9
OCT.,1.9,1.9,15438.403176885982,2020,25,0.9
OCT.,1.9,1.95,15438.403176885982,2020,26,0.9
OCT.,1.98,1.97,15858.572526917687,2020,27,0.9
OCT.,1.95,1.96,15702.326622644938,2020,28,0.9
OCT.,2.0,2.0,15961.886795625536,2020,29,0.9
OCT.,2.0,1.98,15961.886795625536,2020,30,0.9
OCT.,2.0,2.0,15961.886795625536,2020,31,0.9
NOV.,2.0,2.0,15961.886795625536,2020,1,0.9
NOV.,1.99,1.98,15910.31352091896,2020,2,0.9
NOV.,1.99,1.97,15910.31352091896,2020,3,0.9
NOV.,1.95,1.94,15702.326622644938,2020,4,0.9
NOV.,1.94,1.92,15649.898006753774,2020,5,0.9
NOV.,1.92,1.89,15544.510289389613,2020,6,0.9
NOV.,1.85,1.85,15169.888725364548,2020,7,0.9
NOV.,1.87,1.92,15277.860826202035,2020,8,0.9
NOV.,1.91,1.93,15491.547579067475,2020,9,0.9
NOV.,1.93,1.94,15597.293158730065,2020,10,0.9
NOV.,1.93,1.95,15597.293158730065,2020,11,0.9
NOV.,1.98,1.97,15858.572526917687,2020,12,0.9
NOV.,1.95,1.96,15702.326622644938,2020,13,0.9
NOV.,1.97,1.96,15806.662166601787,2020,14,0.9
NOV.,1.96,1.95,15754.580765817038,2020,15,0.9
NOV.,1.95,2.0,15702.326622644938,2020,16,0.9
NOV.,1.8,1.92,14896.535007437185,2020,17,0.9
NOV.,1.92,1.95,15544.510289389613,2020,18,0.9
NOV.,1.94,1.9,15649.898006753774,2020,19,0.9
NOV.,1.89,1.88,15385.0752,2020,20,0.9
NOV.,1.87,1.89,15277.860826202035,2020,21,0.9
NOV.,1.89,1.89,15385.0752,2020,22,0.9
NOV.,1.87,1.88,15277.860826202035,2020,23,0.9
NOV.,1.75,1.7,14618.070546951838,2020,24,0.9
NOV.,1.75,1.95,14618.070546951838,2020,25,0.9
NOV.,2.0,2.0,16113.18903263607,2020,26,0.91
NOV.,2.0,1.96,16113.18903263607,2020,27,0.91
NOV.,1.9,1.95,15583.00405705348,2020,28,0.91
NOV.,1.92,1.92,15835.804191935642,2020,29,0.92
NOV.,1.93,1.9,15889.943851376047,2020,30,0.92
NOV.,,,0.0,2020,1,
DIC.,1.89,1.89,15672.263104658989,2020,1,0.92
DIC.,1.86,1.88,15506.997363705981,2020,2,0.92
DIC.,1.89,1.86,15672.263104658989,2020,3,0.92
DIC.,1.75,1.8,14885.33285142986,2020,4,0.92
DIC.,1.8,1.85,15171.065884460528,2020,5,0.92
DIC.,1.84,1.9,15395.83465905211,2020,6,0.92
DIC.,1.93,1.94,15889.943851376047,2020,7,0.92
DIC.,1.94,1.92,15943.899673368509,2020,8,0.92
DIC.,1.93,1.92,15889.943851376047,2020,9,0.92
DIC.,1.85,2.0,15451.515978810208,2020,10,0.92
DIC.,1.97,1.95,16104.682560612971,2020,11,0.92
DIC.,1.93,1.92,15889.943851376047,2020,12,0.92
DIC.,1.95,1.94,15997.673518014972,2020,13,0.92
DIC.,1.92,1.94,15835.804191935642,2020,14,0.92
DIC.,1.95,1.97,15997.673518014972,2020,15,0.92
DIC.,1.94,1.92,15943.899673368509,2020,16,0.92
DIC.,1.92,1.93,15835.804191935642,2020,17,0.92
DIC.,1.92,1.85,15835.804191935642,2020,18,0.92
DIC.,1.9,1.95,15726.965760000001,2020,19,0.92
DIC.,1.94,1.95,15943.899673368509,2020,20,0.92
DIC.,1.92,1.85,15835.804191935642,2020,21,0.92
DIC.,1.92,1.75,15835.804191935642,2020,22,0.92
DIC.,1.85,1.79,15451.515978810208,2020,23,0.92
DIC.,1.8,1.92,15171.065884460528,2020,24,0.92
DIC.,1.93,1.92,15889.943851376047,2020,25,0.92
DIC.,1.77,1.79,15000.27921363369,2020,26,0.92
DIC.,1.8,1.94,15171.065884460528,2020,27,0.92
DIC.,1.93,,15889.943851376047,2020,28,0.92
DIC.,,1.95,,2020,29,0.92
DIC.,2.0,,16263.876043606047,2020,30,0.92
DIC.,,,0.0,2020,31,
ENERO,1.9,1.89,16437.12364520441,2020,1,0.97
ENERO,1.93,1.92,16610.454874002065,2020,2,0.97
ENERO,,,0.0,2020,3,
ENERO,,,0.0,2020,4,
ENERO,,,0.0,2020,5,
ENERO,,,0.0,2020,6,
ENERO,,,0.0,2020,7,
ENERO,,,0.0,2020,8,
ENERO,,,0.0,2020,9,
ENERO,,,0.0,2020,10,
ENERO,,,0.0,2020,11,
ENERO,,,0.0,2020,12,
ENERO,,,0.0,2020,13,
ENERO,,,0.0,2020,14,
ENERO,,,0.0,2020,15,
ENERO,,,0.0,2020,16,
ENERO,,,0.0,2020,17,
ENERO,1.7,1.92,14851.019802767309,2020,18,0.94
ENERO,1.9,1.86,16012.9644764994,2020,19,0.94
ENERO,1.82,1.8,15558.603229989949,2020,20,0.94
ENERO,1.79,1.85,15384.758631409755,2020,21,0.94
ENERO,1.81,1.75,15500.871664557493,2020,22,0.94
ENERO,1.75,1.8,15149.863026379082,2020,23,0.94
ENERO,1.8,1.8,15442.924277930953,2020,24,0.94
ENERO,1.8,1.82,15442.924277930953,2020,25,0.94
ENERO,1.83,1.86,15616.121367850148,2020,26,0.94
ENERO,1.9,1.89,16012.9644764994,2020,27,0.94
ENERO,1.91,1.94,16068.856319999999,2020,28,0.94
ENERO,1.92,1.9,16124.554429192027,2020,29,0.94
ENERO,1.97,2.0,16400.2078058736,2020,30,0.94
ENERO,1.88,1.81,15900.591407595104,2020,31,0.94
FEB,1.8,1.81,15442.924277930953,2020,1.0,0.94
FEB,1.9,1.87,16012.9644764994,2020,2.0,0.94
FEB,1.86,1.86,15787.418500088692,2020,3.0,0.94
FEB,1.84,1.92,15673.428427839208,2020,4.0,0.94
FEB,1.88,1.84,15900.591407595104,2020,5.0,0.94
FEB,1.89,1.9,15956.876862922127,2020,6.0,0.94
FEB,1.85,1.87,15730.526716857588,2020,7.0,0.94
FEB,1.84,1.88,15673.428427839208,2020,8.0,0.94
FEB,1.85,1.9,15730.526716857588,2020,9.0,0.94
FEB,1.8,1.88,15442.924277930953,2020,10.0,0.94
FEB,1.85,1.87,15730.526716857588,2020,11.0,0.94
FEB,1.88,1.89,15900.591407595104,2020,12.0,0.94
FEB,1.9,1.87,16012.9644764994,2020,13.0,0.94
FEB,1.84,1.83,15673.428427839208,2020,14.0,0.94
FEB,1.82,1.84,15558.603229989949,2020,15.0,0.94
FEB,1.88,1.86,15900.591407595104,2020,16.0,0.94
FEB,1.87,1.86,15844.106002047414,2020,17.0,0.94
FEB,1.9,1.93,16012.9644764994,2020,18.0,0.94
FEB,1.9,1.88,16012.9644764994,2020,19.0,0.94
FEB,1.8,1.95,15442.924277930953,2020,20.0,0.94
FEB,1.78,1.8,15326.372240017034,2020,21.0,0.94
FEB,1.78,1.75,15326.372240017034,2020,22.0,0.94
FEB,1.77,1.78,15267.762571260806,2020,23.0,0.94
FEB,1.8,1.77,15442.924277930953,2020,24.0,0.94
FEB,1.65,1.66,14546.03824573294,2020,25.0,0.94
FEB,1.67,1.65,14668.79179962242,2020,26.0,0.94
FEB,1.68,1.67,14729.78496,2020,27.0,0.94
FEB,1.66,1.65,14607.54396719372,2020,28.0,0.94
FEB,,,0.0,2020,29.0,
FEB,,,0.0,2020,,
FEB,,,0.0,2020,,
MAR,1.74,1.75,15090.56783593234,2020,1,0.94
MAR,1.55,1.6,13916.03778288213,2020,2,0.94
MAR,1.7,1.63,14851.019802767309,2020,3,0.94
MAR,1.62,1.76,14359.940540434305,2020,4,0.94
MAR,1.78,1.79,15326.372240017034,2020,5,0.94
MAR,1.8,1.81,15442.924277930953,2020,6,0.94
MAR,1.83,1.85,15616.121367850148,2020,7,0.94
MAR,1.8,1.8,15442.924277930953,2020,8,0.94
MAR,1.8,1.74,15442.924277930953,2020,9,0.94
MAR,1.76,1.75,15208.927043852245,2020,10,0.94
MAR,1.74,1.75,15090.56783593234,2020,11,0.94
MAR,1.75,1.76,15149.863026379082,2020,12,0.94
MAR,1.77,1.75,15267.762571260806,2020,13,0.94
MAR,1.77,1.76,15267.762571260806,2020,14,0.94
MAR,1.78,1.73,15326.372240017034,2020,15,0.94
MAR,1.76,1.73,15208.927043852245,2020,16,0.94
MAR,1.6,1.58,14234.523810456893,2020,17,0.94
MAR,1.53,1.5,13786.583454948455,2020,18,0.94
MAR,1.46,1.45,13323.59180589276,2020,19,0.94
MAR,1.47,1.48,13390.713600000001,2020,20,0.94
MAR,1.5,1.55,13590.090030560565,2020,21,0.94
MAR,1.55,1.57,13916.03778288213,2020,22,0.94
MAR,1.92,1.92,16124.554429192027,2020,23,0.94
MAR,1.45,1.5,12820.895999999999,2020,24,0.9
MAR,1.55,1.46,13446.669166269303,2020,25,0.9
MAR,1.44,1.35,12756.630452450518,2020,26,0.9
MAR,1.6,1.6,13748.879240841357,2020,27,0.9
MAR,1.86,1.85,13770.264514726645,2020,28,0.8
MAR,1.86,1.88,13770.264514726645,2020,29,0.8
MAR,1.87,1.88,13817.342479457435,2020,30,0.8
MAR,1.88,1.89,13864.260585537835,2020,31,0.8
ABRIL,1.9,1.92,13957.623664573279,2020,1,0.8
ABRIL,1.92,1.93,14050.3663703127,2020,2,0.8
ABRIL,1.94,1.82,14142.50090748352,2020,3,0.8
ABRIL,1.8,1.78,11245.667398138787,2020,4,0.65
ABRIL,1.7,1.8,10710.14584977538,2020,5,0.64
ABRIL,1.93,1.95,11568.279682420558,2020,6,0.64
ABRIL,1.8,,11091.408468430267,2020,7,0.64
ABRIL,,,0.0,2020,8,
ABRIL,,,0.0,2020,9,
ABRIL,,,0.0,2020,10,
ABRIL,,,0.0,2020,11,
ABRIL,,,0.0,2020,12,
ABRIL,,,0.0,2020,13,
ABRIL,,,0.0,2020,14,
ABRIL,,,0.0,2020,15,
ABRIL,,,0.0,2020,16,
ABRIL,,,0.0,2020,17,
ABRIL,,,0.0,2020,18,
ABRIL,,,0.0,2020,19,
ABRIL,,,0.0,2020,20,
ABRIL,,,0.0,2020,21,
ABRIL,,,0.0,2020,22,
ABRIL,,,0.0,2020,23,
ABRIL,,,0.0,2020,24,
ABRIL,,,0.0,2020,25,
ABRIL,,,0.0,2020,26,
ABRIL,,,0.0,2020,27,
ABRIL,,,0.0,2020,28,
ABRIL,,,0.0,2020,29,
ABRIL,,,0.0,2020,30,
